{"type":"FeatureCollection","name":"BD TOPAGE 2026 — Thédirac en omgeving","bbox":[1.12,44.45,1.57,44.81],"source":"https://services.sandre.eaufrance.fr/geo/topage2026?SERVICE=WFS&VERSION=2.0.0&REQUEST=GetFeature&TYPENAMES=sa%3ACoursEau_FXX_Topage2026&SRSNAME=EPSG%3A4326&BBOX=44.45%2C1.12%2C44.81%2C1.57%2CEPSG%3A4326&OUTPUTFORMAT=application%2Fjson%3B+subtype%3Dgeojson","features":[{"type":"Feature","properties":{"CdOH":"05C0000002000886331","TopoOH":"la Thèze","StatutOH":"Validé","SourceNomOH":"IGN;BDCarthage"},"geometry":{"type":"MultiLineString","coordinates":[[[1.166462969970479,44.62060738712912],[1.166604903221141,44.620042424584675],[1.166901818041222,44.619790705584315],[1.166983897767115,44.61912749600719],[1.166814078031233,44.61865011516491],[1.166831189258009,44.61800744055434],[1.166361462210638,44.61733147702119],[1.16390550996317,44.61605251770309],[1.162824903643016,44.61590218809814],[1.161931884327833,44.615528040893935],[1.161588426079073,44.6153125117765],[1.161452554937542,44.61511034028624],[1.161167575148567,44.61402949953876],[1.160985570038873,44.61357982245275],[1.160817821325502,44.61342754790927],[1.160243533019696,44.613254999289815],[1.159864853008134,44.61292181313469],[1.159811403932099,44.612550816996674],[1.159939574201542,44.61209999857136],[1.159909957080269,44.61200315181839],[1.159743440724517,44.611929239764805],[1.15895636936235,44.61190352490971],[1.158592098039566,44.611824515811264],[1.157925258829654,44.61147571548269],[1.157399334564738,44.61140571453869],[1.156568309909276,44.61145219043973],[1.156083281656395,44.6112495909678],[1.155692118036806,44.61118363106482],[1.154919409948826,44.61083484654898],[1.154184276425825,44.61064787402136],[1.153863726185876,44.610466021512025],[1.153824554170311,44.61012227570047],[1.153573804087863,44.60977229381001],[1.153085677692938,44.60935711055742],[1.152835088320083,44.609271877358545],[1.152365856691425,44.60878046394138],[1.152018527672896,44.60853152106645],[1.151721770018107,44.60843200574313],[1.151462511396794,44.608226857546256],[1.151125764577754,44.60811676618119],[1.150756214558132,44.60758468972143],[1.150077039416957,44.60680789592724],[1.149963257817875,44.606625890775746],[1.15002546412725,44.605305895633144],[1.150119996432684,44.60488334178625],[1.15004629625523,44.60470921174706],[1.149695911964464,44.60428551293568],[1.149410597486739,44.60422220279378],[1.149150982670371,44.6040287496076],[1.148853101735069,44.603964327028706],[1.147185423833,44.60396609531705],[1.14668299263748,44.60379738085094],[1.146551360136839,44.60369881943906],[1.14693483598353,44.60330632811259],[1.147022753252823,44.60312409996605],[1.146724306042034,44.602731879393104],[1.146223338485669,44.60232725578841],[1.144695349053595,44.60160912632153],[1.143672810982827,44.601465883309665],[1.142437753566437,44.60004484790626],[1.142232541389646,44.59988471065922],[1.141829024838015,44.59973744753581],[1.140840698519647,44.599207537113315],[1.140743974545339,44.599044719801775],[1.140788526363537,44.59891669763739],[1.14169001972725,44.598103400755384],[1.14213435521606,44.5975849798768],[1.14216338700099,44.597430581818784],[1.142087247801874,44.596987155603316],[1.141801509295688,44.596478970651184],[1.142222387825267,44.59583048342273],[1.142551381850245,44.595675725451166],[1.142559946639123,44.595492167365094],[1.142284984112758,44.595230902124484],[1.141861955382253,44.595026579250714],[1.141455228246381,44.59493959397885],[1.140952594031766,44.59493293910252],[1.140621430387235,44.594809401068325],[1.139997310073126,44.59420636692674],[1.139456149979148,44.593151774523655],[1.139100255378067,44.59274685923925],[1.13891661779599,44.59269784059998],[1.136971056678553,44.592766808068866],[1.136634311498034,44.59266027323188],[1.136462403913946,44.592408835609994],[1.135807182294829,44.59088043846511],[1.135438652163244,44.590172729752474],[1.135343882754688,44.58991358723822],[1.135301227017538,44.58929782571639],[1.135490262303272,44.58895432367047],[1.135859794225123,44.588754345063],[1.136418048004009,44.58799113477421],[1.13776382112726,44.586503691543506],[1.139976457121579,44.58428972379012],[1.140507858206079,44.58384121755585],[1.142055585229583,44.58153317391718],[1.142363666413554,44.581245694243584],[1.143164430409564,44.580842228327285],[1.143052170402893,44.58023340776863],[1.142406052216753,44.579460725695824],[1.142410422500229,44.57928970523227],[1.142549219582776,44.57909212950292],[1.143663608482487,44.57830762235666],[1.144032436414794,44.57766636526922],[1.144091038155231,44.57707212381841],[1.143825521220578,44.57683263349656],[1.143336659559124,44.5766803383321],[1.142474403363156,44.57677209942573],[1.141807601316191,44.57666723251565],[1.141735106062501,44.57634363617873],[1.141827057559967,44.57611465676495],[1.14233266529168,44.575719740439],[1.142811676823342,44.57548196105653],[1.143340549360907,44.57541340999027],[1.143810351345545,44.57503409427785],[1.144150478017327,44.57392409977219],[1.143994984205366,44.5728679114322],[1.143810726652013,44.572265087519455],[1.143442322049223,44.571592531725415],[1.142975829739205,44.57148923706662],[1.142509975817599,44.57125177790869],[1.14163943648257,44.57102371703739],[1.141002244913798,44.57071042847747],[1.140765564744932,44.57051463967556],[1.140655659274589,44.56998870330302],[1.140756968879365,44.56813719795332],[1.14095430979455,44.56792080026008],[1.141698256275395,44.56747767262678],[1.142191064721168,44.56704832562399],[1.142677969431658,44.5663388250266],[1.142560323577877,44.56604778920188],[1.14236663907468,44.56600040741002],[1.139366721811871,44.566442473267486],[1.138701145767532,44.56630428839186],[1.138077278288452,44.56600921677056],[1.137687485625045,44.565415524228236],[1.137400203512282,44.565189158531965],[1.136615495848389,44.564310549077206],[1.13629468996256,44.564107928011204],[1.135537754280227,44.563838511071665],[1.134230162220681,44.563956903180326],[1.133279908484438,44.564201086252744],[1.13218917380417,44.564655401430976],[1.131745458055555,44.56474154687493],[1.131323753419061,44.56473351134547],[1.130587353912118,44.564567063772635],[1.129909432383139,44.564194488283015],[1.129561902623466,44.56373475438791],[1.129367311162618,44.56333524170334],[1.128492552308802,44.563391559108005],[1.127652901169922,44.56330078408055],[1.127290145479015,44.56337657776405],[1.126620367436133,44.563670484511476],[1.126424787192451,44.563908498606246],[1.126011420555992,44.564180637568256],[1.125702098493585,44.564240223559416],[1.125543590202705,44.564158289734834],[1.124672543375214,44.5624343646756],[1.123719761005914,44.56176892445061],[1.123487621595811,44.56170464684173],[1.123149415075432,44.56172411288929],[1.122952353248583,44.56185493688662],[1.12253654659993,44.56261688972138],[1.122243301712941,44.56287484789766],[1.12144392499575,44.56293689372575],[1.121050623472191,44.56321115662311],[1.120769116848747,44.563305420838546],[1.120642989606371,44.56327265758811],[1.120559783653907,44.56316138117706],[1.12,44.56311163038019]]]}},{"type":"Feature","properties":{"CdOH":"05C0000002000886349","TopoOH":"","StatutOH":"Validé","SourceNomOH":""},"geometry":{"type":"MultiLineString","coordinates":[[[1.12,44.46537093923568],[1.120618363590061,44.46551204666762],[1.122276636602931,44.46646597364366],[1.123069483318627,44.46724126156799],[1.123242139933497,44.46734325119207],[1.12430244106574,44.46741082100453],[1.125231045475211,44.467695852618725],[1.127058991166721,44.46854273556034],[1.127380966358869,44.468578820419125],[1.127495420604925,44.46880587858521]]]}},{"type":"Feature","properties":{"CdOH":"05C0000002000886293","TopoOH":"","StatutOH":"Validé","SourceNomOH":""},"geometry":{"type":"MultiLineString","coordinates":[[[1.122979034255783,44.5443120420231],[1.122588618556262,44.54439004886085],[1.121006954643175,44.54431901500842],[1.12,44.5446684809347]]]}},{"type":"Feature","properties":{"CdOH":"05C0000002000886328","TopoOH":"le Caverieux","StatutOH":"Validé","SourceNomOH":"IGN;BDCarthage"},"geometry":{"type":"MultiLineString","coordinates":[[[1.149859949578611,44.65819194501905],[1.149735415271334,44.65791160116712],[1.149503698007069,44.65762946408922],[1.149275364617447,44.65697546832794],[1.14926267790857,44.65670870212958],[1.149763705403969,44.65608942204856],[1.149755794416495,44.655830840595726],[1.149994524953774,44.65536116062827],[1.149686037620635,44.654650893853365],[1.149518769810699,44.65398171138873],[1.148984364525885,44.65369721029164],[1.147707026957856,44.65352363811395],[1.147147956438096,44.653299049686886],[1.146746157934516,44.65324098828163],[1.146017091684005,44.65270016467276],[1.145531640623064,44.65246239363037],[1.144428201374765,44.65210439058904],[1.143399504287262,44.65154591461935],[1.143181566995943,44.65134504211118],[1.141992027108833,44.648931483542064],[1.141349943072514,44.64808951522277],[1.140738109061574,44.64766949461975],[1.140584748626951,44.647423776056144],[1.140323608166194,44.64662152522408],[1.140101838933862,44.646193651336134],[1.139286702129537,44.6460484634665],[1.13905770002727,44.64595455823851],[1.13791787925094,44.64620642816554],[1.137199169433829,44.64608265983956],[1.136910444237956,44.64611651839343],[1.135958995695742,44.64635533234775],[1.134869343779336,44.646729587129094],[1.133195969884498,44.64770273183199],[1.132373481037315,44.64800762961153],[1.131752422552101,44.648096197112125],[1.130577198780429,44.6480439188785],[1.127841362785063,44.64822457082614],[1.126300760016433,44.64819667901316],[1.125548909427114,44.64838655607814],[1.125252311366663,44.648542722319455],[1.124890675509739,44.648871586198986],[1.124477633057299,44.64987316931777],[1.123717884619705,44.65098143581889],[1.123472172097345,44.65150317366458],[1.123514278869933,44.6518298781928],[1.123466370788536,44.651904709469086],[1.122731105247302,44.65239022243621],[1.121430893394552,44.65275447137115],[1.120856420333717,44.653108525024834],[1.120469632124095,44.653508990742424],[1.12,44.65373971635881]]]}},{"type":"Feature","properties":{"CdOH":"05C0000002000886294","TopoOH":"","StatutOH":"Validé","SourceNomOH":""},"geometry":{"type":"MultiLineString","coordinates":[[[1.134784442710626,44.55103435038764],[1.132824798951801,44.551686497064985],[1.131351537106821,44.5529375628198],[1.131009177275099,44.55304612994038],[1.130413419648143,44.553048650359926],[1.12922757105187,44.55288268478203],[1.128808627494305,44.552908003038695],[1.128384998882042,44.55307461700788],[1.128021435235138,44.553328694733494],[1.127397043857769,44.55419428256851],[1.127131640834314,44.55441220188271],[1.126608863144861,44.55460594323768],[1.125861389816734,44.55462567588031],[1.125144174357991,44.55453065453552],[1.12472148864323,44.55440281067184],[1.124290603403119,44.55399117147254],[1.123900530205085,44.5534127328949],[1.123523793170905,44.55322893419573],[1.123003786178828,44.553112036392335],[1.121728122042418,44.55322361504766],[1.121440868387867,44.5540976069586],[1.121137264414356,44.55440311040902],[1.120722292846471,44.55457344493966],[1.12033689772632,44.55464972987562],[1.12,44.5548431925241]]]}},{"type":"Feature","properties":{"CdOH":"05C0000002000886297","TopoOH":"","StatutOH":"Validé","SourceNomOH":""},"geometry":{"type":"MultiLineString","coordinates":[[[1.123462546794757,44.58329544006722],[1.124172440343494,44.58282572896028],[1.124660751758829,44.58204698248251],[1.124786991777581,44.581433183464746],[1.124626888600169,44.58071546854091],[1.124456615376766,44.580265929734416],[1.12448995505906,44.57945244423968],[1.124820929594561,44.57878178849026],[1.12487394488237,44.578513439281856],[1.125322317205632,44.577873591291635],[1.125371362074182,44.577497114798604],[1.125300581342272,44.57720055004255],[1.125087278252966,44.576946591047225],[1.123411025573815,44.575525053884995],[1.123386101669089,44.57532742131929],[1.123457648425107,44.57507019393438],[1.1237141141903,44.57444240138898],[1.123720055396075,44.57403637785916],[1.123463403915731,44.573457500223675],[1.123006233564497,44.57288511999859],[1.12284253346233,44.57246630811993],[1.122134143344749,44.57217511186474],[1.121988983960986,44.571956524332975],[1.121951017855289,44.57146961024489],[1.121991753473493,44.57134333282603],[1.122298535019348,44.571134230637185],[1.12278868891371,44.571017393747844],[1.124188909181841,44.56989935509791],[1.124548957911324,44.569489440711315],[1.12566234682788,44.56858533434958],[1.125772664143443,44.56833596844314],[1.125932775030242,44.56753544416629],[1.126077802182385,44.56730287602122],[1.126457643523048,44.56697883916128],[1.12700142177351,44.56672511865889],[1.127916584221039,44.56647769183591],[1.127993462158776,44.565982823052714],[1.127920801358617,44.56574296056547],[1.12742683989977,44.56540680620891],[1.126547238307716,44.56507671494412],[1.125702098493585,44.564240223559416]]]}},{"type":"Feature","properties":{"CdOH":"05C0000002000886380","TopoOH":"Ruisseau de Rivel","StatutOH":"Validé","SourceNomOH":"IGN;BDCarthage"},"geometry":{"type":"MultiLineString","coordinates":[[[1.189393688012704,44.4521362852928],[1.189589582758479,44.45442030279966],[1.188986908101887,44.45545670769051],[1.188778791102934,44.45677332651072],[1.188607161403625,44.457146888412645],[1.188594367984834,44.45742851463854],[1.188705770847022,44.45771848481351],[1.188985299102944,44.45809765908797],[1.189046812003535,44.45829676565516],[1.189082471697039,44.45910684382501],[1.189542308485694,44.459862659955],[1.189965399567908,44.461138323475176],[1.190581521825175,44.46219744754616],[1.191118678954227,44.462660083389714],[1.191435155394083,44.462671578957945],[1.191550594323412,44.46279683268398],[1.191579659447166,44.462949483406454],[1.191850724272894,44.46320155002175],[1.192746877624075,44.46344765736204],[1.193266034120272,44.463687579396435],[1.193899336217209,44.463739376812356],[1.195162546486526,44.46398877588835],[1.196133432604544,44.46429730851314],[1.19652811806837,44.464498260261635],[1.196702050384181,44.464721712500214],[1.197457181360354,44.46517257458502],[1.197808846657027,44.46569787593786],[1.198024566459602,44.46618853850277],[1.198158809541425,44.4668291425432],[1.198278566238805,44.467095828292095],[1.198201806373366,44.468044535406285],[1.198112579101321,44.46843746889892],[1.197820064893776,44.468817174819954]]]}},{"type":"Feature","properties":{"CdOH":"05C0000002000886378","TopoOH":"Ruisseau des Albenquats","StatutOH":"Validé","SourceNomOH":"IGN;BDCarthage"},"geometry":{"type":"MultiLineString","coordinates":[[[1.2360596637251051,44.45],[1.235745192313601,44.450264133228906],[1.23463360688699,44.45071905553198],[1.234097720928395,44.45105353154321],[1.233041971017672,44.45153094311825],[1.232276609796875,44.451766286869834],[1.231210552314782,44.45192926860863],[1.229683155588094,44.45237296670838],[1.226032432547839,44.453861199292405],[1.225268674562617,44.45428380986255],[1.224691592538967,44.45440597880015],[1.223972442574467,44.45444841912975],[1.222304168163282,44.45529043721496],[1.221198828290065,44.455739926546975],[1.22083905073774,44.455787245188],[1.219851475829733,44.455729880753935],[1.218568690707472,44.455466041021104],[1.21426836587306,44.455294708518515],[1.213045703737132,44.454839986699966],[1.212696005484044,44.4548865417408],[1.211151304847826,44.454717414839386]]]}},{"type":"Feature","properties":{"CdOH":"05C0000002000886371","TopoOH":"le Lissourgues","StatutOH":"Validé","SourceNomOH":"IGN;BDCarthage"},"geometry":{"type":"MultiLineString","coordinates":[[[1.203355002217514,44.472547979098245],[1.20194306820947,44.472499750496226],[1.199756551461408,44.47221284928215]],[[1.208957971038542,44.46677189807745],[1.207500093620661,44.46726505388778],[1.206069724372073,44.4675641444761],[1.205140163506726,44.468168514931904],[1.204989257940824,44.46860457047165],[1.205063021169286,44.47004376837362],[1.204028014297185,44.471313638317355],[1.203968873943111,44.47167104910743],[1.203681462759304,44.472167910791654],[1.203355002217514,44.472547979098245]],[[1.208957971038542,44.46677189807745],[1.208032091519835,44.46761856879446],[1.207724103201488,44.46781435940778],[1.207469010553979,44.46796778835228],[1.206352507326788,44.46836112874806],[1.206299780057818,44.4684377083977],[1.206337800125023,44.468626518030746],[1.205317861115023,44.471562451829854],[1.204443639758692,44.47232259471381],[1.203355002217514,44.472547979098245]],[[1.209371788785869,44.46637072333105],[1.208957971038542,44.46677189807745]],[[1.2104462650812622,44.45],[1.210267591448048,44.450783503953716],[1.211068516026225,44.4519697640689],[1.211071873294776,44.45214180031938],[1.211012769027769,44.45250011185279],[1.21064015534036,44.45354936559824],[1.210375147660266,44.45413754537052],[1.209952797379483,44.45485103059594],[1.209880998385682,44.45513349986269],[1.209900797776387,44.45526258284789],[1.210463023052621,44.45592902575647],[1.210441435793504,44.45629334936643],[1.210617369795904,44.45653391903164],[1.210053080749222,44.45958622160536],[1.208938202691921,44.46172014538446],[1.208958004514086,44.46188884797848],[1.208841103405781,44.46232455887162],[1.208962878305244,44.463203558984674],[1.208637931192416,44.46464977782796],[1.208844564472823,44.46499349918087],[1.208785158312405,44.46555890688963],[1.209109442069526,44.465880227553995],[1.209291953047642,44.466310898388826],[1.209371788785869,44.46637072333105]],[[1.2114757475200348,44.45],[1.211397071156476,44.451398822427315],[1.211193938788949,44.452058240778975],[1.211233538759502,44.452872870536495],[1.211122200635599,44.4543657751762],[1.211264069629625,44.45612031291708],[1.211330510163446,44.4562852692688],[1.211602983930838,44.458283242391616],[1.20996944861676,44.462466245641494],[1.209538588036866,44.4637639757913],[1.209489119766314,44.46461138049011],[1.209396322790388,44.46504028052669],[1.209371788785869,44.46637072333105]]]}},{"type":"Feature","properties":{"CdOH":"05C0000002000886347","TopoOH":"","StatutOH":"Validé","SourceNomOH":""},"geometry":{"type":"MultiLineString","coordinates":[[[1.216752447772891,44.45],[1.216124426807176,44.45085504184959],[1.215896826497976,44.451534781582694],[1.215519777287304,44.45197078721847],[1.214714797369556,44.45262226674015],[1.213892306446634,44.45434496646769],[1.213883960377641,44.45448980017661],[1.213818492378564,44.45457247912347],[1.21318280886292,44.45487732606518]]]}},{"type":"Feature","properties":{"CdOH":"05C0000002000886377","TopoOH":"Ruisseau du Souleillat","StatutOH":"Validé","SourceNomOH":"IGN;BDCarthage"},"geometry":{"type":"MultiLineString","coordinates":[[[1.245339474043742,44.457008366454815],[1.245209739634173,44.457380876523125],[1.245266752537047,44.45870360314221],[1.245099782282111,44.46007318862969],[1.245263808463552,44.46094560801791],[1.24519647609381,44.461616251753206],[1.245357241100763,44.462431892911106],[1.245337580552667,44.46257924942237],[1.245510303034978,44.46325281400008],[1.245848803366333,44.463973137141856],[1.246636747179664,44.46483747279881],[1.247311851521437,44.465448790578094],[1.247833915602181,44.46580555321716],[1.24937480923487,44.46635407879088],[1.249862934052328,44.4667111931238]]]}},{"type":"Feature","properties":{"CdOH":"05C0000002000886311","TopoOH":"","StatutOH":"Validé","SourceNomOH":""},"geometry":{"type":"MultiLineString","coordinates":[[[1.264167994019814,44.71113915974336],[1.264443281973754,44.71159012761766],[1.264621686218234,44.71202967071878],[1.26483796103864,44.71304343118307],[1.265622869252673,44.713759927097314],[1.266025820417728,44.71392112585472],[1.266517598116939,44.71427372120846],[1.266937993557479,44.715222234528035],[1.26725024467296,44.715540498619006],[1.268184115053495,44.71617916169497],[1.268276359301662,44.71634179553645],[1.268465798629319,44.71683463512786],[1.268393215828993,44.71742873675461],[1.268172023338619,44.71813217751345],[1.268184189395055,44.71859883187595],[1.268315646509107,44.7192933799407],[1.268565958284895,44.71981959002332],[1.2694217223984,44.72057768938693],[1.269628856787691,44.72086548755404],[1.269496479076425,44.72102190872979],[1.269489177385644,44.7211361594408],[1.269604265123325,44.72174760348734],[1.269846617249041,44.72236914053853]]]}},{"type":"Feature","properties":{"CdOH":"05C0000002000886307","TopoOH":"","StatutOH":"Validé","SourceNomOH":""},"geometry":{"type":"MultiLineString","coordinates":[[[1.268507738623501,44.51629687321207],[1.268629344507965,44.51680482779074],[1.26880615084205,44.51715427071308],[1.269556457480119,44.51805027043679],[1.270567007615297,44.51887380669844],[1.271714876047723,44.51940594122395],[1.272855427458847,44.519560665286555],[1.274491428349714,44.519894209065406],[1.275214487641181,44.519873097177005],[1.275511048753541,44.51980569703041],[1.276466106845773,44.51923443313356],[1.276984840145027,44.519062446518156],[1.277977184948053,44.519166179669796],[1.278765892157305,44.51946842556218]]]}},{"type":"Feature","properties":{"CdOH":"05C0000002000886260","TopoOH":"","StatutOH":"Validé","SourceNomOH":""},"geometry":{"type":"MultiLineString","coordinates":[[[1.284944270029002,44.73774966274437],[1.284268790036456,44.737651852343376],[1.283702382467536,44.73770611341165],[1.283557595234156,44.73797942666642],[1.282473916453199,44.737885184836074],[1.282124117645093,44.737631218964474],[1.281192031460502,44.73716560260831],[1.280669560684184,44.73702241709416],[1.280159275350869,44.736976673670064],[1.279969090914743,44.73687466414558],[1.280152687350554,44.73653081755006],[1.279301726557128,44.736098863004614],[1.277937062470339,44.73602272362081],[1.276452573840143,44.735733982768664],[1.27577327920361,44.73551449135327],[1.275636784656554,44.73535117457994],[1.275610638951143,44.7350499960586],[1.275197845758404,44.734709478308346],[1.274791586915936,44.734568074220604],[1.273506765196122,44.73374389590813],[1.273009987186826,44.733588466945626],[1.271476971395925,44.73216785646612],[1.270734687201011,44.73194464885458],[1.270348628784556,44.73159912693156],[1.270021961474405,44.731540894647786],[1.269435238195623,44.73081942230837],[1.268751920182915,44.73015857235336],[1.268543006133834,44.729845529847815],[1.267899043339399,44.72938430324619],[1.267812094695816,44.729254169950934],[1.267501486367562,44.72867478392603],[1.267598142126613,44.7281612023324],[1.267570154794265,44.72783928135796],[1.267379851315195,44.72729149392393],[1.265956011500633,44.726806345318046],[1.264733555081801,44.72655036259852]]]}},{"type":"Feature","properties":{"CdOH":"05C0000002000886374","TopoOH":"Ruisseau de la Combe du Pesquié","StatutOH":"Validé","SourceNomOH":"IGN;BDCarthage"},"geometry":{"type":"MultiLineString","coordinates":[[[1.276986976145762,44.45570226338832],[1.27722302757633,44.45653703404796],[1.277250856496666,44.4585120756667],[1.277504529769788,44.4592228647592],[1.277555143863773,44.460532858019526],[1.277967988969387,44.46097150689763],[1.279466945860517,44.46187011481938],[1.280655207100318,44.46248562862788],[1.281167987686733,44.46315362876946],[1.281668494166958,44.463605335671225],[1.282517978225972,44.46486204592433],[1.282708234390491,44.46505589769244],[1.283038502556591,44.4658975274336]]]}},{"type":"Feature","properties":{"CdOH":"05C0000002000886370","TopoOH":"Ruisseau de Payrols","StatutOH":"Validé","SourceNomOH":"IGN;BDCarthage"},"geometry":{"type":"MultiLineString","coordinates":[[[1.271232613172774,44.451852037907834],[1.270146892362889,44.45257964505871],[1.269662727677926,44.452750327225814],[1.269173640017538,44.45304068503648],[1.26860528454762,44.45321004062538],[1.268105207125758,44.45320218421558],[1.26793706439229,44.45327427648599],[1.267629129671935,44.45380608402228],[1.267390297559704,44.45405174489475],[1.26725512013091,44.45403251209262],[1.266903320144648,44.454149437577954],[1.266382254513636,44.45441587000619],[1.26414295637168,44.45483803874671],[1.263173066155029,44.45490019624613],[1.262041371704189,44.45527764111711],[1.261391205379368,44.45561224749615],[1.26087300141094,44.455661699354486],[1.26008364258109,44.455943678695895],[1.259156118651091,44.45601727499472],[1.25873298179668,44.456286119301],[1.258249385750486,44.45717079305463],[1.257644394145606,44.458077857826645],[1.257597830964179,44.458405774632524],[1.257362317322372,44.45866407358791],[1.255892197971306,44.45961597739033],[1.254210263184983,44.46087065146792],[1.253193728116613,44.46150285130928],[1.252538061773734,44.46217407880706],[1.252278795637686,44.46263008420034],[1.251851004902812,44.462721447279385],[1.251714902511367,44.462812932821286],[1.251556438401639,44.462976997730784],[1.250224872920923,44.46387340139907],[1.249745323609871,44.464377229176925],[1.249572884120655,44.46491114357761],[1.249576420774237,44.465162417845235],[1.249877241522954,44.46608652612502],[1.249818624093163,44.467614515533896],[1.250654439393018,44.46880463524749],[1.251676687943003,44.4699445800838],[1.25194254327852,44.47086272670773],[1.251593973906048,44.47217182081342],[1.251257996258452,44.47303270230287],[1.248971410188089,44.47458836784375],[1.247430969857168,44.4749915973549],[1.246383348075286,44.47539904279788],[1.244711033692205,44.475228365536694]]]}},{"type":"Feature","properties":{"CdOH":"05C0000002000886369","TopoOH":"Ruisseau des Fages","StatutOH":"Validé","SourceNomOH":"IGN;BDCarthage"},"geometry":{"type":"MultiLineString","coordinates":[[[1.253342763053402,44.49945376862172],[1.253243040615407,44.50056332761222],[1.253182083744956,44.500703730862256],[1.252963985708428,44.50079932504114],[1.252762032825007,44.50106445658994],[1.252438252317335,44.5016887330955],[1.252220553286422,44.50189328511975],[1.251871764228126,44.50239020247273],[1.251779095457023,44.50314870315629],[1.251832005471396,44.5034718982908],[1.252137595470534,44.50392425796838],[1.252347782707778,44.50416620392482],[1.252659572305938,44.50429630362065],[1.252969147640374,44.504579441781736],[1.252980385483619,44.505029838702576],[1.251210444738321,44.50704939405266],[1.251087403607783,44.5083413751916],[1.250738653784478,44.50981076716362],[1.249863720160539,44.511975959108504]]]}},{"type":"Feature","properties":{"CdOH":"05C0000002000886324","TopoOH":"Ruisseau de Luziers","StatutOH":"Validé","SourceNomOH":"IGN;BDCarthage"},"geometry":{"type":"MultiLineString","coordinates":[[[1.229464516279873,44.66349029398287],[1.229862067497609,44.6639694192501],[1.230993721133845,44.66485920654603],[1.230864897376275,44.6656666973719],[1.230894710984216,44.666123728531005],[1.23110156906966,44.667251763242675],[1.231261414478751,44.667787416232514],[1.231987601417277,44.66889403461441],[1.232232870779657,44.66916090063902],[1.232736150444262,44.66940937524466],[1.233803578574119,44.67042057557692],[1.233344759264937,44.67072572455089],[1.233578869092669,44.6709464837094],[1.23354245607025,44.67122235671638],[1.233609356582913,44.6713828138419],[1.23355222410725,44.67207799055448],[1.233665344025834,44.67225359364369],[1.23366977277365,44.67291733529398],[1.233502615091871,44.67349909342186],[1.233086563743182,44.6739688166252],[1.233037079532616,44.67413822163595],[1.233494148058352,44.67481549493671],[1.2339476251016,44.67488306772659],[1.23460521134228,44.67532400258315],[1.235166630914598,44.67561211495116],[1.235682799635013,44.67597514521097],[1.235944523451855,44.676362932852285],[1.235999675551281,44.676616853756336],[1.235944870612833,44.67695637060013],[1.236119844659973,44.677817340630234],[1.236127197897513,44.678267710115264],[1.236041333202995,44.67843023319069],[1.23557392606964,44.678806396158784],[1.235446055656108,44.67902047832673],[1.235790325897978,44.67987604454446],[1.23592254612506,44.67996640199823],[1.236417289123171,44.680652368538766],[1.238449443133956,44.68081170824802],[1.241026984339072,44.68173520427589],[1.242120742878573,44.6820362434572],[1.242507306121314,44.682227887390184],[1.243020595127584,44.68232248660056],[1.245009576523286,44.68180384048467],[1.245571646518254,44.68179114105807],[1.246054264912021,44.681695233709526],[1.246238927315834,44.681480238683825],[1.246660339603822,44.68124197976399],[1.246864066187231,44.681225396482304],[1.246978673566065,44.681314560900354],[1.247196583183055,44.68120725090287],[1.247726547887897,44.68121204214538],[1.247844850725593,44.681141875196545],[1.248143506511933,44.68123845494938],[1.248739179834724,44.68115963433882],[1.249166935581774,44.68124474680742],[1.251102713589778,44.681176302457764],[1.251515669628736,44.68125036586795],[1.252116407797084,44.68113018411096],[1.25449998877933,44.681518102740625],[1.255646341691279,44.68191619034296],[1.25649969440881,44.68191252910648],[1.256818338630946,44.681771667948986],[1.25713200769297,44.68130204491401],[1.257953845392177,44.680684635748804],[1.258539156165689,44.68049123612121],[1.259855170894667,44.6814034335096],[1.260361280010147,44.68140418706948],[1.260860665046758,44.681213926769736],[1.261999059480086,44.68129844913968],[1.262417705018655,44.68159768575628],[1.262883619042957,44.681796806879646],[1.263556605259522,44.68182988171328],[1.263768634426365,44.68174856172361],[1.264046817108401,44.68181415992493],[1.265026716210638,44.68270121024244],[1.265978222115768,44.682748541988396],[1.266761059392345,44.683067875913544],[1.267978185586108,44.68305631541046],[1.269115449296718,44.68313804469981],[1.27003029394739,44.68285878786904],[1.270469257231321,44.68282692788301],[1.271702745293942,44.68322800996901],[1.272249002342196,44.68319601752606],[1.272471691259036,44.68326072789685],[1.272883030959206,44.6832653474551],[1.274184935394239,44.683576519093386],[1.275324058439649,44.68438131212227],[1.275591085627739,44.68477088595267],[1.27655461311107,44.68488044771647],[1.277158885497178,44.685139294181724],[1.278044391781974,44.68606708005109],[1.278262904510003,44.686392857619104],[1.278155228520183,44.68661180410793],[1.278269962555893,44.687152986774116],[1.278196067077985,44.687753369203385],[1.278230914562514,44.688182548047465],[1.278394902991835,44.68826884540159],[1.278926002427741,44.68832123018976],[1.279009169605144,44.688615185097696],[1.279539722969949,44.68868556834037]]]}},{"type":"Feature","properties":{"CdOH":"05C0000002000886262","TopoOH":"","StatutOH":"Validé","SourceNomOH":""},"geometry":{"type":"MultiLineString","coordinates":[[[1.252031326103567,44.80918671920306],[1.2533643239599173,44.81]]]}},{"type":"Feature","properties":{"CdOH":"05C0000002000886337","TopoOH":"Ruisseau de Clédelles","StatutOH":"Validé","SourceNomOH":"IGN;BDCarthage"},"geometry":{"type":"MultiLineString","coordinates":[[[1.163740857800589,44.54298051813976],[1.163452032365295,44.54295680344494],[1.162941672091065,44.54250527760586],[1.162608878350567,44.54185950091293],[1.162082264730957,44.54136627863248],[1.160970637037946,44.539583733981445],[1.160260758608128,44.53806991306894],[1.160188073599336,44.537557232119596],[1.160252228900017,44.53651555237474],[1.159969062507137,44.535585145221454],[1.16002351245889,44.535266384780435],[1.16013108567798,44.534746803861985],[1.161050926870278,44.533059338983406],[1.16107392785635,44.53188910833285],[1.161255726024624,44.53179578669766],[1.161247633317625,44.53154171880969],[1.161492783623127,44.53131978432261],[1.161353083882032,44.53097077556916],[1.160965128541971,44.53043663554758],[1.159685782183628,44.529366261213035],[1.158645161472964,44.52873568312629],[1.15852002545534,44.52840402270636],[1.15825896116712,44.52803317455458],[1.158024647931011,44.527884288198955],[1.158121944934642,44.526908000462335],[1.158101193156051,44.52642500176464],[1.157990460698856,44.52553619006663],[1.157871021952458,44.52510737347408],[1.156840035724424,44.523336043040985],[1.156295670277282,44.522930742793804],[1.15519476603884,44.521915523900724],[1.155112905347299,44.52064539372566],[1.154890215347882,44.51940982860742],[1.154267017631239,44.51876097382904],[1.153231110608553,44.51791701095971],[1.152542537782347,44.51684383180287],[1.152113595498621,44.51579840898157],[1.151019871935209,44.51476255739872],[1.150603968276108,44.51455028035259],[1.150464837805194,44.51411032072008],[1.150468127121614,44.513932983649546],[1.15078825239736,44.51391853906094],[1.150145343255478,44.513336865432535],[1.149577853669811,44.51287351369634],[1.148810686168118,44.5123978042442],[1.147826481258583,44.51228583704824],[1.147116431208832,44.51191102635024],[1.146242388971169,44.511625303516894],[1.145580864511468,44.51130622660248],[1.144318425858569,44.510547516840624],[1.143761626283811,44.509684506352144],[1.144670415814484,44.507110048319994],[1.145329552476254,44.50608199276255],[1.145812393780588,44.50452059682789],[1.14622381124844,44.50429158905859],[1.146821632858115,44.503021171884626],[1.146733073916084,44.50265229451747],[1.146612705675415,44.50244766772193],[1.146131855129867,44.50218565683853],[1.146089360200381,44.502100299002564],[1.146372669663492,44.50186373539449],[1.147436789865917,44.501681707996255]]]}},{"type":"Feature","properties":{"CdOH":"05C0000002000886257","TopoOH":"","StatutOH":"Validé","SourceNomOH":""},"geometry":{"type":"MultiLineString","coordinates":[[[1.144504211248901,44.53481388475231],[1.145259440930316,44.53512463613418],[1.14609318387344,44.53572845566647],[1.146430587796504,44.53588180049455],[1.147036885778747,44.535936103748554],[1.148104044287111,44.535757709478844],[1.149171505153708,44.53507054089469],[1.149553189297151,44.53475637092174],[1.15022538478361,44.53441285071607],[1.150926383190588,44.53361236761849],[1.151291390913607,44.533460898777875],[1.151924121344686,44.53282225254411],[1.153303997217226,44.53235639106749],[1.153836269572204,44.532055532525696],[1.154490292147075,44.531380309441175],[1.154661495845524,44.531534451595554],[1.154756094409016,44.5315288294183],[1.155941096012954,44.530706692488046],[1.157399902055637,44.52986390205268],[1.158019253741192,44.52909173048207],[1.15831774604638,44.528855385484476],[1.158645161472964,44.52873568312629]]]}},{"type":"Feature","properties":{"CdOH":"05C0000002000886278","TopoOH":"","StatutOH":"Validé","SourceNomOH":""},"geometry":{"type":"MultiLineString","coordinates":[[[1.156998786568367,44.686038229528506],[1.157842955154264,44.68666554427242],[1.158132201822652,44.6871620468765],[1.15811100579795,44.68811895545038],[1.15819424605789,44.68870028102915],[1.158030418326068,44.68965661742652],[1.158075285634467,44.689905910111186],[1.15801017811452,44.69042983488935],[1.157861634712864,44.6910730419521],[1.157807311071666,44.69223201974043],[1.157735780976613,44.692411835600076],[1.15694934474096,44.69310385742665],[1.155866518530923,44.69374771070916],[1.153884798518834,44.69512220466139],[1.151874021773363,44.69784067593099],[1.151470342085382,44.698060869474375],[1.151307301640616,44.698412056170966],[1.151366133320925,44.699235225915366],[1.151279823542214,44.69936436183253],[1.151279965876107,44.699513852824744],[1.151525953561475,44.700712969523615],[1.151561525609387,44.70189866676335],[1.151338241365208,44.702815284606906],[1.150858263173561,44.70358893243483],[1.150263313838156,44.70397973100577],[1.149718305969001,44.70496391398839],[1.149605401457251,44.705287120386416],[1.149625722457902,44.70547567212261],[1.149297040062919,44.706101453836915],[1.149209573228775,44.7072256625266],[1.149249057715124,44.70798367429336],[1.148631190958641,44.709108020712094],[1.148416486830121,44.70918547847239],[1.148191480703423,44.70915379842837],[1.147739344984394,44.70892470245082],[1.147407550661329,44.70891464807474],[1.146887663063382,44.70920942851569],[1.146332596916658,44.709345122871206],[1.146044367943895,44.70958434250483],[1.145302525683179,44.70998436396093],[1.144853575514214,44.710501856301626],[1.144581328823818,44.711175400234836],[1.144506240373972,44.7128788636419],[1.143691980960572,44.71394136042],[1.143747586611956,44.7142466754318],[1.144022954193794,44.714858256179355],[1.144011997040679,44.71545873331834],[1.143983309009616,44.715562715192924],[1.143661209505644,44.71583198049987],[1.143579390353078,44.716168311719734],[1.143663347970814,44.716494814799134],[1.143886499385521,44.716698476006414],[1.144189684684839,44.717884168027126]]]}},{"type":"Feature","properties":{"CdOH":"05C0000002000886274","TopoOH":"","StatutOH":"Validé","SourceNomOH":""},"geometry":{"type":"MultiLineString","coordinates":[[[1.146665696568256,44.69577421748934],[1.146579617687132,44.69608796299287],[1.14658881063917,44.69653748341597],[1.147192688925694,44.69859811019664],[1.147299874337069,44.699254593036535],[1.147080908310831,44.69996144997205],[1.147194001697531,44.70059191659274],[1.147408102703791,44.70126099566975],[1.147992810997319,44.70248650276334],[1.148070652367347,44.7027687722032],[1.148554359312475,44.703495490923636],[1.148816274068401,44.703709696000615],[1.149359928150289,44.70399615099927],[1.150112562897297,44.7042635822867]]]}},{"type":"Feature","properties":{"CdOH":"05C0000002000886256","TopoOH":"","StatutOH":"Validé","SourceNomOH":""},"geometry":{"type":"MultiLineString","coordinates":[[[1.145950283724463,44.53045646707951],[1.14534352171639,44.52915318980802],[1.144896477515142,44.52854505949647],[1.144634478605519,44.52774553585073],[1.143683427855397,44.52665527655107],[1.142586912234921,44.52612355645087],[1.140720428527841,44.52588681820646],[1.139705124095248,44.52560406783091],[1.139430125501055,44.52543104296777],[1.139362983456268,44.52529123776806],[1.139420861036421,44.525139132779714],[1.139395382465846,44.52499552765874],[1.139160941011421,44.524814181134836],[1.138958299542791,44.52450820433451],[1.138775998550571,44.5243871676167],[1.138447713842353,44.523998027973626],[1.138317848374025,44.523928301594715],[1.138127918708048,44.523351494738556],[1.138225007136821,44.5227354070693],[1.138452912207452,44.52246550759715],[1.138275495985991,44.5222346945442],[1.138257130041471,44.52202817605347],[1.138598847536951,44.52120730541709],[1.138634831780468,44.52087923942836],[1.137605560235175,44.51964893457562],[1.137240002000848,44.51878821476849],[1.137129552544133,44.51870260616026],[1.137310528540174,44.51817618301476],[1.137461428284317,44.51734038988223],[1.137477670210982,44.51707682552164],[1.137333923962897,44.516703404309716],[1.137333339619197,44.516453963547505],[1.137472049801795,44.51602587923462],[1.137701729663987,44.515663263801315],[1.138100724602354,44.51547099299719],[1.138648189584127,44.515623404800756],[1.138995072376649,44.51552300029409],[1.13917731605747,44.515377496097095],[1.13946263407688,44.51477719073208],[1.139762893575063,44.514449079048326],[1.141199726041732,44.51354220761206],[1.142006419112096,44.513197407819156],[1.142094523065765,44.51296747064757],[1.142375832085238,44.51287045414082],[1.142486011299514,44.51265799731339],[1.143399516261826,44.512202427336256],[1.143709181576101,44.51131887482181],[1.143548020271668,44.510823606774885],[1.143761626283811,44.509684506352144]]]}},{"type":"Feature","properties":{"CdOH":"05C0000002000886266","TopoOH":"","StatutOH":"Validé","SourceNomOH":""},"geometry":{"type":"MultiLineString","coordinates":[[[1.12,44.78774621616874],[1.120647353547517,44.787924332035736],[1.121089091720203,44.78825332321317],[1.121669753928,44.78892868430369],[1.122096062152046,44.78907639528317],[1.123337943187424,44.78930365490458],[1.1244699700634,44.78963981217179],[1.1249061986558,44.78986963184259],[1.125191206792599,44.79008338407811],[1.12551502365792,44.79046079486295],[1.125436429499088,44.79092145835791],[1.125500973035282,44.791147692150965],[1.125761359427633,44.791227742212094],[1.126387939412003,44.79159045568935],[1.127184004158624,44.79180113061264],[1.127530123049858,44.79177545682434],[1.128090943915506,44.7915687904482],[1.12905911497509,44.79189042582283],[1.129421587904461,44.791943371632094],[1.129538732637281,44.79203360380722],[1.130239612746274,44.79217871023852],[1.131813056275011,44.792364635001256],[1.1322711071312,44.79251013930389],[1.132689873058335,44.7927342300767],[1.134059560973335,44.79364885282004],[1.135684282596942,44.794387633113466],[1.13662591086142,44.7947114565787],[1.137068421458361,44.79471619086784],[1.138703945399135,44.7944050456532],[1.141135188521876,44.79359029496243],[1.141837845060267,44.79353002798294],[1.142398199548797,44.7936042585494],[1.144828915633861,44.7943356908163],[1.145909741172551,44.79481215801236],[1.146584152695481,44.79495671736937],[1.147617632112046,44.79487492620026],[1.149036398919959,44.795076031559624],[1.151534041833616,44.79454584086239],[1.153867442859244,44.79458651903303],[1.154579245714934,44.794671314298384],[1.155441728942214,44.79502067570253],[1.156289062191999,44.79552377462784],[1.15686403444121,44.795616185827484],[1.157197326600387,44.79575050621723],[1.157468402686748,44.79573790052818],[1.157710889514767,44.7955942375548],[1.158913625117496,44.79594382107278],[1.159201426442088,44.79596120741418],[1.15950141758949,44.79610847633581],[1.159600963408191,44.79604258650299],[1.159948148652262,44.79606185712052],[1.160385855668202,44.79644555514237],[1.160973522949762,44.79638235817079],[1.161331852205236,44.79640901374554],[1.161935630521926,44.79627853672588],[1.162620894133843,44.796247568022814]]]}},{"type":"Feature","properties":{"CdOH":"05C0000002000886291","TopoOH":"","StatutOH":"Validé","SourceNomOH":""},"geometry":{"type":"MultiLineString","coordinates":[[[1.13038578233155,44.57548124474643],[1.13044628368165,44.57532828395684],[1.130925030939171,44.574871730360925],[1.130972619310345,44.57461409331905],[1.130935309432221,44.57437122858873],[1.13066635401581,44.57397135931759],[1.129805474134456,44.57303377768749],[1.129681542342401,44.57050128768569],[1.129896837027279,44.56997274112613],[1.129844388226631,44.5695026954336],[1.12911256341508,44.5679045304147],[1.128852983237649,44.56756514894696],[1.128320583090034,44.5670959748294],[1.127916584221039,44.56647769183591]]]}},{"type":"Feature","properties":{"CdOH":"05C0000002000886299","TopoOH":"","StatutOH":"Validé","SourceNomOH":""},"geometry":{"type":"MultiLineString","coordinates":[[[1.120741501148412,44.59999767214101],[1.122110728876679,44.600098393605116],[1.123359617999178,44.600520336454586],[1.123754269338239,44.60059187464574],[1.128188522827465,44.60104438881379],[1.12840977976012,44.601023822836666],[1.128723092708033,44.6008499283404],[1.129305468163076,44.600658075689395],[1.129837234018876,44.6002438391827],[1.130752334824044,44.59971001489758],[1.131017415624337,44.59943174025368],[1.131156518869818,44.59911351328471],[1.131456575077118,44.599034840763395],[1.131952399115151,44.5987154405342],[1.132547788187585,44.59866246915524],[1.132892575270955,44.59852691652915],[1.132932276125266,44.598355591108124],[1.132859926973069,44.59818057134828],[1.132278818788999,44.597383710028915],[1.132127390228255,44.59708488457146],[1.131327444006522,44.59635095584462],[1.131277709872352,44.59553155705329],[1.131325299031227,44.595350460244234],[1.131517785334487,44.595246555609904],[1.132262059634258,44.59514927796145],[1.132672329245229,44.59490046961399],[1.133413732654796,44.59473739913235],[1.134117238652282,44.594386379320795],[1.134691534894704,44.59424569239221],[1.135478358229941,44.5941950373423],[1.136837338946185,44.59441156982129],[1.137374975445145,44.59435039547434],[1.138538765949938,44.59364600580133],[1.13879303028285,44.59323515849895],[1.13891661779599,44.59269784059998]]]}},{"type":"Feature","properties":{"CdOH":"05C0000002000886316","TopoOH":"le Mandalou","StatutOH":"Validé","SourceNomOH":"IGN"},"geometry":{"type":"MultiLineString","coordinates":[[[1.121498263618504,44.751482103304305],[1.12152808765045,44.75108095981728],[1.121250284194758,44.750052314234644],[1.120708336035303,44.74879765042829],[1.120715731243193,44.74846276828686],[1.120845158213869,44.74825783540257],[1.120657237806301,44.74786830837202],[1.121104793022286,44.74797586170965],[1.121491178245051,44.747795998689234],[1.121640959268172,44.746337834437156],[1.121462543967907,44.74604212811417],[1.121582720067945,44.745357041022956],[1.122091746060045,44.744379561779795],[1.122340740013172,44.74403706833997],[1.122575217438976,44.743940180195516],[1.123083757342081,44.743468801439946],[1.123555467836602,44.743230040590696],[1.123814698623326,44.74284539151825],[1.123939923221414,44.74219731151458],[1.124413918545597,44.74173795011453],[1.124553563749896,44.74145303752213],[1.124867151320032,44.74118097553641],[1.125298693550882,44.74059211287439],[1.126595277008619,44.73960002550487],[1.127549751494385,44.73863546188853],[1.128013918440926,44.737975997834106],[1.12812230493245,44.73752845384585],[1.128370943363077,44.73727059473174],[1.12860024541921,44.7367962759108],[1.129446173927571,44.73571189202295],[1.129732111703858,44.73547177065189],[1.130392746525759,44.73524788012196],[1.130596136745514,44.735096418345094],[1.130604844514441,44.73487232811892],[1.13202911220423,44.7342515636302],[1.132413282816766,44.73402029686957],[1.132892732855305,44.73343041510833],[1.13343563680372,44.73309825760441],[1.134053648417378,44.732215326295716],[1.134416004916625,44.73187922193157],[1.135371031464593,44.731271224544926],[1.13814879220439,44.7300589906249],[1.139142967794601,44.729869474252574],[1.140995603949514,44.72900904646945],[1.142415167451777,44.72863752637118],[1.143260677257415,44.72851121991767],[1.144290200984813,44.72820608050604],[1.145372644145243,44.727751427017225],[1.14604769859904,44.72731515931798],[1.145962354679257,44.72691478943303],[1.146174542305048,44.72657073155831],[1.146280096093467,44.726012360112975],[1.146476637336659,44.725452810014936],[1.146826571086279,44.7250300077502],[1.147527711427503,44.72479769146756],[1.148617214815542,44.724816811972104],[1.149860335631419,44.72389021721705]]]}},{"type":"Feature","properties":{"CdOH":"05C0000002000886373","TopoOH":"Ruisseau de Saint-Matré","StatutOH":"Validé","SourceNomOH":"IGN;BDCarthage"},"geometry":{"type":"MultiLineString","coordinates":[[[1.1493703149333472,44.45],[1.149678812809048,44.450586176102235],[1.149718624500489,44.45086778288454],[1.149182059052279,44.45232109512861],[1.148892166120789,44.45268991130199],[1.148859466460268,44.452920776406],[1.149244756078444,44.454476912452336],[1.149297679509612,44.45681625862126],[1.149225322309857,44.45806666429697],[1.148894934265892,44.45851944398911],[1.148779936061024,44.45942066127587],[1.147833542731916,44.46121466404195],[1.147813388896039,44.461484459929274],[1.147880155586267,44.46182595124632],[1.148132426727772,44.462415481022845],[1.149143594945826,44.463828158337925],[1.14965737627748,44.46484168428788],[1.149823899168946,44.46532441861026],[1.150738377689511,44.46592865600424],[1.151282119735279,44.46648885048962],[1.151458619637871,44.46674393593945],[1.151497198581617,44.467140780620134],[1.15174427287528,44.4675834420186],[1.151824004424224,44.46826011606877],[1.151416441872307,44.468995254105344],[1.151496286500721,44.469283836535425],[1.151454760875805,44.4695154565413],[1.151505674318273,44.46991971207894],[1.151544147406694,44.470012203091706],[1.151795828528275,44.470160494526624],[1.151804874308691,44.47022998087408],[1.15171985665368,44.47059954143666],[1.151681154336288,44.472898645565245],[1.151605791351845,44.473472771017015],[1.151466376572759,44.47381350606036],[1.150983852598258,44.474416822625244],[1.150619256641223,44.47468264468249],[1.149982661935005,44.474843951955755],[1.149271403779346,44.47513456817524],[1.148848305768097,44.47561190977754],[1.147214372898154,44.47700178157597],[1.146848874866734,44.477140612752706],[1.146318696477235,44.47704705842349],[1.146016140160974,44.47706898537034],[1.144829670155918,44.47735248339617]]]}},{"type":"Feature","properties":{"CdOH":"05C0000002000886350","TopoOH":"","StatutOH":"Validé","SourceNomOH":""},"geometry":{"type":"MultiLineString","coordinates":[[[1.125789877008667,44.451673677549344],[1.125610331149415,44.451970474316816],[1.125317774662581,44.45336299857397],[1.125617806073931,44.45447565649069],[1.125984620927532,44.45528059438938],[1.12596034652851,44.456050968594695],[1.126012169162183,44.456421935528304],[1.125713049283484,44.45751900365938],[1.125800490832965,44.4577636127208],[1.126269761734513,44.45851266340331],[1.126940550593864,44.459327267782704],[1.126964499648829,44.459704964638824],[1.127552034125946,44.46087022801076],[1.127643357846246,44.46118783844044],[1.127986517211917,44.46176005192155],[1.128183735932961,44.462335189125824],[1.128643008313015,44.462780607205616],[1.128827357059464,44.46306107634098],[1.128932675110922,44.46345005924751],[1.128954625579532,44.46396459125197],[1.129087884924664,44.46430722470656],[1.129142105418655,44.465290541008336],[1.129311832200073,44.466127242584314],[1.129215333399193,44.4663074970671],[1.128455573140927,44.46680966242115],[1.12854733631777,44.46696249672731],[1.127749760121158,44.46830234052859],[1.127671637070586,44.46857295169614],[1.127429332796331,44.468902905906646],[1.12740377741136,44.469370709451404],[1.127285542087929,44.46978921465282],[1.127338027735351,44.47002692640909],[1.127743641023021,44.470461532329374],[1.127950843463988,44.47119171989582],[1.128237214231273,44.47158197777295],[1.128416250846638,44.47198572074792],[1.129786530378454,44.47249341878149],[1.130725039489515,44.47347102276627],[1.131189911358552,44.47382647968077],[1.132036310374812,44.47473857856831],[1.132416730956333,44.47487198727753],[1.133410443768069,44.474789763780805],[1.134643616327309,44.47503484687839],[1.137980578712913,44.477119078288126]]]}},{"type":"Feature","properties":{"CdOH":"05C0000002000886379","TopoOH":"Ruisseau de Combe Longue","StatutOH":"Validé","SourceNomOH":"IGN"},"geometry":{"type":"MultiLineString","coordinates":[[[1.1744363099751574,44.45],[1.1742635507603,44.45030102829274],[1.17399442959813,44.450499168272145],[1.173282967791036,44.450848454185085],[1.172184876032861,44.451180519346],[1.171862810786255,44.45146061666643],[1.171760788448335,44.451738960678156],[1.171750882871821,44.452162002366755],[1.171418237458982,44.45292455826799],[1.171510409310669,44.45368965956463],[1.171041033778944,44.455181103715105],[1.171068972272123,44.45567770965345],[1.17092386133684,44.45662706705251],[1.170592343176732,44.457353623654946],[1.170540870201294,44.458750253848386],[1.170416317631663,44.45894718418107],[1.16998959563407,44.45935160260427],[1.169891052523695,44.459871322421165],[1.169545543881119,44.46040765185976],[1.168606570633618,44.46109980400687],[1.168201368526723,44.461654047433825],[1.167530944314793,44.462128243958446],[1.166884432665396,44.46353209250765],[1.166871097838132,44.46394337378879],[1.167197471780247,44.46477450787912],[1.16734530506784,44.46545049813322],[1.167402005261792,44.46742521647629]]]}},{"type":"Feature","properties":{"CdOH":"05C0000002000886372","TopoOH":"Ruisseau de Combe Rantès","StatutOH":"Validé","SourceNomOH":"IGN"},"geometry":{"type":"MultiLineString","coordinates":[[[1.182070256053549,44.452242647232424],[1.181780896306735,44.45260165030216],[1.181549557924825,44.45322813910249],[1.181560048078103,44.45360559497642],[1.182003325744426,44.45502839350644],[1.181932068257046,44.455524259378],[1.181322519992643,44.457512274744154],[1.181293930106752,44.458049364572986],[1.181406076599577,44.458784171621545],[1.181368089668213,44.45945707298033],[1.181099640423094,44.460102760663055],[1.181121769951854,44.46090001450351],[1.180855470215703,44.46241646297052],[1.180451555019008,44.46359837815589],[1.180320886175718,44.464493960852494],[1.180196435138112,44.46476654110373],[1.179940608080004,44.465018943574606],[1.178910212626642,44.46550617482793],[1.178748859983344,44.46551881689165],[1.177965567591981,44.46547796032307],[1.176595475236631,44.46515185891165],[1.175302076764874,44.4652160008615],[1.174599271218248,44.46544748571064],[1.172859251351021,44.46618043625811],[1.1719199376986,44.466298130356115],[1.171249372470129,44.466542735231485],[1.169517994443606,44.46677332981303],[1.167663254561043,44.46727918440043],[1.16747962762571,44.46735807286985],[1.166611916032942,44.4680586005024],[1.165286945270414,44.46866687143956],[1.164863795965819,44.4690740343668],[1.164560039303893,44.46975421812097],[1.164368187299669,44.46989239429409],[1.163354466123706,44.47009161926067],[1.162617534882265,44.470092847351026],[1.160785845984462,44.47034864929158],[1.159946043460254,44.47053543679903],[1.159416349082,44.47073730035154],[1.157974880404862,44.47159746841185],[1.156779957460502,44.47260851398962],[1.156245992096103,44.47282469881928],[1.155409150715654,44.473381587718315],[1.153747698009165,44.47415788302704],[1.15286231660119,44.47442849753206],[1.15190892293157,44.47462502851679],[1.151487298997918,44.474635069458046],[1.150897903072271,44.47446850797112]]]}},{"type":"Feature","properties":{"CdOH":"05C0000002000835176","TopoOH":"le Lot","StatutOH":"Validé","SourceNomOH":"IGN;BDCarthage"},"geometry":{"type":"MultiLineString","coordinates":[[[1.195886364094758,44.4678238810861],[1.195485625216585,44.46765434335029],[1.194725294309738,44.46756265731689],[1.192917973682251,44.46741779221775],[1.191468694134608,44.467401231042096],[1.189924397985933,44.46744612161886],[1.188090009301564,44.46759697751734],[1.186401386229601,44.46794649709284],[1.18444345379393,44.46873277296949],[1.183525505423488,44.469241709993675],[1.180693652686221,44.47131375953582],[1.180256809220103,44.471758573166674],[1.178627971942172,44.473837817849805],[1.178251928188888,44.474658214239035],[1.178026899415293,44.47555314094047],[1.178056485372046,44.476039870657544],[1.178268622656202,44.47698884423499],[1.179203494870647,44.47920047477324],[1.179306461517123,44.47998646440289],[1.179162842796795,44.48065762775107],[1.178958161456148,44.48103783859308],[1.178875593296979,44.48687948846216],[1.178736247140402,44.488549323891554],[1.178456628634617,44.48996561791027],[1.177025010361091,44.4942191141858],[1.176730720078203,44.49546407969641],[1.176458857136372,44.497027276545786],[1.175901919866337,44.49845699513205],[1.175152500273523,44.499729550201565],[1.174251609804573,44.50078258449917],[1.173807761771618,44.5013965528217],[1.173245376787974,44.502913516703664],[1.172314879579108,44.502895402959865],[1.170958514851043,44.50382830914104],[1.169195642379856,44.50476255842317],[1.1681425458329,44.50514848270339],[1.165115216097641,44.50611479274836],[1.163180643202942,44.50682908245198],[1.160689326245692,44.50748183185114],[1.159919170882583,44.50759955634573],[1.158228274901103,44.5076289708285],[1.157399529026879,44.507498072190955],[1.156355369710093,44.50722039389237],[1.15517954631823,44.50677481857338],[1.154554698444091,44.506488826019904],[1.153148917127861,44.50568820069084],[1.151128715342984,44.50474669414551],[1.149209864488806,44.503670880142856],[1.148500712155133,44.50315652112796],[1.147993220288439,44.5026320362333],[1.147611342271496,44.5021141606706],[1.147283340593874,44.50129643364578],[1.147224759557019,44.50081910430276],[1.147295276578664,44.49989641293403],[1.147440716292285,44.49925952660018],[1.148234014145576,44.49731974324817],[1.148403415704737,44.4966805575173],[1.148497803237814,44.495527749967216],[1.148861939743572,44.494896335137454],[1.148889273263096,44.49448438269128],[1.14863383308163,44.494025362630296],[1.148813287444991,44.49281005143881],[1.14926423359556,44.49098698413744],[1.149562084102423,44.488268093431664],[1.14956524791863,44.48755678447159],[1.149377552175679,44.48560594479143],[1.148963532121868,44.483537850008425],[1.148659526392413,44.48252783720009],[1.148150233212556,44.48168006052595],[1.146891441239504,44.48002368577562],[1.145724402802968,44.478256282627854],[1.144829670155918,44.47735248339617],[1.144412670954514,44.47702940693965],[1.143576252411212,44.47664884280543],[1.143106284112676,44.476522069256816],[1.140831025487198,44.47614515812775],[1.140044415207137,44.476201227341974],[1.138751112780181,44.476635035142664],[1.137936804435132,44.47714985508001],[1.137074735572159,44.47793039795928],[1.13585761265054,44.47917947459991],[1.134815351370876,44.480463913751436],[1.134132941266839,44.481590550197595],[1.133767642803667,44.482826103408904],[1.133711505751804,44.483383438992384],[1.133728324207008,44.48375021118501],[1.133869080477475,44.48421092779229],[1.135943778488984,44.48880865400986],[1.137116415801405,44.49097607018493],[1.137476311530261,44.49192673398236],[1.137613908970613,44.49256118263532],[1.137721212187453,44.49377141645508],[1.137712146097871,44.49446642148104],[1.137503422422682,44.496218802736756],[1.136654509857268,44.5008643759548],[1.136514230747119,44.50145541398274],[1.136238396027677,44.502112597390266],[1.135547048464556,44.50315986480907],[1.134378205700139,44.504377347491705],[1.132219491580629,44.506113844142476],[1.131103188444675,44.50718450820465],[1.130391764493897,44.50769292639975],[1.128760072729498,44.50847928909126],[1.126754449148703,44.50927008596922],[1.124779536407824,44.509854260713496],[1.123751604804648,44.510076310349035],[1.122599300027483,44.510216092048005],[1.121611236030126,44.51026050649644],[1.12,44.510220392181274]],[[1.198758191334971,44.47477450277274],[1.199445017552864,44.47401854581333],[1.199649831871958,44.473273624978766],[1.199756899024572,44.47243886514152],[1.199756474350558,44.47185987598649],[1.199650105669125,44.47125124348908],[1.199396444412503,44.47052945170673],[1.199112550125331,44.46996744363435],[1.198272074111749,44.469114503549804],[1.197820064893776,44.468817174819954],[1.196838240124307,44.4684940719431],[1.195886364094758,44.4678238810861]],[[1.198758191334971,44.47477450277274],[1.198612883378708,44.4740067548605],[1.197646059276846,44.4715930841917],[1.197414821484961,44.4708392381034],[1.196726247359123,44.469363864638844],[1.196141218495171,44.46858531983666],[1.195886364094758,44.4678238810861]],[[1.383909249393587,44.489409048817876],[1.383879170768862,44.48887737202635],[1.383943804936475,44.48859649391275],[1.384263241281187,44.487894360241135],[1.384839628081118,44.48700330382674],[1.386396684380283,44.48590509940107],[1.387177745273989,44.484803632488145],[1.38773776788303,44.4836016869293],[1.388104366073585,44.482610306501336],[1.388150962064508,44.482255330931224],[1.388109608017327,44.481897269137114],[1.387941618950648,44.481349173501364],[1.387689530533543,44.48097182379089],[1.386870548268427,44.480143187659266],[1.385388121527349,44.478942874296465],[1.384839027189271,44.478617893862086],[1.383316634482167,44.477982415388865],[1.382814393375617,44.47777876465152],[1.382209298921378,44.47765373792582],[1.380647298782951,44.47756868346952],[1.379788052479424,44.477623591703754],[1.379128023923604,44.47774805109232],[1.37861539634609,44.47790708827984],[1.377429725444242,44.47855594244908],[1.376121870418687,44.47903551123298],[1.375870355468497,44.479122747385446],[1.375041369720956,44.479217682292386],[1.373911737932306,44.479183923150444],[1.372830626037222,44.4789500794468],[1.371924633629176,44.47848740814316],[1.371357971542644,44.47807656219628],[1.370328043575972,44.476984469167306],[1.370039109538131,44.476188748410614],[1.370131371169942,44.47490794535214],[1.370409280095506,44.474166523639],[1.370722447866213,44.473684936940906],[1.371128248178974,44.47326144300077],[1.373532502099978,44.471952642465226],[1.37485766174034,44.47104117329095],[1.376120186601688,44.47003242449915],[1.376839997854369,44.46931190355818],[1.376936787902145,44.46913775161433],[1.376991295775045,44.46864063622566],[1.376725558667004,44.468042464281126],[1.376474661197154,44.46775964799521],[1.375964242960645,44.467363160646016],[1.375495162081567,44.46714735868392],[1.3740941015915,44.466679210126614],[1.373348032186212,44.466520540465964],[1.371775884338679,44.46636227439834],[1.370288504329694,44.46631688776893],[1.369289238924182,44.46639305197207],[1.367787404079048,44.466804818482444],[1.366560383794692,44.467408819506154],[1.363623971289899,44.46946680196094],[1.362865353294177,44.470088519649444],[1.361919575854312,44.47118016114778],[1.361445777170152,44.47190874665186],[1.361094859309404,44.47264906146317],[1.360935293911949,44.473294977029],[1.360915539587593,44.47371607030437],[1.361025692966266,44.47434078421185],[1.361258255827833,44.47503754861652],[1.363531740009523,44.477214264535775],[1.363991052015445,44.47785586218109],[1.364115132880259,44.478348421242366],[1.364106996324849,44.47906411908573],[1.364050059303761,44.47955399293294],[1.363795385066519,44.48035787441802],[1.363213500347607,44.48090838870912],[1.361621535732035,44.481334049282374],[1.359466331472663,44.482228523506066],[1.357863723262551,44.482715200173175],[1.354187648188639,44.484435998786125],[1.353194603090654,44.48484796695139],[1.352050391221319,44.48522435272364],[1.350156772166531,44.48567865884889],[1.346625222576122,44.48618492470965],[1.346000120168415,44.48614133619107],[1.345368182913261,44.48594457221593],[1.344707718925873,44.48564833153372],[1.343572966746464,44.48501271372411],[1.342418936351108,44.48426334286632],[1.338775680711652,44.48103908680753],[1.336544261245785,44.47857074759354],[1.335983186617564,44.47780774115633],[1.33556125182242,44.47693248052317],[1.335399845029802,44.476733755400204],[1.334935370124946,44.47644941749521],[1.334453280737804,44.47629356971272],[1.334098501316331,44.476255795722636],[1.332988544212729,44.476282240730214],[1.332203072265693,44.476392818722694],[1.331122531826702,44.47670061713591],[1.33015766751856,44.47709389491779],[1.32905243390616,44.47768312747173],[1.328674508236205,44.47796012842675],[1.327925198389831,44.4791003924114],[1.327476265197722,44.479523980148876],[1.324654210126692,44.48164212804701],[1.323500991656352,44.48291129076043],[1.322840588631077,44.484143818410985],[1.32203477685861,44.48624843246197],[1.321912363880984,44.48689756914506],[1.321877393681955,44.487524625679065],[1.321943025905697,44.487983034758464],[1.322419541804774,44.48896453233074],[1.323620116801345,44.49025957487896],[1.325094692869073,44.492540217964354],[1.326159521696754,44.49404837075803],[1.327096760703667,44.495746367034556],[1.327292606989601,44.49643995633795],[1.327322903243282,44.496946449794294],[1.327085435904391,44.49765867993874],[1.326861696893911,44.49799204249486],[1.32619470271367,44.49859420749503],[1.325395083124469,44.4990863054265],[1.323426513617098,44.50005046557219],[1.321881260224304,44.50061134153392],[1.321169142542736,44.500739170972714],[1.319445013097555,44.5007984585482],[1.317468175849902,44.50064046556298],[1.316003179283599,44.50036329238808],[1.314490919692762,44.49981525119406],[1.31244499875243,44.49864403874934],[1.311038652380218,44.49750149107418],[1.309798616104196,44.49605803191751],[1.30913361952314,44.49507448572568],[1.308287804234273,44.49340834543557],[1.307932669673689,44.49249707581015],[1.307230838314573,44.49030999350158],[1.306606339537635,44.48902811536028],[1.306025268100769,44.487599232404506],[1.305391973112961,44.48539608569829],[1.304971954312368,44.48421908852983],[1.304370185624403,44.48318966532401],[1.304021255393509,44.48291417471401],[1.303710803765647,44.48278154070563],[1.302968937601177,44.48264947119179],[1.301307360725508,44.482653603363914],[1.300596409306484,44.48279031840192],[1.299974922053049,44.483088682462345],[1.299211545991563,44.483629768745644],[1.298784437949819,44.484030170074675],[1.298456917411863,44.48454826050233],[1.298212289219703,44.485195488811925],[1.297744102693737,44.485998640704],[1.296517597703064,44.48738075650698],[1.295476788783633,44.48827590141083],[1.293116432961806,44.490004223948226],[1.292186829799415,44.49058771421022],[1.291223220975019,44.490880734017324],[1.290275418729571,44.490858842465435],[1.289627200402647,44.4907056249639],[1.288962469303298,44.49047471102593],[1.288461210227209,44.49012117104382],[1.288204894627249,44.48990379287964],[1.287784969517154,44.489315601167085],[1.287407505907698,44.48840571575979],[1.287345005767755,44.488102203122025],[1.287306288015018,44.48485557954956],[1.287234584323028,44.48415033633407],[1.286923313985586,44.482510336812666],[1.287008962009259,44.48109530572579],[1.287180140187524,44.48055140959823],[1.287516289461897,44.47995875147172],[1.288353352988555,44.47881380814199],[1.288671693999468,44.478268593059454],[1.289106314385769,44.4781195647842],[1.289544133196601,44.47774007734902],[1.290144021204702,44.47761521858748],[1.291105945752832,44.477204232473035],[1.293340337730563,44.47492566667921],[1.29421839686901,44.47383264253408],[1.295839998881804,44.47135006190627],[1.296178850450514,44.470537722764384],[1.296219899569738,44.46971808020868],[1.296140468781762,44.46697149339674],[1.296196946580592,44.465013969917685],[1.296031435693138,44.46424786285891],[1.295681771652465,44.463376262071364],[1.295063835510775,44.46260405896731],[1.293859031262687,44.46203166659018],[1.292486922930616,44.46162954849913],[1.291186458598698,44.461395099805955],[1.289999817248634,44.46142982358838],[1.288944731282816,44.46164575862928],[1.286544313489174,44.46240263912448],[1.28538883830205,44.463067187102936],[1.284318876359271,44.463896029401695],[1.283700762024768,44.464584229404515],[1.283316934815247,44.46521664741349],[1.282807711168897,44.46662416988644],[1.282798016638979,44.46806108271855],[1.283094847196498,44.470211398225345],[1.283946333018796,44.47434766644765],[1.284760989761094,44.47663479960131],[1.285053380406887,44.47781619536314],[1.285014036756375,44.47927876559676],[1.284806961607095,44.479886029837076],[1.284478955144796,44.48045809712317],[1.28380944814044,44.48101044281282],[1.282435367826777,44.48173639973666],[1.281498324883145,44.48244123855719],[1.280428386869133,44.48308997251316],[1.277322256604725,44.48451819042346],[1.276182926831622,44.484923587003564],[1.273960498140325,44.4855389331967],[1.270014928621418,44.48615063019121],[1.266041099680864,44.48657355387457],[1.262302626812966,44.48645798593653],[1.261277925816395,44.48628065895818],[1.260095103916975,44.485887426263496],[1.258682380704069,44.48552656809511],[1.257900113003094,44.48544217946807],[1.255109871598389,44.48533413761215],[1.252593967318141,44.48485579308619],[1.251386689599997,44.484564727396055],[1.250570958294641,44.484261851626],[1.248165097835335,44.4831575502085],[1.246828689464588,44.48228720631723],[1.246162354816167,44.48150854358991],[1.24544497467894,44.480024928077654],[1.244757498158181,44.47822753425158],[1.244629241306276,44.4772953488671],[1.244776836160555,44.473676174283455],[1.244681390065072,44.47213312268405],[1.244372363596887,44.470786566031194],[1.243852230231474,44.469516784656165],[1.243189069311174,44.46888492529232],[1.242822340817172,44.4686683812493],[1.242296919516311,44.468500630399625],[1.24065735128071,44.46841595134552],[1.239301233159118,44.4686374180206],[1.238859003991704,44.46886716725299],[1.238460250021456,44.469154336367666],[1.237382133426085,44.47021852003971],[1.235371034336528,44.47272916349105],[1.234126664611785,44.473877999940285],[1.233781612374137,44.47433619519925],[1.233277560871705,44.474811651554454],[1.233133251888239,44.47524424761667],[1.232923124166151,44.47633400453322],[1.232898522634936,44.47804623259572],[1.232427786667259,44.48079311346338],[1.232636600882129,44.48372827467165],[1.232391934704183,44.485036287542606],[1.231929832831468,44.486740608803274],[1.231663621681613,44.488173437559645],[1.231144311682302,44.48953377460062],[1.230586286200269,44.49076382619242],[1.229830396689385,44.491964587876105],[1.227825474615025,44.49396198327856],[1.226677187986268,44.49495562313848],[1.225358092976838,44.49597892005424],[1.224458328168218,44.49690810348257],[1.224022988947452,44.497750212324924],[1.223671836636827,44.49807502057339],[1.222690265921254,44.498403178802185],[1.220632266627073,44.49971346295296],[1.219661609435297,44.500212855725096],[1.218517456269412,44.50058787852326],[1.217354246221903,44.50064922678278],[1.215639113428025,44.50061789508237],[1.213899065406695,44.500419550725866],[1.210120444600508,44.49975680612096],[1.207054848007852,44.49930542189311],[1.204772276802573,44.49872172587292],[1.203617108973338,44.498332835677125],[1.202371437221837,44.49766512027685],[1.200970495783721,44.49673823050831],[1.198936970614259,44.49521390308144],[1.196683620027991,44.49305202821036],[1.195889974047692,44.49194410499463],[1.195278018788106,44.49093819844861],[1.194668412931284,44.489426275795545],[1.194132995079001,44.48787684581562],[1.193958225645626,44.486575540411266],[1.193990945295554,44.48503991580297],[1.194666506331562,44.481925533505354],[1.195062992833134,44.48077405305885],[1.195653707127243,44.479447462607176],[1.196438284432239,44.47831133317601],[1.197539067659421,44.477038999192814],[1.198505686938356,44.47547632286013],[1.198758191334971,44.47477450277274]],[[1.391210956530352,44.493079575813994],[1.388248471599176,44.492199854927634],[1.385501306275481,44.49109540411841],[1.384589384879624,44.490433763514005],[1.384088627405804,44.4898222595261],[1.383909249393587,44.489409048817876]],[[1.394212432909483,44.494449601184186],[1.392264494892533,44.49495786474546],[1.391941031480641,44.49509631334337],[1.39163246982924,44.49510892222152],[1.390864548087234,44.49495185749403],[1.383803172656299,44.49087514729057],[1.383529102445202,44.49051817385061],[1.383369895166243,44.49010345693019],[1.383418329188636,44.489685480599185],[1.383909249393587,44.489409048817876]],[[1.394212432909483,44.494449601184186],[1.393948969182805,44.494247677454155],[1.393517717974321,44.49419547707515],[1.392927961384418,44.49423190615096],[1.392460017786541,44.49383341343127],[1.391210956530352,44.493079575813994]],[[1.394212432909483,44.494449601184186],[1.393066696315197,44.49466161737468],[1.392263900458,44.49489032605291],[1.391943636337578,44.494872151598955],[1.391434788268417,44.494452348857976],[1.391123161823644,44.493512288064345],[1.391210956530352,44.493079575813994]],[[1.396779415316058,44.49442301271237],[1.393321948149806,44.493294026787616],[1.39241473039961,44.493125939575044],[1.391210956530352,44.493079575813994]],[[1.396779415316058,44.49442301271237],[1.394212432909483,44.494449601184186]],[[1.442741630949621,44.451810086444],[1.443377659136953,44.45089708994128],[1.4438303158628236,44.45]],[[1.429319281604763,44.45],[1.429045307462755,44.4508188992368],[1.428841671254262,44.451814512475494],[1.428640980496788,44.45419674666054],[1.428643922219348,44.45716713133593],[1.428720737678895,44.45761481346807],[1.429004412827229,44.45835446504596],[1.429118352740695,44.459140317839704],[1.429089403036076,44.459865610060085],[1.428905047726075,44.46057338141286],[1.428379251500937,44.46117184167071],[1.427700574882027,44.46175191260185],[1.425962402336237,44.46308668244086],[1.42504481497154,44.46362100898917],[1.42484947801779,44.463818102783804],[1.424603799542597,44.464107216147504],[1.424275690095162,44.465098348683156],[1.423046562289624,44.466838320272934],[1.422827362903769,44.46734930322429],[1.422749556237712,44.46788481828484],[1.422822746233606,44.46837117168886],[1.423121104215928,44.469124557993766],[1.423504661126225,44.46984404690176],[1.424059282778233,44.47128358558196],[1.425044764646049,44.47441029501854],[1.425116835534074,44.47570517781685],[1.425020452826178,44.476140488173264],[1.424754304067755,44.476756151844384],[1.424483073731032,44.47701248846381],[1.423717361411196,44.47723294483753],[1.421238891008307,44.47745139746806],[1.419224448921915,44.47726497056055],[1.418100748826618,44.47702015783218],[1.417105394308827,44.4769077321776],[1.413980386757477,44.47668275196832],[1.410142638587987,44.47604583547744],[1.409079494600261,44.476019697296984],[1.408234400564309,44.47619928429741],[1.407599853712072,44.476493553935846],[1.407026017342285,44.47708762657803],[1.406714298273223,44.47766207396894],[1.406499510972713,44.47836667732835],[1.406390607357684,44.479107025621865],[1.406454299351432,44.479568946255164],[1.407022366416478,44.48047484369818],[1.407593105928029,44.48110795825987],[1.408538859371587,44.48235874867248],[1.408809912120572,44.48291640084669],[1.408874189117481,44.48322436189609],[1.40887743020419,44.48382406981693],[1.408751640012444,44.484494848033094],[1.408569766968135,44.48496853145263],[1.407521911323067,44.486670455975805],[1.406852074676518,44.48843545898738],[1.405942907996956,44.49025552690906],[1.405340784058602,44.49108869304413],[1.404533637476135,44.49200983104398],[1.403507424703375,44.49235784211188],[1.402653470424765,44.49253005998327],[1.401547119266081,44.49286428706355],[1.397502445838904,44.494300260243804],[1.396779415316058,44.49442301271237]],[[1.49795573509139,44.45782542836557],[1.496006393348366,44.45691109263392],[1.495302273534165,44.45682225176144],[1.494204578110116,44.45678475366659],[1.493300433721535,44.456890346881],[1.492355587454282,44.45710792145587],[1.49180208557705,44.45735785388793],[1.490611266971385,44.45821850937594],[1.489974590307493,44.458804930716],[1.489614935118262,44.45927989786885],[1.488755683493091,44.46085546546112],[1.487683364545336,44.46174652836055],[1.486055688052325,44.46285864971134],[1.484516697481197,44.463520883500564],[1.482963357142434,44.46499773217359],[1.47886855400805,44.46845095302611],[1.476960173015378,44.46984089167959],[1.474127175706106,44.472966532157386],[1.472893454124944,44.47399658736677],[1.471866237729242,44.47441003420053],[1.469861403349485,44.474703665865356],[1.468488296582658,44.4746080713849],[1.465827909956164,44.474081284617924],[1.4639544013687,44.47333580164911],[1.462206808843477,44.47216976634754],[1.46170687640046,44.471410979201444],[1.461546184512693,44.47126287638895],[1.460995899243585,44.4711534545356],[1.460581925450261,44.47116388233132],[1.459704589758056,44.471382126037874],[1.457520230454062,44.47069881715957],[1.455414253415403,44.469725741009675],[1.451736900824948,44.46888093219689],[1.448812807120215,44.46776118029344],[1.445691383226241,44.46641437411676],[1.44182847376613,44.46506150307162],[1.440543852787251,44.46432033656137],[1.440004546809554,44.46372566064513],[1.439751696517826,44.46231839461973],[1.439671971158941,44.45996818432266],[1.439708091205532,44.45815804035737],[1.439789592690913,44.45739117402845]],[[1.439789592690913,44.45739117402845],[1.439862350627133,44.45671332126156],[1.440189391450758,44.45552135202042],[1.441542071402018,44.453238230247045],[1.442741630949621,44.451810086444]],[[1.439789592690913,44.45739117402845],[1.439998217412318,44.457393226246225],[1.440645245353692,44.45708815015541],[1.44082225037248,44.45686916179187],[1.441262480882028,44.45663228663424],[1.442157855397117,44.456483777018605],[1.442602989447048,44.45634240559016],[1.44294319367872,44.4561311218941],[1.443226869791938,44.45578128174333],[1.443298363444644,44.45519344726259],[1.442979673174277,44.454486655123304],[1.442988891546577,44.45415184660875],[1.443154318365918,44.4534852062908],[1.44319693098214,44.45275920761627],[1.442741630949621,44.451810086444]],[[1.501468730724826,44.45965145390575],[1.500391632841911,44.45864550848029],[1.500405220004365,44.45837018256806],[1.500194054101257,44.45822685335028],[1.500142580551743,44.45808209513346],[1.499931138644364,44.45790184681842],[1.499539739900893,44.45782359075304],[1.49795573509139,44.45782542836557]],[[1.501468730724826,44.45965145390575],[1.500379117075229,44.45916484713578],[1.49795573509139,44.45782542836557]],[[1.57,44.47074919558526],[1.569573955342502,44.46900236715159],[1.569166466644114,44.46796347662279],[1.568893092264704,44.46753766397782],[1.568614842070122,44.46725494317141],[1.568092275418409,44.466888917698],[1.567864045474556,44.46681572600161],[1.566942732153562,44.466755135904044],[1.566390808904412,44.46685330185082],[1.56364011410453,44.46788261735519],[1.562599243851464,44.46856772611484],[1.562183827077317,44.46903229383696],[1.561709537272246,44.46988324413622],[1.561143221854672,44.4719286622428],[1.561043988296677,44.47306091364139],[1.561074145746243,44.474000377385494],[1.561202176771748,44.47484928233283],[1.561364744232923,44.47532949215686],[1.561978531291834,44.47641162248089],[1.561447121471348,44.47693500102352],[1.561647575509433,44.47731036330252],[1.562371107902453,44.47763852435712],[1.563595295613542,44.47989096246257],[1.565439125041116,44.48285552949128],[1.565544566446564,44.48375545810144],[1.564667763829747,44.484704732742195],[1.562374846433117,44.48589755589897],[1.560761352562119,44.48613851710277],[1.559154265213311,44.485930258839296],[1.558454521448098,44.485504248322755],[1.554396658243943,44.483704435600785],[1.552371698719213,44.48248129530183],[1.551604726373834,44.482375786865404],[1.551433259880352,44.48199988526835],[1.551644257827294,44.481127506570026],[1.551157038521714,44.47957789024128],[1.551104923841182,44.478127627405904],[1.55123376427045,44.47599547081636],[1.55140715820864,44.4751667185525],[1.551842525251645,44.473879524004616],[1.552052378769901,44.472952211291705],[1.552050143279268,44.47220488608743],[1.551933097402653,44.47152177938813],[1.551459872047525,44.47016502974873],[1.550467065395079,44.4682324245223],[1.549935495319024,44.46748624326576],[1.549110542634648,44.46656153030007],[1.548490665673495,44.46612210132154],[1.547670298281809,44.46575475740856],[1.546178944321563,44.46547039763093],[1.545158925049713,44.46543623434848],[1.542941089315897,44.46582741226978],[1.54137910608259,44.46647842418527],[1.539078108618186,44.46789573272898],[1.538511745391458,44.468355512367914],[1.537270217671892,44.46959144670479],[1.53668564742114,44.46987900768279],[1.535792868382788,44.4700751384168],[1.532959316094768,44.4702958767784],[1.532436900662884,44.47022229806425],[1.531086656156779,44.46973162913342],[1.530163258688105,44.46936368128961],[1.5294344046697,44.46891278632907],[1.528207135279399,44.46775745559746],[1.527156790448737,44.466569360732954],[1.526654500534746,44.46615928863636],[1.525504828832879,44.4646844368117],[1.524787612716259,44.46364663245875],[1.523989991071285,44.462318732043066],[1.523612579818538,44.46189501182053],[1.523117825144135,44.46158406386739],[1.522294751588632,44.46123269901316],[1.521303648262886,44.461153683563566],[1.518760196525651,44.46135273165842],[1.51703498484817,44.46136645274347],[1.516234338555803,44.46126384304829],[1.513787302220728,44.46071137336366],[1.511580588486845,44.46043940478592],[1.508780962940946,44.460293526857505],[1.506086708400279,44.46006167058005],[1.503698974831658,44.45998156838707],[1.50201928527091,44.45979669183086],[1.501468730724826,44.45965145390575]]]}},{"type":"Feature","properties":{"CdOH":"05C0000002000886334","TopoOH":"Ruisseau de Frayssinet","StatutOH":"Validé","SourceNomOH":"IGN;BDCarthage"},"geometry":{"type":"MultiLineString","coordinates":[[[1.182307697182442,44.59918424961682],[1.182453930932904,44.59871389728745],[1.182371739884734,44.59856576532236],[1.182007890917732,44.5983580696812],[1.181667884001891,44.59803640282244],[1.180439179961533,44.59771991500408],[1.180153261298243,44.59759724205062],[1.179866795712903,44.59729626210408],[1.179419151377078,44.59718623143002],[1.179274482011788,44.59702175929163],[1.179256713155954,44.59663515584995],[1.178957959988625,44.59624662340774],[1.178655055425768,44.595986791911656],[1.178200302300615,44.59598019543003],[1.177954163071272,44.59567987530424],[1.176155156479699,44.59464524648366],[1.175121880280079,44.59432922250042],[1.174802803865753,44.594063710135494],[1.174622232612072,44.59399679222187],[1.174487931007061,44.59401888663044],[1.174248539827242,44.59378350487942],[1.173030833544318,44.5934428014765],[1.172659198313433,44.5935942417399],[1.172355677355807,44.593627042125966],[1.171627187537419,44.592384917836405],[1.171469412208416,44.59208154265802],[1.171480401433657,44.59189802429646],[1.171189775082911,44.5914555753139],[1.171029018605079,44.59139978526988],[1.170315127860146,44.59079724283384],[1.169562676736145,44.59049031844729],[1.168937081619804,44.590080133860496],[1.168622551314368,44.58959856066309],[1.168562256036492,44.58939855261056],[1.168629330064278,44.589040368532984],[1.168382985874969,44.588826470316235],[1.168228902315211,44.588565474769155],[1.168087646783657,44.587870655144144],[1.167850832545168,44.58771274417195],[1.167804672815614,44.586844806197945],[1.167548195426076,44.58690448715023],[1.167017304574061,44.586295953313815],[1.166860214389802,44.58597277218029],[1.166702078280735,44.58517771660062],[1.166567840697637,44.584926953560924],[1.165129741241463,44.5842024954993],[1.163723458255887,44.58281128395913],[1.163176249629709,44.58200975524122],[1.163329982421998,44.58119646768529],[1.162696769478151,44.58102474993192],[1.162651937169162,44.58085381169856],[1.161535850533333,44.57980238045126],[1.160383568785284,44.57893493524172],[1.159198383633269,44.5783433797033],[1.158650919245708,44.57828652889664],[1.158349720415214,44.57809600660744],[1.157839313853764,44.57794611863245],[1.157262832355433,44.57765915199431],[1.156824618900771,44.577266430827635],[1.156535321860249,44.576403436214385],[1.156517349793354,44.57568094366189],[1.156349476869635,44.57542060176086],[1.156286962460119,44.575174625180125],[1.156515394671951,44.5740825428639],[1.156333055573828,44.573648165250106],[1.156731198623522,44.572528299468686],[1.156788411611781,44.57231944054587],[1.156746964836677,44.57219988442321],[1.156522270032431,44.572136702054195],[1.156216919690307,44.57219013675511],[1.156034773870456,44.57252117706861],[1.155548323809421,44.57271926642941],[1.1545920099917,44.57280054495064],[1.154277301250219,44.572754764247485],[1.152623282251876,44.57159789784801],[1.151723957190811,44.57117042761788],[1.151123067260363,44.57101629196563],[1.149467736952321,44.570056562379996],[1.149120323013305,44.569971497672675],[1.14866404102725,44.57001787940478],[1.147911512775726,44.57033934402252],[1.147327392762535,44.57067263373118],[1.146789649925753,44.57108954381576],[1.146403857540278,44.57125236195146],[1.14502531913962,44.57118689436346],[1.144290674871753,44.57142308878542],[1.143442322049223,44.571592531725415]]]}},{"type":"Feature","properties":{"CdOH":"05C0000002000886298","TopoOH":"","StatutOH":"Validé","SourceNomOH":""},"geometry":{"type":"MultiLineString","coordinates":[[[1.166379927298135,44.56752372493081],[1.165985142398184,44.56777200654356],[1.165032471017704,44.56789935882749],[1.164599086447713,44.568017324557886],[1.164108196721981,44.56843149264841],[1.164013595854966,44.56859020631416],[1.163996848148157,44.56887268014643],[1.164286422391892,44.56910981882701],[1.164320562934706,44.56922204642469],[1.163409749332341,44.57061706405794],[1.163222031332842,44.57077242782149],[1.161462505756186,44.57165174242034],[1.158808165070037,44.57234772591076],[1.157754182065181,44.57241119461727]]]}},{"type":"Feature","properties":{"CdOH":"05C0000002000886273","TopoOH":"","StatutOH":"Validé","SourceNomOH":""},"geometry":{"type":"MultiLineString","coordinates":[[[1.171918316681162,44.69166992752236],[1.171844715636262,44.69203162372242],[1.171648458282274,44.69239939851685],[1.170640403707878,44.693273362040564],[1.170588829851376,44.6933841749029],[1.170412776618162,44.69425657693516],[1.170153410838049,44.694623306460834],[1.170128208045595,44.694932671176424],[1.170006081402519,44.69527195193486],[1.170100832405776,44.69550315297097],[1.169967690463282,44.69575399996062],[1.169962350028307,44.696034876300835],[1.168570259009771,44.69675748846835],[1.167089843713926,44.6972057611006],[1.165731524812773,44.697974825209],[1.164805589459372,44.69833769981061],[1.16399253960269,44.69837464641996],[1.162717559122674,44.69894784112099],[1.162418882184443,44.6993949496198],[1.162240613603529,44.69982784703991],[1.162537820043231,44.700780139715754],[1.162520583019719,44.70115357409477],[1.16184185471575,44.701754667006995],[1.16096927727678,44.703187329338796],[1.160692321499744,44.70347089837972],[1.159339904778435,44.70451555105734],[1.158549930188657,44.70534981533207],[1.158297770931618,44.705453684657485],[1.157820310174818,44.70615265972742],[1.157326827026213,44.706723490507535],[1.157189378136608,44.70694903788772],[1.157158185171768,44.70713042666861],[1.156872523048899,44.707485885076984],[1.154622429344492,44.70878929885542],[1.153697929426889,44.709408762958155],[1.152467232437388,44.71173863401995],[1.152218840496093,44.71272688140223],[1.152183864557914,44.71363854278289],[1.15253635799327,44.71463501724899],[1.152805379247896,44.71517352509617],[1.153069283440531,44.715483210132035],[1.154628832052571,44.71653042410896],[1.154649013551069,44.71680092203748],[1.154424651757863,44.717441968358074],[1.154666289524837,44.71866262394416],[1.154397462507485,44.71884905784928],[1.155815024036027,44.72018566253964],[1.156046794527919,44.72047499333215],[1.156494195110182,44.72127671854003],[1.156785197923325,44.72288182201768],[1.156755158498861,44.72337481800283]]]}},{"type":"Feature","properties":{"CdOH":"05C0000002000886320","TopoOH":"la Lousse","StatutOH":"Validé","SourceNomOH":"IGN;BDCarthage"},"geometry":{"type":"MultiLineString","coordinates":[[[1.12081081649263,44.70222111306456],[1.121301731468557,44.702532028209944],[1.12274171525703,44.70319854455452],[1.124364567389651,44.70375917469601],[1.125095421571588,44.70444966398171],[1.126620642321898,44.70525175315194],[1.127688325294876,44.70564984489055],[1.128810933172578,44.70591557430936],[1.129127172920358,44.70593712892821],[1.12955089894178,44.706144209320854],[1.130250427300789,44.7058795600403],[1.131438261235081,44.70600678027947],[1.132636202085964,44.706019789466154],[1.133663796985058,44.70591464476659],[1.134425876139832,44.70593379372666],[1.135158063866559,44.70609291819563],[1.135722778225794,44.706314056506606],[1.136232897491898,44.706429810097596],[1.138060061103602,44.70742503442159],[1.138645660894566,44.70766451957784],[1.138838880198554,44.70793162626955],[1.138893675252453,44.708336889911344],[1.139133132763565,44.708924465145905],[1.139217835638174,44.70934193844694],[1.139159963189458,44.7097173916177],[1.139310376377051,44.71009544505859],[1.139443843136413,44.710298508646716],[1.139720964057613,44.71043464433577],[1.139923902040915,44.71086671139033],[1.140245802564291,44.711253047808846],[1.140259971157824,44.71197101681983],[1.140696620027326,44.71343362487746],[1.141731761669996,44.714442499123024],[1.142251307514114,44.714619618900066],[1.14272869828507,44.71504097628866],[1.14262911460697,44.715609348484605],[1.142724068424837,44.71564065916532],[1.142985835380786,44.715477549087545],[1.143024239172195,44.71553852945238],[1.142939372073615,44.71585229556528],[1.14336267532195,44.717875707284165],[1.143607067499739,44.718048206269316],[1.144189684684839,44.717884168027126],[1.144641559581467,44.7186977255637],[1.144699119760038,44.71898236074313],[1.144592686779468,44.71952900752567],[1.144383466987527,44.71974523393195],[1.144314912199053,44.7201772459808],[1.144203829270596,44.72040502269982],[1.144360231160126,44.720794877123254],[1.144689127410878,44.72123985306621],[1.144615883779446,44.721392618678344],[1.144662704726664,44.721581616624945],[1.145615529577425,44.72252693716517],[1.146552100015725,44.72316128993215],[1.146731842931886,44.72353352079798],[1.14759523434046,44.724012646938604],[1.149272723380843,44.72378223912696],[1.149860335631419,44.72389021721705],[1.15070805493157,44.72373237354935],[1.150742692190361,44.723639295615065],[1.151892898532974,44.72334781055266],[1.153236721392223,44.72319912676108],[1.154177657078272,44.7234336461768],[1.155563686540054,44.72353868961949],[1.156755158498861,44.72337481800283],[1.158048779103552,44.723640389281705],[1.158550742576658,44.72366404667824],[1.159512771991737,44.72337025434462],[1.160251064832601,44.72273323373982],[1.161032241471986,44.72252287563474],[1.161528209070961,44.72249779101172],[1.161990755562955,44.7235735082988],[1.161936403390082,44.72376802310814],[1.16207117596961,44.72432138989668],[1.161712467985219,44.724668447279086],[1.161612720912834,44.72489913059367],[1.161774893817108,44.72527104385174],[1.162778770384114,44.72644309499689],[1.163444717170251,44.72620379100318],[1.163915671033035,44.72617197653266],[1.165396800800875,44.72634601271069],[1.167164819542494,44.72581785477345],[1.168665080125281,44.72583096755295],[1.169087623289451,44.72592800806113],[1.169615952595967,44.726578825089106],[1.170183528621211,44.72676110780755],[1.170965747303883,44.72675241664701],[1.171186790668947,44.72683081175059],[1.171727055359458,44.72734853591611],[1.172567583603182,44.728617758118936],[1.173750555696064,44.72922352171839],[1.174507825960676,44.72924501185192],[1.174838496607053,44.72917661777686],[1.176046269918033,44.7295639345765],[1.177257104246276,44.72966221602872],[1.178040974126461,44.729876834514705],[1.178432756379724,44.73006698850617],[1.17887448121565,44.730119279684885],[1.179115598986112,44.72985128221503],[1.179251212923639,44.72979857908526],[1.180061475866407,44.72986142641268],[1.180158567464616,44.73002331728942],[1.180435791797942,44.730044982434904],[1.180913017313352,44.730288762342745],[1.181227947634067,44.730316448009845],[1.181461906148247,44.73085610878586],[1.182036832127528,44.73108707933561],[1.182927664778985,44.73115933267965],[1.184970505001922,44.730452589778594],[1.185538806972265,44.730458299658075],[1.185914783395473,44.73055181056522],[1.186753447592118,44.73094917223179],[1.188419156055999,44.73147802835519],[1.190435483693066,44.73171180976573],[1.191109363439327,44.73220640464813],[1.191560928072706,44.732385780800634],[1.192524769997649,44.73258522327049],[1.193761370912931,44.73314301549162],[1.19433990378415,44.73350005469023],[1.194627072948992,44.734433186179494]],[[1.194627072948992,44.734433186179494],[1.195228382048412,44.73494728472406],[1.195351480650013,44.7352059426077],[1.19577576409827,44.73537044811938],[1.196161303849343,44.73571893044167],[1.196198300951824,44.73586541944143],[1.196148759971714,44.736070834906464],[1.195935492731072,44.73641766924363]],[[1.194627072948992,44.734433186179494],[1.194579205246989,44.73486196059947],[1.195091080320313,44.7352890513552],[1.195935492731072,44.73641766924363]],[[1.195935492731072,44.73641766924363],[1.196149107210918,44.73673003148821]]]}},{"type":"Feature","properties":{"CdOH":"05C0000002000886265","TopoOH":"","StatutOH":"Validé","SourceNomOH":""},"geometry":{"type":"MultiLineString","coordinates":[[[1.138109469525651,44.766721653109556],[1.138417056271077,44.76682408079009],[1.139013346963652,44.76668280185714],[1.140736853359538,44.76647668516215],[1.141630890541686,44.766046805420494],[1.143746441415048,44.7651835054841],[1.145048868519901,44.76448126659557],[1.145493363610867,44.76434191538923],[1.145801139993966,44.76413183265173],[1.146218096186926,44.76409918400924],[1.146841882732452,44.76342879708535],[1.147561712413617,44.76291220647043],[1.148736970115616,44.7625374035937],[1.150074492639765,44.762340005131236],[1.151999710586102,44.76233700672208],[1.152526426238514,44.76238721487658],[1.152516465299128,44.76253654074607],[1.152642687494144,44.76265751816968],[1.155071913086826,44.76389842662668],[1.156449275055104,44.764221233476874],[1.157210706827689,44.76428432907991],[1.157516223327568,44.76418044222946],[1.159090823000017,44.76438672159534],[1.15941344857301,44.764493843091],[1.160521415411922,44.76493820134281],[1.161677622375691,44.76591827667478],[1.162657554295319,44.76652979293201],[1.164298411154317,44.7673809903545],[1.165109791400751,44.76769701284613],[1.167674513642555,44.76828608179756],[1.167743690119596,44.76841330274197],[1.168494464803635,44.768456331445435],[1.168754602151638,44.76854258038406],[1.169940759380671,44.76837575972748],[1.171152501376277,44.76843268529522],[1.172442055213658,44.768701609573185],[1.173763240325143,44.7688143441687],[1.175401990340278,44.76884133613563],[1.17622657230996,44.76894766531827],[1.17753821457112,44.769277230056154]]]}},{"type":"Feature","properties":{"CdOH":"05C0000002000886336","TopoOH":"Ruisseau de Pomarède","StatutOH":"Validé","SourceNomOH":"IGN;BDCarthage"},"geometry":{"type":"MultiLineString","coordinates":[[[1.182266265682058,44.558817581708006],[1.181235618701518,44.55961194037037],[1.180902456726052,44.55994503183662],[1.180626837363188,44.56025115570104],[1.180029060540129,44.56113457892599],[1.179711414946779,44.56215768929018],[1.17970240451012,44.56302290057792],[1.179543471193927,44.5632643103918],[1.179175588314589,44.563501374517394],[1.17808809357982,44.563672538855016],[1.177036100999498,44.56395323670529],[1.175646938864011,44.56406536829224],[1.175071363982406,44.564258466290475],[1.174447945406448,44.56476233676981],[1.174309178763171,44.56496355140751],[1.173925436314823,44.56510578606785],[1.172553375199074,44.56527219102128],[1.171826914069885,44.56549519299498],[1.171603839157027,44.566082215968684],[1.171636709546447,44.56623404113208],[1.172141005155191,44.56692045190042],[1.17172205093208,44.56748802465992],[1.171278099113269,44.56839916659528],[1.170799581518965,44.56905489807365],[1.170172650128355,44.57013049584879],[1.169403445737518,44.57116411159105],[1.168764476657239,44.57175504278133],[1.167211456434242,44.57240644729185],[1.166581291548644,44.57295789148909],[1.164905644469755,44.573930503899824],[1.16263479887617,44.57503456933386],[1.162489290168752,44.57516992332893],[1.162076786348465,44.575147751810505],[1.161551302677658,44.57530649734048],[1.160590210410596,44.57537874404101],[1.159210605811774,44.57476323912353],[1.158663271448735,44.574317379059096],[1.158426477884591,44.57419996968446],[1.158004235148319,44.57331855460695],[1.15790346404681,44.572623498183034],[1.157754182065181,44.57241119461727],[1.157161404777626,44.572239217787],[1.156746964836677,44.57219988442321]]]}},{"type":"Feature","properties":{"CdOH":"05C0000002000886319","TopoOH":"le Buguet","StatutOH":"Validé","SourceNomOH":"IGN;BDCarthage"},"geometry":{"type":"MultiLineString","coordinates":[[[1.181088132456732,44.70986125297585],[1.181157275507303,44.71049636165541],[1.180228097645372,44.711894024460115],[1.180123139758639,44.712445224933056],[1.180158880054953,44.71270696624313],[1.180255902074499,44.71283103308489],[1.181015933904398,44.71358105673383],[1.181201116861679,44.71429912026928],[1.180619332882264,44.71749005065243],[1.180228462746802,44.71825088091895],[1.179774551017649,44.71869548747073],[1.179646668923185,44.718900507714906],[1.179446608529656,44.719579822525695],[1.179440138063542,44.71985798084812],[1.179509273854209,44.72006353851552],[1.179801007895298,44.720494286564374],[1.180483071799911,44.7210413132828],[1.181108198818701,44.72131814106624],[1.181997488372601,44.72155067370885],[1.182179391505837,44.72190216623784],[1.182451901011826,44.721990388959085],[1.182658327545216,44.72244314289693],[1.182983440828809,44.72258445847668],[1.183020730583366,44.72268142737223],[1.183007474044018,44.7228964372652],[1.182920067356796,44.723060701152924],[1.182243178230241,44.723681766585436],[1.182133172104437,44.72388077980128],[1.181955662256192,44.72452715058676],[1.1817628325654,44.72576492079983],[1.181626106404342,44.726165214781105],[1.181783490506289,44.72637672288082],[1.181500404283021,44.726615219115864],[1.18140068866307,44.726886443714335],[1.181463503418882,44.72701445062344],[1.181751502465379,44.72717136984064],[1.181360850487008,44.7282365921084],[1.181292319286701,44.72871545206206],[1.180962497455762,44.72922694269595],[1.180761246929643,44.729825194967766],[1.180435791797942,44.730044982434904]]]}},{"type":"Feature","properties":{"CdOH":"05C0000002000886277","TopoOH":"","StatutOH":"Validé","SourceNomOH":""},"geometry":{"type":"MultiLineString","coordinates":[[[1.179261853843368,44.668243283665916],[1.1798649189095,44.66914561832904],[1.179898235251146,44.669442436249255],[1.180287096945985,44.670296218699704],[1.180349609630849,44.67082224796244],[1.180770469070005,44.671310945384256],[1.180853627052566,44.67248748710714],[1.180929661806975,44.67279041043871],[1.18116684211673,44.67314461085172],[1.181403803216023,44.673349321306596],[1.181455194080156,44.67343841667243],[1.181435665402913,44.673652418778005],[1.181612323757274,44.67396600070483],[1.181890263869548,44.67415247270412],[1.181928353276897,44.6743800289444],[1.182669229725678,44.67476951706297],[1.18499122585441,44.675010247580545],[1.185642756452782,44.67496149919628]]]}},{"type":"Feature","properties":{"CdOH":"05C0000002000886339","TopoOH":"Ruisseau de Font Cuberte","StatutOH":"Validé","SourceNomOH":"IGN"},"geometry":{"type":"MultiLineString","coordinates":[[[1.178734522782881,44.5462941112321],[1.178779168966399,44.546120156064354],[1.179138619920737,44.54563352686291],[1.180515792650712,44.54462879466183],[1.180776298685778,44.54424228327547],[1.180809042669418,44.54392945884267],[1.181014780722147,44.54371853688409],[1.180959866578064,44.54358616324832],[1.18015574884317,44.54267333952841],[1.178521146865487,44.54100392111846],[1.178243688627107,44.54055000760772],[1.178215606050593,44.53989850391935],[1.17842894803542,44.539802972911595],[1.178617197953947,44.539548544722784],[1.178964417826845,44.539439913670066],[1.179426780412031,44.53950877229527],[1.179717179883581,44.53944422525279],[1.179957915278639,44.53947520887523],[1.180456826672602,44.53923040185777],[1.180533246155574,44.53896872439224],[1.180814427848394,44.53852582548762],[1.18104910383123,44.5376895552155],[1.181182635632256,44.537413510704496],[1.183044023637262,44.53539920355431],[1.183697040976776,44.534158301837195],[1.184867504908335,44.53291510262981],[1.184975827953424,44.53267826050094],[1.185052478856423,44.53107669208981],[1.185223893416372,44.53048250231895],[1.185631329095477,44.52971209983718],[1.186205998404935,44.52894714619325],[1.186788282812962,44.528022933079846],[1.187199742213448,44.52645928426669],[1.187217574581719,44.52613901235712],[1.187037882908983,44.52558047499033],[1.186684573566466,44.52513704539986],[1.186178965267557,44.52418415118309],[1.186001819686253,44.52088194711298],[1.185585719276093,44.52000436024102],[1.18534199714322,44.519677087030985],[1.185089472417784,44.519114648213815],[1.184770009069247,44.5185988321394],[1.184543256258872,44.51840960681859],[1.184342933605337,44.5183378758096],[1.184195026557616,44.51808421345453],[1.183945058704269,44.51783427399099],[1.18331325571619,44.51732591913123],[1.183127204307614,44.51696717389246],[1.182938066509832,44.516469706625294],[1.182786576725175,44.51429350135725],[1.182535011825742,44.51374187847856],[1.182500030590805,44.51330367899749],[1.182420102781638,44.51316729346378],[1.181912110467449,44.512802342112145],[1.180365260376576,44.5123797396491],[1.179856867941339,44.51218405841751],[1.178827096853364,44.511532241611896],[1.17844180995872,44.51114858869879],[1.178064848872303,44.510467920286374],[1.177559327729006,44.50811657668944],[1.177219317641822,44.50722760978649],[1.177015434382717,44.506214827335725],[1.177034198191176,44.50590628030462],[1.176488956883788,44.505139083740495],[1.175307850137573,44.504152462753154],[1.175276131843705,44.50392682370091],[1.174954727329543,44.503203842305226],[1.174774177173712,44.50310630714168],[1.174395203651728,44.503036103719786],[1.173137546025153,44.50325210411562],[1.172939532505013,44.50311105471802],[1.172314879579108,44.502895402959865]]]}},{"type":"Feature","properties":{"CdOH":"05C0000002000886301","TopoOH":"","StatutOH":"Validé","SourceNomOH":""},"geometry":{"type":"MultiLineString","coordinates":[[[1.192849522385303,44.55189376848576],[1.19356557233309,44.55246017641203],[1.194521014412845,44.55302329068639],[1.195011713485925,44.55339150203957],[1.195145585611518,44.55357648608982],[1.195733665324593,44.553813916700996],[1.196483859188304,44.55425929962737],[1.197142715828104,44.55437091224783],[1.197755251276333,44.55475010513205],[1.198554762458492,44.554755948470515],[1.198938487570919,44.55484685260039],[1.199619068633894,44.5552253439117],[1.20029695401065,44.55576767264081],[1.200671189138535,44.5558800272435],[1.201067674388787,44.556440276922416],[1.201335715354325,44.55664454798885],[1.201569249829768,44.55694370626738],[1.203941892509165,44.55726327138288],[1.204802200508524,44.55749697623627],[1.206260412640676,44.55825635784082],[1.209129021240101,44.559102536269194],[1.210438746062737,44.55966225051792],[1.211215544517857,44.560148483562806],[1.212357292990155,44.56100260829758],[1.212708196236073,44.56121719719749],[1.213020717293173,44.56129159110455],[1.213748134650496,44.56127004266379],[1.216289375152333,44.56068619483941],[1.217607610373711,44.55998260371662],[1.21875080847119,44.5592770746755],[1.21887700345411,44.55914944299965],[1.218808887820417,44.55879356029443],[1.21924659290102,44.558133374068525],[1.219070750462227,44.55783878698953],[1.219916493800925,44.55630002095423],[1.220762125315802,44.555802186018965]]]}},{"type":"Feature","properties":{"CdOH":"05C0000002000886325","TopoOH":"Ruisseau de la Masse","StatutOH":"Validé","SourceNomOH":"IGN;BDCarthage"},"geometry":{"type":"MultiLineString","coordinates":[[[1.16880014457874,44.672566907235506],[1.169529312789076,44.67288605060005],[1.170178907989799,44.673479432227104],[1.170691224932523,44.67375355726702],[1.171681264513226,44.67412382599043],[1.17286695815449,44.674376647183685],[1.173631199696681,44.67470534734619],[1.173847841090079,44.67491334111056],[1.174142897696099,44.67562241690788],[1.174150376086912,44.675936821739406],[1.174338244232767,44.676292925512925],[1.174804313431011,44.676554561199225],[1.175203237972378,44.67666830281541],[1.175423483062237,44.67707716879965],[1.175794547620829,44.677349840841586],[1.17702592796978,44.677402553664855],[1.177590639821417,44.677151605848856],[1.178665886588928,44.676841521181466],[1.179003965295091,44.67657332788437],[1.179288783208116,44.676469052158446],[1.179656904468781,44.676442690316804],[1.18046194759822,44.676526172147575],[1.181120864757561,44.67648387510048],[1.184525893526136,44.67589952828128],[1.185097617871489,44.67554689974713],[1.186265753496577,44.67427021117559],[1.187165533866096,44.67344837806676],[1.187325128040087,44.67335193613508],[1.187756144494143,44.67325273592368],[1.189222452749039,44.67215830397704],[1.189965223766073,44.671075432625145],[1.190109219099301,44.67095351736112],[1.190425386783768,44.670814606793485],[1.190699985142392,44.670791181838204],[1.190902397826043,44.670893548316464],[1.192645013710278,44.671370484829566],[1.19350647109434,44.671345831922146],[1.195256003468962,44.67058373418314],[1.196451572528488,44.669543327530526],[1.197057527175694,44.66937850475834],[1.197645445761085,44.669027879554946],[1.198876914090263,44.66867782471606],[1.199221479434413,44.66832052788965],[1.199388320606192,44.66795673562367],[1.199688204786035,44.667733786895525],[1.199789091487881,44.667577839268745],[1.200009478009805,44.66743374153636],[1.200135534198815,44.66724038171996],[1.200684841600182,44.666754036664464],[1.201154517647629,44.66654825383525],[1.202463815996027,44.66573386293825],[1.203042566909206,44.66558927825779],[1.203262579674447,44.66510027352653],[1.203106056194066,44.66435030917289],[1.203233580416248,44.664268633213105],[1.203772529829808,44.66414501080269],[1.203858808819908,44.664011335477625],[1.203808712341272,44.663841226564024],[1.203611293164823,44.66362189898122],[1.203252819335378,44.663467493402166],[1.203323402591736,44.66307421730574],[1.204649532726932,44.66200523326357],[1.205121510257271,44.66128978528376],[1.205768908954816,44.66069154548254],[1.206325270949675,44.660376386054956],[1.206777272568582,44.66001000439088],[1.207578980600668,44.65959705889087],[1.207807183919089,44.659086567842046],[1.207929758181949,44.65896158248145],[1.208284906864279,44.65882325484665],[1.208764084506635,44.6585140376919],[1.209162977906122,44.6581503890271],[1.209783484742927,44.65772098715861],[1.210482250306178,44.65661476868414],[1.210753309820164,44.65634269906762],[1.211171501182649,44.656085615493836],[1.211225027355514,44.655710971215015],[1.211322963340425,44.65552705132843],[1.211530459569402,44.65534940547803],[1.212150592989174,44.655089280079586],[1.212461706784763,44.654866481260804],[1.212470053002773,44.65348974784129],[1.213841946562705,44.65199906839307],[1.214033156168219,44.65189679751106],[1.215727482294856,44.65149550576379],[1.216434753508809,44.65123045995483],[1.217123813291693,44.650783215158576],[1.218262580383257,44.649677742833546],[1.22014837458089,44.64896249414063],[1.22068950639105,44.648683942381254],[1.221128076970964,44.64829747968833],[1.221384685809957,44.647601019365055],[1.221388537713404,44.64743899169135],[1.221286927167431,44.64722123800595],[1.220802687260913,44.64673708530939],[1.220789323411522,44.64648112895314],[1.220705086650274,44.64639242542658],[1.219053440413393,44.64520960047047],[1.219948827790645,44.64433702652412],[1.219873367902944,44.64381082205804],[1.219565619790961,44.64337092768295],[1.219649941455241,44.64301748948145],[1.219979882639051,44.64239515473796],[1.219844262860227,44.641777032080334],[1.220948243825686,44.64152645071096],[1.221275068423712,44.641321892701654]],[[1.240024034580856,44.592044024322696],[1.239650992653154,44.591398745186744],[1.238890347900867,44.59061581805233],[1.238340180943789,44.59043775806375],[1.237644138066923,44.590451870776164],[1.237373571833628,44.590399829476105],[1.237003550686957,44.59022373611751],[1.236421417118886,44.58977861612137],[1.236702066657627,44.58922570252068],[1.237516960837632,44.58883529333465],[1.237620621252111,44.58870367695559],[1.237725889329134,44.58827853198267],[1.238182103893094,44.58738893750842],[1.238292201111779,44.587010693893],[1.238275025179743,44.58651155843998],[1.237949847765403,44.586030022780285],[1.237399521142162,44.585737595184064],[1.237231568890744,44.585749322973356],[1.236344615636782,44.586350189572904],[1.235404323619615,44.58603711817861],[1.235043695653448,44.585803537797446],[1.234911843146424,44.58538631338377],[1.234889726648094,44.585126623953485],[1.235040729949353,44.58444827951382],[1.235069534909043,44.58380940459624],[1.231923398799163,44.58296217772723],[1.230270775140321,44.58238462566475],[1.228658160547484,44.58213906403617],[1.228256866425274,44.581998458122214],[1.22698677133187,44.581358554767824],[1.22664966769491,44.581100110716704],[1.226416820135789,44.58081182299729],[1.226053414261367,44.57926617920107],[1.225093395838525,44.57850426600076],[1.224269013022183,44.57743656326387],[1.224135361972312,44.57707962853038],[1.224197420082439,44.576508826445846],[1.22399903028096,44.5756871078174],[1.223758144616239,44.575655319755846],[1.223553102160296,44.57548543497375],[1.223337429575446,44.57545315100648],[1.222514154116725,44.57563260662613],[1.222342042677238,44.57561723020486],[1.221163926657431,44.57526328769405],[1.22087550428382,44.575101059701886],[1.220355340124566,44.57449746778059],[1.219635929768381,44.573900567123374],[1.218755138469621,44.57330826297911],[1.218257840193129,44.573178678143904],[1.218068254081009,44.57303874786149],[1.217978045722687,44.5728635013071],[1.218004739477089,44.57257668134824],[1.218378433675737,44.57179299603051],[1.218704781699777,44.57123186319051],[1.219160959239755,44.57070794145506],[1.219452266646896,44.57013903810412],[1.219469466407077,44.56991329720501],[1.219588383925171,44.569657679639846],[1.219573378349752,44.56949445255047],[1.219659683783201,44.56939409064252],[1.219769547856058,44.56898614752321],[1.21960136328869,44.56844765656285],[1.219511220616181,44.56771141972959],[1.219154903641864,44.56618928353519],[1.219091691280632,44.56543817317066],[1.218931750325697,44.564718820345945],[1.218926858268913,44.564354951976505],[1.219024649134108,44.563970227976355],[1.219657865365734,44.56238390786671],[1.220855236101865,44.55972071344042],[1.220673667270335,44.55956740994366],[1.220512802462455,44.55915690632763],[1.220002875876754,44.55771424456924],[1.219952010403302,44.55749010899081],[1.219994977498759,44.55736563685073],[1.220762125315802,44.555802186018965],[1.221137355898809,44.555324681982235],[1.221473104686293,44.55506085154112],[1.222024244712276,44.55483560684473],[1.222681923997587,44.55426629617689],[1.224272383236817,44.55270797060057],[1.225038435647192,44.55173428135595],[1.225728206975385,44.55134376180158],[1.228785984319389,44.550091691199164],[1.230488959384631,44.54883133979581],[1.230911020325714,44.54846261175164],[1.231123793316223,44.548182376124245],[1.231769718754844,44.54717880587143],[1.232234703144724,44.54604176893676],[1.232674950749192,44.545251911766904],[1.233311039377904,44.54431931337959],[1.233849511920287,44.54308529806826],[1.234217435106039,44.542513090331134],[1.234986429208165,44.54179781918049],[1.235299608848015,44.54120402266588],[1.235364367885721,44.54078364445119],[1.235272342067895,44.539981668064776],[1.235498027744436,44.53912534079752],[1.235290605458199,44.538430475351596],[1.234860113372027,44.53794455013069],[1.234674263766524,44.53724462591357],[1.234546267208254,44.53715073241602],[1.234753767619865,44.535466599310624],[1.234701492815391,44.535246052481064],[1.234930002285373,44.534782371234066],[1.235375464593778,44.53430504974729],[1.236549597702065,44.53327028461748],[1.236747424074597,44.53290155811285],[1.236766514533318,44.53204823409805],[1.23609713575136,44.530909271783564],[1.235696208532812,44.53048595422629],[1.235129138784953,44.52937743604089],[1.233575968882672,44.52587054257266],[1.233515502814576,44.52518793353493],[1.232691655309936,44.5243643378074],[1.23189852057651,44.523686200426276],[1.23199931568138,44.52340147207585],[1.232082901211641,44.52177659848072],[1.231124294433997,44.52063657516892],[1.230689157628582,44.519862416298764],[1.230552899762001,44.51947123740144],[1.23057953933387,44.51926366081231],[1.23095496209573,44.518729410699514],[1.231001654549292,44.51804221646122],[1.230863224818726,44.51751953792557],[1.230595678894921,44.517221701904425],[1.230045654646652,44.51698236590443],[1.229731269469854,44.516773821247966],[1.229585323261895,44.51649144024831],[1.229494388437668,44.51581914727004],[1.22893185382375,44.51493578449645],[1.227932366876412,44.51406161021118],[1.226346560611566,44.51250356781002],[1.226173183060679,44.512173918115884],[1.226069678038358,44.51210382001869],[1.226007806107327,44.5117498498182],[1.225216169990917,44.51127248775647],[1.224660734745855,44.51076740518423]],[[1.221275068423712,44.641321892701654],[1.221348107457172,44.6412456248933],[1.221715008194329,44.6411299588271],[1.221892242582134,44.640629431877606],[1.221864094045534,44.6404821985048],[1.222000730120752,44.640189033104484],[1.223569261007495,44.639203887387104],[1.223943922382514,44.638601171596],[1.224770240264244,44.63827405401596],[1.225031992080323,44.638052232068475],[1.225675101561426,44.6377752960792],[1.226485309469413,44.63763881217923],[1.227083722881545,44.63745930506453],[1.22756493400901,44.63699606193654],[1.228052446324382,44.636332108109045],[1.228229017667891,44.63556951926473]],[[1.221275068423712,44.641321892701654],[1.222350443337984,44.641177996442025],[1.224289065867467,44.64077690631543],[1.224551744190141,44.640886482014054],[1.224987605301287,44.64062333082824],[1.225488082285463,44.64007035528695],[1.227019974784155,44.638964808099665],[1.22767627486423,44.63878982759978],[1.227926958190865,44.6386389604517],[1.228361118890616,44.6381479447746],[1.228127193629787,44.637565179685424],[1.228427074892993,44.63616971897702],[1.228229017667891,44.63556951926473]],[[1.228108756282517,44.62238352200677],[1.227545114639439,44.62214396132743],[1.227226364019844,44.6216147663606],[1.226044096425675,44.62051971760136],[1.225843811477179,44.62019322833358],[1.225569718791494,44.61944772792468],[1.225706114498368,44.61924010386735],[1.225812478241677,44.618584455740105],[1.225683179509612,44.61836626355271],[1.225676369559209,44.61822207638461],[1.225997588624769,44.617108828097926],[1.22654471378727,44.61674930896443],[1.227692494622723,44.61661283495623],[1.227991613593718,44.61644203599236]],[[1.227991613593718,44.61644203599236],[1.227920885207856,44.616245496776386],[1.228109128636042,44.61502925780739],[1.228418635152082,44.613724914502455],[1.228542234360298,44.612880440459875],[1.22877172642131,44.61203586269517],[1.228933227069543,44.61167015296863]],[[1.227991613593718,44.61644203599236],[1.228548004818122,44.61602772630507],[1.228686158374461,44.61568325362039],[1.229003566517075,44.613564997390895],[1.229000295234465,44.61202331669916],[1.228933227069543,44.61167015296863]],[[1.228437619722754,44.634469759289516],[1.229054926235543,44.63449045416476],[1.229492060952566,44.634425415479384],[1.229533862735351,44.63409830603446],[1.229634759473645,44.63389731110474],[1.229537161662899,44.63343109499864],[1.228982169151176,44.63214981312296],[1.228491848889798,44.63141976457741],[1.228412899207241,44.63120328233891],[1.228414470003217,44.630551352518005],[1.228562032355954,44.63014939685372],[1.228404024975466,44.62943907998438],[1.228384747462667,44.62872828470648],[1.22859365111068,44.62830029762536],[1.228924907073101,44.62791119045109],[1.229001136979822,44.62765217026444],[1.228930210389622,44.62673883880457],[1.228968956782585,44.6257462206415],[1.228870602375944,44.62506387581954],[1.229023872534377,44.62423878280647],[1.228818676722055,44.623465578372446],[1.228108756282517,44.62238352200677]],[[1.228437619722754,44.634469759289516],[1.22841015488746,44.63377864229062],[1.228175562409276,44.633418288648436],[1.228062276633967,44.63309049535575],[1.227941384204062,44.631921521505234],[1.227786456360821,44.63131390850715],[1.226772976203759,44.62897529371428],[1.226799251472567,44.628460634871956],[1.226858217658431,44.628349919864206],[1.227196853708667,44.6281275266108],[1.227458113679133,44.62803986575719],[1.227931245192319,44.62771066742995],[1.228109664696247,44.62741006226623],[1.228001747382502,44.626791497557264],[1.228066002217788,44.62659261889746],[1.228051522957566,44.62568919660494],[1.227929663532815,44.62551434952963],[1.228171071751499,44.62509498934204],[1.228234811586153,44.62483216783565],[1.228108756282517,44.62238352200677]],[[1.228933227069543,44.61167015296863],[1.22888880781585,44.61151906044717],[1.228966461643937,44.61129428348102],[1.230509110318311,44.60929650833876],[1.230699309287849,44.6088592176502],[1.231018377925335,44.60865361240404],[1.231396223744245,44.608181503869766],[1.232691449795399,44.60695415693848],[1.234433922415497,44.60561147720619],[1.235219086475668,44.604447091614894],[1.235356249017862,44.604091791696895],[1.235962904170001,44.60307222998413],[1.236378690126764,44.602593508527505],[1.236649099121192,44.60241052427757],[1.236970463115253,44.60200863573293],[1.237806956189664,44.60161856409574],[1.238433146996618,44.60073797595829],[1.239665062841889,44.59950954681531],[1.240109865107681,44.599149237528934],[1.241044760760734,44.598592321068416],[1.24235817224929,44.59834487875319],[1.242469960098951,44.59815485561938],[1.242476252732764,44.59775064239281],[1.242293444100792,44.59751000918093]],[[1.228229017667891,44.63556951926473],[1.228460912598473,44.63497260683325],[1.228437619722754,44.634469759289516]],[[1.242293444100792,44.59751000918093],[1.24226221399172,44.59733932262769],[1.242341370129636,44.59698309326696],[1.241641301017215,44.59457669290572],[1.240858292803486,44.59293257054867],[1.240398711184638,44.59235435206013],[1.240024034580856,44.592044024322696]],[[1.242293444100792,44.59751000918093],[1.241938176346331,44.59722250862034],[1.241517274186829,44.59608931700814],[1.241474069368426,44.59549431619912],[1.24053178695733,44.59350187395686],[1.240024034580856,44.592044024322696]]]}},{"type":"Feature","properties":{"CdOH":"05C0000002000886300","TopoOH":"","StatutOH":"Validé","SourceNomOH":""},"geometry":{"type":"MultiLineString","coordinates":[[[1.199396469383109,44.576259499300896],[1.199714737275396,44.576195350273515],[1.199914218229225,44.5760635296463],[1.200006831180266,44.57572735964924],[1.200374333104715,44.57550192510282],[1.201152611485514,44.57523455424837],[1.20147281623665,44.57518844140074],[1.203063115334417,44.57525484629985],[1.204947914872595,44.57580596876382],[1.205221730072792,44.57579240876784],[1.205575446494853,44.575564031815055],[1.205783067255692,44.57521531832637],[1.206143043780622,44.574829458080366],[1.206565431977568,44.57462020299263],[1.207317830503303,44.574452322047115],[1.207512509497362,44.57435192688722],[1.207672386235712,44.57415731721917],[1.207775253088349,44.5738537252731],[1.20801415918261,44.573471297747155],[1.209080746577375,44.57328689084994],[1.20976302575817,44.57294586614221],[1.209899250092993,44.572702244564],[1.209997140925182,44.57187989724996],[1.210313236750439,44.57124748424829],[1.210526857224495,44.57031085129178],[1.21120731443573,44.56935026395518],[1.211805377437271,44.56741132695213],[1.212081430082328,44.56680887842682],[1.212346350850234,44.56600094181581],[1.212360960312621,44.56565899926141],[1.21261701783245,44.56544883169604],[1.212997311257025,44.564815651803904],[1.214122577292266,44.563885659552625],[1.214583612590108,44.563247477470796],[1.215373772006853,44.562397600084275],[1.215606461413756,44.562049276889475],[1.216030081654188,44.56099987152959],[1.216289375152333,44.56068619483941]]]}},{"type":"Feature","properties":{"CdOH":"05C0000002000886302","TopoOH":"","StatutOH":"Validé","SourceNomOH":""},"geometry":{"type":"MultiLineString","coordinates":[[[1.211401905262558,44.589324179448894],[1.211230852501766,44.58911520020999],[1.210824160994564,44.588866385707036],[1.21070721546481,44.588699703943426],[1.210727948829571,44.58848302408629],[1.210944148315777,44.58818216318951],[1.211034856672845,44.587864862280384],[1.211744608753655,44.587536872241905],[1.21234491457667,44.58712336236396],[1.213211166475177,44.58682671085269],[1.213998020742523,44.58680881794187],[1.214125160450057,44.58677305316305],[1.214219052595918,44.58663319582009],[1.214124182729676,44.586167015522115],[1.213656786497464,44.58568670787441],[1.213063412384225,44.58441013906768],[1.212574060248,44.58394748119885],[1.212461876857973,44.58359087781104],[1.212460394259405,44.5831604255657],[1.212092990130594,44.58274656359167],[1.212045716325793,44.58256840442619],[1.212208428500169,44.582324307070294],[1.21289374933009,44.58200942337651],[1.213136112046277,44.581796329066314],[1.213430631409905,44.58124910053048],[1.213599301028051,44.58069713486565],[1.21371146978497,44.5805368630484],[1.213902084124605,44.58036615336463],[1.214415633540138,44.58030241768518],[1.215308793047812,44.58054557227642],[1.215922965025041,44.58060682037942],[1.217227797462022,44.58022267270539],[1.219020548856656,44.57994723082164],[1.220453269110654,44.579102263953885],[1.22145065164415,44.578157522110786],[1.221972328573823,44.57779492561748],[1.222561923516663,44.57699579001449],[1.223244655250737,44.57647909731308],[1.2233837415032,44.57630304100592],[1.223436934053385,44.57609408655998],[1.223337429575446,44.57545315100648]]]}},{"type":"Feature","properties":{"CdOH":"05C0000002000886303","TopoOH":"","StatutOH":"Validé","SourceNomOH":""},"geometry":{"type":"MultiLineString","coordinates":[[[1.198901758768369,44.625073149677235],[1.199773109397354,44.62526924261747],[1.200264454188581,44.6255194760576],[1.200554945903704,44.62558363752661],[1.201202223013831,44.62592645429614],[1.202768082651333,44.62609239882298],[1.20389432920969,44.626362841024594],[1.204651112865788,44.62663357569913],[1.205056621845197,44.62649157867861],[1.20542855912658,44.626255383811795],[1.206704986380933,44.625769118231275],[1.207151330637039,44.62569081073906],[1.207869469988436,44.625670036985376],[1.208853744937942,44.62588499767458],[1.209690182480653,44.626268649234774],[1.210169446510771,44.62666272122417],[1.210432276789959,44.62696323845572],[1.210341438494783,44.627203100281406],[1.210396217351821,44.62734446405018],[1.211251141818364,44.628100306650886],[1.212464305465863,44.628734065138694],[1.213943301086529,44.62981424719621],[1.2142682782853,44.6299851874818],[1.21503007488322,44.630180289420565],[1.216245873919497,44.63065376024641],[1.217010511069465,44.63107851994998],[1.217384360440463,44.63118000055207],[1.218198014659389,44.631291270070705],[1.219037193777396,44.631273273744604],[1.219757381879947,44.63138932955218],[1.220525916344585,44.63157189471829],[1.220592391866627,44.63174315770552],[1.221029238825504,44.63192668403637],[1.221815050967086,44.63168178422018],[1.22235680010252,44.63165807815121],[1.222882385222836,44.63198710251461],[1.223544072947886,44.632759552350336],[1.223688109244057,44.633031113680566],[1.22372307518917,44.6334422999373],[1.223873120168361,44.63368334084326],[1.223950380168719,44.634033072509375],[1.225068056666428,44.634784020996214],[1.225458798934018,44.634910958783344],[1.225971090240237,44.63494259225246],[1.226617623609702,44.635277140901586],[1.226839659652907,44.63531492053052],[1.227450741852928,44.635293201282195],[1.228428413451597,44.63508374710568]]]}},{"type":"Feature","properties":{"CdOH":"05C0000002000886259","TopoOH":"","StatutOH":"Validé","SourceNomOH":""},"geometry":{"type":"MultiLineString","coordinates":[[[1.203949822730721,44.78683677032314],[1.204626963541426,44.788243587864315],[1.204769377799604,44.788773615334776],[1.205356366053959,44.789202774320884],[1.205318186412489,44.7895272542257],[1.204995407995592,44.790051551225496],[1.203967042418843,44.79104801430422],[1.203726002379981,44.79154661582743],[1.203686117739746,44.79184495204834],[1.204115706257366,44.79308476374358],[1.204191267965402,44.7939262006871],[1.204155629828311,44.79444794252307],[1.203959947743574,44.794714037441096],[1.204012554228893,44.79651148798994],[1.2039598861673,44.79669524781504],[1.203705674005466,44.796892853216505],[1.203546745743048,44.7974333107815],[1.203372205628644,44.79747280873572],[1.203355873532465,44.79778593597991],[1.203211940267895,44.798252791055525],[1.203220309804413,44.79870320250921],[1.203498911049468,44.79885090436791],[1.203567591559856,44.79927437585035],[1.203651052359347,44.79939370024119],[1.2035884002347,44.79985016562889],[1.20341735433692,44.799977974516935],[1.203405106952945,44.80016328981679],[1.203324370294591,44.800156578374875],[1.203240641420139,44.80024347581625],[1.203441725831427,44.800521402324534],[1.203416017760887,44.80104870946551],[1.202802324972099,44.80153046663072],[1.202410748257279,44.80214640166479],[1.202295423023871,44.80246963178724],[1.20219320438998,44.80408356741273],[1.201137098223197,44.80534432718161],[1.201112893178749,44.80582393002744],[1.201023963354668,44.80611246600186],[1.201117799694887,44.806263480216906],[1.201286397278187,44.80688489593158]]]}},{"type":"Feature","properties":{"CdOH":"05C0000002000886250","TopoOH":"Ruisseau de Niaudon","StatutOH":"Validé","SourceNomOH":"IGN;BDCarthage"},"geometry":{"type":"MultiLineString","coordinates":[[[1.208598336774868,44.54661615223209],[1.20908693568794,44.54617834932089],[1.209463171494604,44.54567028679775],[1.209690948876145,44.545078773976954],[1.209824360667514,44.544445209839125],[1.209752718605678,44.54372637842365],[1.20956695868689,44.54299308986702],[1.209080891700957,44.542200901761326],[1.208745906815335,44.5419649480568],[1.207589820454138,44.54137799033904],[1.207386066638664,44.54121259836803],[1.207241942855839,44.54095362579738],[1.207234681033498,44.53999271373685],[1.207319586105105,44.53973746071314],[1.207845513668362,44.539272357226615],[1.208063428492464,44.538991348833505],[1.208250471248329,44.538453207263984],[1.208207616158154,44.53813734992214],[1.20764090031812,44.53719076840401],[1.207425608868109,44.53612022530494],[1.207129494632994,44.535573338225085],[1.206876273573977,44.53462734248766],[1.206664393732335,44.53432224575662],[1.206587478525283,44.533136890175086],[1.206306054949218,44.53232640500396],[1.205947318516976,44.53173077300925],[1.205736111857385,44.530652190450404],[1.205577668510719,44.530171470401314],[1.20498317677098,44.52859770505494],[1.204614382121663,44.52812166651499],[1.204783246443625,44.52696732377362],[1.204748451625642,44.52679477017342],[1.203756285048866,44.525695374391915],[1.203377116601854,44.525111107968954],[1.20202121259501,44.52436865884283],[1.20155865735957,44.523953214071035],[1.201216719438576,44.5237423365653],[1.199686030162276,44.52311496909601],[1.19958557037096,44.52302868705559],[1.199675361302968,44.52262044335819],[1.199227829468459,44.52161633404026],[1.197654969953397,44.52014361979498],[1.197240523469316,44.51983969866144],[1.196575977727611,44.51956410531003],[1.195859756800302,44.519409224867545],[1.193384354225394,44.51916612193731],[1.192534755117781,44.519482677343625],[1.18953907962806,44.519804557671364],[1.188287619444778,44.52013159576487],[1.187670252761693,44.520230413791495],[1.185567804338313,44.51997435045701]]]}},{"type":"Feature","properties":{"CdOH":"05C0000002000886338","TopoOH":"","StatutOH":"Validé","SourceNomOH":""},"geometry":{"type":"MultiLineString","coordinates":[[[1.195504638683087,44.53308592016474],[1.19518696809823,44.5332175965642],[1.194804585365354,44.53348328326891],[1.19454517451397,44.533840126243845],[1.19422731671988,44.53401682016957],[1.193660628030936,44.53410119579443],[1.192656372853613,44.53409015895633],[1.192094732848412,44.53385944664889],[1.191483077226094,44.53342170553027],[1.190299707503127,44.53236137211321],[1.189609297214742,44.531436078292074],[1.188917372209114,44.53087274189225],[1.188957118155016,44.529044551877895],[1.188791738388046,44.52815668239036],[1.187729275287198,44.5267462242389],[1.187272024246001,44.526285781734764],[1.187217574581719,44.52613901235712]]]}},{"type":"Feature","properties":{"CdOH":"05C0000002000886268","TopoOH":"","StatutOH":"Validé","SourceNomOH":""},"geometry":{"type":"MultiLineString","coordinates":[[[1.198118169700741,44.804339827106965],[1.197758096835162,44.80397105226688],[1.196930537043001,44.803743267669695],[1.196235035640441,44.803736459794486],[1.195797875890688,44.80391756425395],[1.195178891426009,44.80452167073742],[1.194673599754838,44.80481513213229],[1.194159522219006,44.80490942539345],[1.193598428635861,44.80489218205713],[1.192561026491313,44.80466004580462],[1.191670435685397,44.80454376395231],[1.191316681772796,44.80456951432108],[1.186275018235407,44.80600461129308],[1.183390695686495,44.80706508879463],[1.183339225569946,44.807365933104066],[1.182681510553315,44.8080278753003],[1.181855907174998,44.80867805615669],[1.181411826694431,44.80871850470698],[1.181152517037143,44.8090303490045],[1.180767999206516,44.80934103953702],[1.180443976267844,44.809697749413786],[1.1803813611482972,44.81]]]}},{"type":"Feature","properties":{"CdOH":"05C0000002000886261","TopoOH":"","StatutOH":"Validé","SourceNomOH":""},"geometry":{"type":"MultiLineString","coordinates":[[[1.24203800626894,44.746118275121404],[1.242244253395602,44.746392605888595],[1.242317463679329,44.74667833349175],[1.242099998097789,44.74761233023525],[1.241954921873078,44.747968437455434],[1.24194556327182,44.748591452987675],[1.242102413714348,44.748950550249205],[1.242258666550738,44.74900525994135],[1.242439103650927,44.749256667789574],[1.24244302447654,44.749414322088704],[1.242688097779268,44.74982164542566],[1.242676138514842,44.750406797937465],[1.242938140221594,44.75148618221849],[1.24318787489085,44.75214932812388],[1.243703526297148,44.752755453211215],[1.243708593638029,44.75315987020929],[1.243574578469302,44.75336396653134],[1.243486566106553,44.753673253205],[1.242496342106189,44.75478681232912],[1.242092913160352,44.75507848724172],[1.240818791660028,44.75564991261703]]]}},{"type":"Feature","properties":{"CdOH":"05C0000002000886288","TopoOH":"","StatutOH":"Validé","SourceNomOH":""},"geometry":{"type":"MultiLineString","coordinates":[[[1.252518324450344,44.596044131154116],[1.25181210987813,44.59630310171991],[1.25085672550813,44.596834568905294],[1.248575493400743,44.59834004424157],[1.247685715356494,44.59882660113325],[1.246062846168739,44.59913673073487],[1.24500009719391,44.59861919304048],[1.244432420354107,44.59847420382783],[1.244282514791921,44.598512343459724],[1.24376290563714,44.59836181117794],[1.243474199587073,44.598648075642046],[1.243061298054911,44.59859198517655],[1.242362166914667,44.59898518028129],[1.242228529888635,44.598905613655454],[1.242211826710277,44.59875406807186],[1.24197558062821,44.59844865044122]]]}},{"type":"Feature","properties":{"CdOH":"05C0000002000886287","TopoOH":"","StatutOH":"Validé","SourceNomOH":""},"geometry":{"type":"MultiLineString","coordinates":[[[1.250557468538174,44.60867827811328],[1.249423448432242,44.60829742927215],[1.248825217402751,44.60795567581312],[1.248680074387712,44.60743380067671],[1.248287029016115,44.606614440932105],[1.248124899187106,44.60607158499684],[1.247829985336667,44.60558335371419],[1.246449388628531,44.604824866023215],[1.24386440841296,44.6030359928691],[1.243008449310174,44.60223086817572],[1.242472639555465,44.601871161960254],[1.242301080783027,44.601471323175495],[1.242299643579415,44.60066807550461],[1.242371827758012,44.600414388942525],[1.242437299851765,44.59952666066925],[1.242329582633759,44.598979259132804]]]}},{"type":"Feature","properties":{"CdOH":"05C0000002000886306","TopoOH":"","StatutOH":"Validé","SourceNomOH":""},"geometry":{"type":"MultiLineString","coordinates":[[[1.253452879747142,44.52299932326468],[1.252245840704498,44.52267406210258],[1.251380396067108,44.52225155010619],[1.250624750636845,44.52157594592227],[1.250118676364472,44.52088898672926],[1.249836536990352,44.520652197628145],[1.2486087181491,44.520390497905616],[1.247392895961617,44.51990476407147],[1.245761891813676,44.51982031889766],[1.243887319268835,44.51995978645308],[1.242014815408437,44.51950676154642],[1.241289842527993,44.51922507555014],[1.240548735207888,44.5184514837413],[1.239740289672039,44.517860503731214],[1.238509130359359,44.51678103171515],[1.238354605480575,44.51657056175305],[1.2381371399245,44.51587644755299],[1.237723506561021,44.515621319063676],[1.237171381337303,44.51512625877895],[1.237121479042303,44.51499129508141],[1.237281941839156,44.51448690772516],[1.237096811178745,44.513967094277795],[1.236881740138634,44.51368091794314],[1.236934195889963,44.51300822309539],[1.236676805036501,44.51258630340678],[1.23679696924234,44.512203733764984]]]}},{"type":"Feature","properties":{"CdOH":"05C0000002000886309","TopoOH":"","StatutOH":"Validé","SourceNomOH":""},"geometry":{"type":"MultiLineString","coordinates":[[[1.246239843126918,44.53746320311563],[1.245462245611348,44.53627395522783],[1.244991932150638,44.534596140830764],[1.244686233430219,44.534143755523786],[1.244188720775852,44.53386840847112],[1.242816123255557,44.533315298953674],[1.242177706261299,44.532997179044244],[1.241884019431875,44.532766488100904],[1.24161043867855,44.53253701712879],[1.241086882583738,44.53172457196859],[1.240665770562261,44.53077598840594],[1.239971581520348,44.53022915230272],[1.239038008095149,44.52977033852858],[1.237466432004617,44.52982989470457],[1.236920883132904,44.530047194501336],[1.236222091931819,44.53021341847134],[1.235799245673597,44.529806859643244],[1.235570575507886,44.52975277888139],[1.23533797599444,44.529784177740424]]]}},{"type":"Feature","properties":{"CdOH":"05C0000002000886335","TopoOH":"Ruisseau de l'Herm","StatutOH":"Validé","SourceNomOH":"IGN"},"geometry":{"type":"MultiLineString","coordinates":[[[1.248779553467537,44.5804410262287],[1.248733544289494,44.579893713306305],[1.248252377165707,44.57915940711838],[1.248040164141838,44.57889310526089],[1.247674714572358,44.57861176567154],[1.247362487629612,44.57815837970725],[1.24700762446676,44.57790151843717],[1.246401106000693,44.57718862687249],[1.246392337269968,44.57649782987885],[1.246346389138715,44.57643586869172],[1.245283618454254,44.57568961288129],[1.244864761129738,44.57514177779897],[1.244179217972854,44.574662639856086],[1.243782011334197,44.57402689909362],[1.243590076252478,44.573555604767975],[1.243754017345664,44.571809507398704],[1.243570232867429,44.571319433173485],[1.243613963746836,44.570561937058514],[1.243553690563236,44.56913914486864],[1.243605777996291,44.56859879420713],[1.243902359433704,44.56736627306324],[1.244386068177191,44.56615113425449],[1.244307766577112,44.56583382694963],[1.243936316653487,44.56570815955049],[1.243914850291582,44.565021665474376],[1.243796265264556,44.56474423813161],[1.243232724091746,44.564234617627505],[1.242962409135005,44.56377378260384],[1.242167210609683,44.56103722944894],[1.241525618961404,44.55931523697075],[1.241803212335541,44.55626619510817],[1.241122355832504,44.555281053922705],[1.241074785853403,44.555150629925144],[1.241224195228345,44.55500353357264],[1.241191627250188,44.55475538837779],[1.240635025731187,44.55370378863499],[1.240473756829763,44.552938529747955],[1.240022489745062,44.55250812161211],[1.239113234047441,44.55190382335752],[1.237784238929149,44.55159537322453],[1.237524855235613,44.55151379346463],[1.237446499054941,44.55140178612278],[1.236293287980096,44.55143289574235],[1.235816385860476,44.551179451039665],[1.234973490327852,44.550992190735506],[1.234496083277755,44.550795461125645],[1.233486423847902,44.55030386840994],[1.23265986292398,44.54971614680055],[1.232558394271441,44.54957855302023],[1.230921540217702,44.54844837296049]]]}},{"type":"Feature","properties":{"CdOH":"05C0000002000886330","TopoOH":"le Rieutord","StatutOH":"Validé","SourceNomOH":"IGN;BDCarthage"},"geometry":{"type":"MultiLineString","coordinates":[[[1.238629738844203,44.62156562782594],[1.239120904955649,44.62166440175009],[1.239897789209708,44.62222336813663],[1.240381952447972,44.62242558055011],[1.241375383895846,44.62356159155359],[1.241484169912392,44.62379294564016],[1.241455059655513,44.62395817172716],[1.241136431943125,44.62435021646374],[1.24101597396283,44.62473550838157],[1.240176318937601,44.62525703347936],[1.239841338250912,44.62601080984901],[1.239509939219049,44.626972654888746],[1.239371764854412,44.6276016953519],[1.239197687256564,44.62792670004996],[1.23909642312918,44.62830239108525],[1.238476322868785,44.62918039280462],[1.23798547077324,44.62939228987679],[1.237402844135536,44.62931276477668],[1.236983803858953,44.62932499360073],[1.2360079611316,44.62960118613013],[1.235525749880869,44.62981861331902],[1.235254697203291,44.630178984864465],[1.235078640134353,44.630284233131704],[1.232632997478085,44.631345563032504],[1.23216705101941,44.631365128458924],[1.231732721251844,44.631180786448304],[1.231292361776415,44.63114852899046],[1.230543900230574,44.631209492660865],[1.229969976684364,44.63173609760702],[1.229523541895549,44.631977484963045],[1.228982169151176,44.63214981312296]]]}},{"type":"Feature","properties":{"CdOH":"05C0000002000886314","TopoOH":"le Riol","StatutOH":"Validé","SourceNomOH":"IGN;BDCarthage"},"geometry":{"type":"MultiLineString","coordinates":[[[1.228058824711893,44.76472208268049],[1.226354130494499,44.762981994794764],[1.225310245756055,44.76217461249482],[1.224400203528329,44.760371572548216],[1.224059786278288,44.75998429067096],[1.223253397797077,44.75962375747512],[1.222845068004528,44.759066082342805],[1.222725733195349,44.758362652157295],[1.222455980573774,44.75801972429134],[1.221883401763979,44.757700753740586],[1.221478243068613,44.757603297362245],[1.220902499861818,44.75722483557796],[1.22052338194056,44.75678378965522],[1.219938172720002,44.75626558789969],[1.219839609771985,44.75602536285538],[1.219667743814017,44.755865008012805],[1.219346153344919,44.75520425144975],[1.218135847897056,44.753952863486326],[1.217917343610686,44.75327034669248],[1.217823414043248,44.752485371543735],[1.217997362029819,44.75226033444618],[1.217918474152702,44.75199791090093],[1.217511703430075,44.75151408468423],[1.217463393946647,44.75112427706472],[1.217559873776342,44.750831354939365],[1.217502189341585,44.750498130179366],[1.217244660399792,44.75021031863702],[1.216341273646898,44.74948705880082],[1.216205066793922,44.749199396886006],[1.216526532432623,44.74838688857282],[1.216557071838096,44.7482207816721],[1.216485947601717,44.74811247331978],[1.216489055860448,44.74785497106661],[1.21676628331407,44.74708227438353],[1.216825906491898,44.74651679944249],[1.216618740392301,44.746195576924016],[1.21635928181899,44.74604911581445],[1.21610673810694,44.74572446011585],[1.216176335923935,44.74536266649749],[1.216148171138643,44.745174902382516],[1.21621840426304,44.74499232483726],[1.217018180497392,44.74399840596731],[1.216637057893135,44.743704101182146],[1.216800713907858,44.743364533904696],[1.216809924878867,44.74291441674422],[1.216714858137397,44.74260490487577],[1.216152469041982,44.74173134054736],[1.21576100630483,44.74144497092768],[1.21518866745584,44.74132408494028],[1.214181012391035,44.74122409536847],[1.213702972969938,44.7409588358064],[1.213469415998237,44.74067410360505],[1.21287460876305,44.74026647425963],[1.211873199126317,44.7398513782282],[1.211500313461627,44.73957790050145],[1.211000979129399,44.73934740588839],[1.209489745625222,44.73915188719736]]]}},{"type":"Feature","properties":{"CdOH":"05C0000002000886286","TopoOH":"","StatutOH":"Validé","SourceNomOH":""},"geometry":{"type":"MultiLineString","coordinates":[[[1.2192897452767,44.57113774177308],[1.22002549997877,44.56953775895898],[1.220308211954019,44.56876160717792],[1.220481330090324,44.567785585864996],[1.220168243892381,44.566689171455124],[1.220159394218615,44.565092496998865],[1.220269349607678,44.56464133326414],[1.219710019233116,44.564444119846165],[1.220594931367133,44.56194517546604],[1.220814086707739,44.561505676622325],[1.221244210194923,44.55960721777212],[1.221009134473072,44.55911357704569],[1.221060727245353,44.558835263641136],[1.220996793205621,44.55854608441525],[1.220711308315062,44.558133573430474],[1.220403569273389,44.55782785852267],[1.220305105628051,44.55763537277722],[1.220310734282308,44.557496791721846],[1.220443610223354,44.55723689765679],[1.222005955195036,44.555496253458095],[1.222233457848327,44.55467058864905]]]}},{"type":"Feature","properties":{"CdOH":"05C0000002000886313","TopoOH":"","StatutOH":"Validé","SourceNomOH":""},"geometry":{"type":"MultiLineString","coordinates":[[[1.225976031032787,44.682554837364734],[1.226433583323128,44.68225419764453],[1.227437980312703,44.68186326106881],[1.228626101175797,44.68156981008576],[1.229221442226803,44.68158294046535],[1.232744536217052,44.681210620358115],[1.233010093966134,44.68139586290067],[1.234105188304465,44.681089161702474],[1.23510588645332,44.68089440811434],[1.235821364242456,44.68065817804822],[1.236417289123171,44.680652368538766]]]}},{"type":"Feature","properties":{"CdOH":"05C0000002000886289","TopoOH":"","StatutOH":"Validé","SourceNomOH":""},"geometry":{"type":"MultiLineString","coordinates":[[[1.235755782223431,44.635000095913234],[1.235538995781212,44.63471388283215],[1.235188229454942,44.633994196321055],[1.234273423028349,44.63312412566502],[1.233963788189205,44.632742775724786],[1.233695113254119,44.63193974972917],[1.233438811309429,44.63146649994616],[1.232779950472709,44.63128397727276]]]}},{"type":"Feature","properties":{"CdOH":"05C0000002000884021","TopoOH":"l'Ouysse","StatutOH":"Validé","SourceNomOH":"IGN;BDCarthage"},"geometry":{"type":"MultiLineString","coordinates":[[[1.56700198090182,44.793628342947365],[1.566176632459382,44.793611370038896],[1.565549855239169,44.79374193500892],[1.565199173407273,44.793905784849905],[1.56503094632059,44.794055786602925],[1.564883865635381,44.79431862005797],[1.564914460993384,44.79455673906423],[1.565141767193548,44.794817213991905],[1.565151216353913,44.794992026688554],[1.56500753675031,44.79536926363965],[1.56468336977222,44.795781983958015],[1.563439539777549,44.796551083730336],[1.562289313641822,44.79697200250306],[1.561613150815629,44.7973009089813],[1.560209835233241,44.79831913565795],[1.560102889921392,44.79844561352099],[1.560094846817692,44.798710246752904],[1.559999390505716,44.798881897147],[1.559399589719203,44.799338748473225],[1.558995397202933,44.79986117158867],[1.558363981186783,44.80105689215227],[1.557707142131366,44.80201005292532],[1.55741724440172,44.80266092389993],[1.556921161395126,44.80306598457093],[1.556736896330954,44.80329680849068],[1.556735698248801,44.803983851896504],[1.556927561131466,44.80454103855567],[1.557302422107915,44.80531131582383],[1.557654511919902,44.80568778992362],[1.558352559666629,44.80608857087395],[1.560184256706547,44.806971414846636],[1.561038798217843,44.807239139523375],[1.562886154286101,44.807611574568575],[1.563021153283821,44.807724081623554],[1.563232316364315,44.80807349846841],[1.563157428706325,44.8083309633629],[1.562929234851277,44.80859814806241],[1.562499914401551,44.80876637536333],[1.562074527361659,44.80883019740665],[1.560719614306835,44.80868835800855],[1.559713237662063,44.80847088670094],[1.559090595224437,44.80843308368987],[1.558883095214906,44.80848441600184],[1.558687098638301,44.808679072408694],[1.55867474087426,44.80901298680877],[1.5592528439287843,44.81]],[[1.57,44.79492916118857],[1.569343205331191,44.795349649027834],[1.569026031871782,44.7954392047388],[1.568673222582706,44.79543825301448],[1.568517257887098,44.795355197775194],[1.56700198090182,44.793628342947365]],[[1.57,44.789704091210055],[1.568998744220592,44.79025127562905],[1.568501904050826,44.79119034938586],[1.568589651008992,44.79141929969288],[1.568757123349373,44.791546626155615],[1.569286759668573,44.791405785499805],[1.569613789165488,44.79152436382332],[1.569893507016456,44.79176299314362],[1.57,44.79195041459296]],[[1.57,44.79201658188048],[1.569937731273984,44.792261520255614],[1.569616238598653,44.79242215830399],[1.569255400941348,44.79238958836226],[1.568900548082385,44.79217159879723],[1.568490220299207,44.79204654018192],[1.568281158422453,44.79211227616685],[1.56810802908358,44.79230634178965],[1.56769078734194,44.79304833858171],[1.567435533049549,44.79333859262623],[1.56700198090182,44.793628342947365]]]}},{"type":"Feature","properties":{"CdOH":"05C0000002000886321","TopoOH":"le Merdalou","StatutOH":"Validé","SourceNomOH":"IGN;BDCarthage"},"geometry":{"type":"MultiLineString","coordinates":[[[1.12,44.73067216142657],[1.120831099766216,44.73085887241261],[1.121819975077055,44.730981911857356],[1.123777019857707,44.73162205492801],[1.124350017803838,44.73205592023382],[1.125464145899381,44.73262952250561],[1.126029466487731,44.732725542116064],[1.127480302924823,44.732787003315146],[1.127915943236204,44.732945660337094],[1.129161581612599,44.73401134722797],[1.12942925514283,44.734092415095056],[1.130165101398311,44.7340760226296],[1.131036081483931,44.734669777366314]]]}},{"type":"Feature","properties":{"CdOH":"05C0000002000886279","TopoOH":"","StatutOH":"Validé","SourceNomOH":""},"geometry":{"type":"MultiLineString","coordinates":[[[1.122111618195356,44.720954726154936],[1.121915080957845,44.721166624108314],[1.121385617506424,44.722422013945256],[1.12144181147262,44.72319834040419],[1.121341092977229,44.7235667576913],[1.121073609160901,44.724049417022655],[1.120963931900362,44.72464822299713],[1.120996348433868,44.725682604916415],[1.1209489799591,44.72615549083463],[1.120580272249677,44.727474845223746],[1.120435051940361,44.72841886022529],[1.120355781105874,44.728636348887825],[1.120190564440093,44.72881725720101],[1.120226757797255,44.72917088786729],[1.12,44.7296426998232]],[[1.12,44.73025019596425],[1.120359601255006,44.730753611606474]]]}},{"type":"Feature","properties":{"CdOH":"05C0000002000886267","TopoOH":"","StatutOH":"Validé","SourceNomOH":""},"geometry":{"type":"MultiLineString","coordinates":[[[1.12,44.73406367301485],[1.121429433224074,44.73393900695307],[1.122433520450152,44.733380579663226],[1.123575766443476,44.73242914212382],[1.123876183888446,44.73236128674575],[1.124392167914986,44.73208004839721]]]}},{"type":"Feature","properties":{"CdOH":"05C0000002000886246","TopoOH":"l'Embalay","StatutOH":"Validé","SourceNomOH":"IGN;BDCarthage"},"geometry":{"type":"MultiLineString","coordinates":[[[1.12,44.80511905547276],[1.121225914097718,44.80580510778999],[1.121819537464388,44.805908823081936],[1.123601156324928,44.8069557323448],[1.124224475725312,44.807458891829825],[1.124688143723148,44.80766666115269],[1.124936701424374,44.8079518434622],[1.124834213971057,44.80814193314342],[1.124737050426776,44.80866532572108],[1.124969488776143,44.80909252635554],[1.124899033405149,44.809687516287404],[1.1250059144444295,44.81]]]}},{"type":"Feature","properties":{"CdOH":"05C0000002000831663","TopoOH":"la Dordogne","StatutOH":"Validé","SourceNomOH":"IGN;BDCarthage"},"geometry":{"type":"MultiLineString","coordinates":[[[1.2201671336902937,44.81],[1.220764399733911,44.80902271669101],[1.220969204988038,44.80838751210513],[1.22098742115715,44.807532281858116],[1.220772427956784,44.80681109469597],[1.220620651802815,44.806610538641415],[1.220254695839306,44.806342606334546],[1.219608305290397,44.80602244184786],[1.218037285716953,44.80554063031383],[1.21719428936113,44.805517175330934],[1.216126592769473,44.80551891729092],[1.213718383768224,44.80566836836865],[1.209026475995272,44.80567104233759],[1.207255987086413,44.80593331373817],[1.2045217109736,44.80599264221847],[1.201926924519951,44.806673746547865],[1.200252085537028,44.80726526010352],[1.198394757447658,44.80770789463062],[1.194431801877164,44.8078136503268],[1.191740706751087,44.80829663055439],[1.188682016317088,44.80919320354052],[1.1863486245919925,44.81]]]}},{"type":"Feature","properties":{"CdOH":"05C0000002000885200","TopoOH":"la Melve","StatutOH":"Validé","SourceNomOH":"IGN;BDCarthage"},"geometry":{"type":"MultiLineString","coordinates":[[[1.403978856844807,44.77147535917392],[1.403766611887718,44.7717379484563],[1.403641651212437,44.771775770480374],[1.401833503211536,44.77170108645864],[1.400804746256122,44.77191407303221],[1.400241258964271,44.77212476167373],[1.399021191166004,44.77306257098015],[1.398655015534417,44.77322477347282],[1.396704605380617,44.772817468764046],[1.395760160429794,44.77237786833735],[1.395173755692615,44.77219468293784],[1.393217082469481,44.772362642907176],[1.392521926733132,44.772048195190635],[1.39151293427777,44.771745397918224],[1.390041473548249,44.77178886960288],[1.389404161715049,44.77161842135229],[1.389089466530941,44.7716597733177],[1.388984972305415,44.77173299583065],[1.387267851215545,44.77170262088397],[1.386920346894724,44.771874061560396],[1.38608894224717,44.77207987899121],[1.385505709392967,44.77205157390524],[1.385134400776215,44.77212720950223],[1.384721691750437,44.77232380787389],[1.383238924034273,44.77280376693945],[1.382703393332871,44.7727869489945],[1.381096043542992,44.773202026997204],[1.380388903381044,44.77374460339881],[1.37920011427767,44.774373785649175],[1.379099547792244,44.774748724405406],[1.378824316140737,44.77491129187058],[1.378617968021273,44.775359424703154],[1.377645438629005,44.77567747951953],[1.376996610308087,44.77603718676792],[1.376175162073751,44.776376351666556],[1.376419689843742,44.77657714358863],[1.376354940470464,44.77676169861197],[1.374464319102433,44.778310769447806],[1.373857110875643,44.77840992375066],[1.373900385492055,44.77861857484822],[1.373858553196428,44.7787098125243],[1.373299500885415,44.77915456317919],[1.373207392942574,44.779453979718674],[1.372928735360365,44.77973354862903],[1.372412065087659,44.78081017080054],[1.371998908865619,44.78110577291531],[1.371831508909249,44.78112312544324],[1.370934321920987,44.7819780310911],[1.365822526307735,44.783843384679464],[1.364881188383976,44.78429866856015],[1.36416420588587,44.78425657336654],[1.363593856795719,44.784346311175675],[1.362461899520504,44.784355711210985],[1.361325241423385,44.78448299677368],[1.361204850529738,44.784448798855145],[1.3611796063908,44.78427372710023],[1.361076433902366,44.78421276832972],[1.36048727922352,44.78429680915388],[1.359300621623326,44.7848807929517],[1.358361275653665,44.78548193463501],[1.358000378249151,44.78562967645264],[1.357039061644741,44.78594321949145],[1.35612578777903,44.78608366836598],[1.355484047835962,44.78632179104351],[1.354350798994324,44.78719467929193],[1.353536745578955,44.787357291807645],[1.352760861111629,44.7877275831083],[1.352340529555322,44.78783119942356],[1.351296941167644,44.78762747809061],[1.35080798933512,44.78800112215241],[1.34990004961582,44.78830279157097],[1.349780975812764,44.78852524676944],[1.349153859512469,44.78890943449183],[1.348949311824322,44.7892864048246],[1.348393998196983,44.789851760377836],[1.348151208991242,44.79019574133848],[1.347479789057553,44.79062338532803],[1.347325586387754,44.79092185833002],[1.34690854406508,44.79117048639116],[1.346580769901602,44.79178064976258],[1.345692720589555,44.79247790874053],[1.343989403839442,44.79346015747586],[1.34259277665403,44.794032728892056],[1.341503475202787,44.794775575517626],[1.341118067626188,44.794893180754535],[1.340749619234306,44.79490747909682],[1.340097078025056,44.794049425936315],[1.339830703552046,44.79390495731861],[1.339124768343628,44.79327122787587],[1.339016610752413,44.79307959877036],[1.338499485453534,44.79273325665965],[1.337156796715679,44.79284910589739],[1.335996966225916,44.792683120130064],[1.33518499168731,44.793069860129954],[1.335050227196431,44.79330737408619],[1.335028793312507,44.793518673758925],[1.334632958842375,44.79368923042842],[1.333654186224236,44.79377178089286],[1.332464756097798,44.793580098910134],[1.332203424930239,44.79365001077044],[1.331238145519247,44.793703926333436],[1.330216826696709,44.79398392024761],[1.329763311502502,44.79400950818235],[1.329215361480854,44.79385086599583],[1.328831623366305,44.79323092912053],[1.328503542793632,44.792993649863526],[1.327921545820656,44.792364417136675],[1.326835822491508,44.79174919324936],[1.32625976734677,44.79155859383532],[1.324263783606983,44.7917418674443],[1.324260977343153,44.79124203689289],[1.324183435036679,44.791170624389046],[1.322604582610636,44.79106390118165],[1.322163650324936,44.79117699847286],[1.321195753990241,44.7919548045081],[1.320286246801937,44.79221658856837],[1.319024946671734,44.79223169277129],[1.318584427548428,44.79237269853222],[1.317722599332584,44.7923506202771],[1.317014547776553,44.792514575962315],[1.316644524034353,44.792497251901025],[1.315981162254106,44.792731219724715],[1.315616463410494,44.79270496790912],[1.313972700836077,44.79294833963286],[1.312795349865562,44.79357880614491],[1.312394686005782,44.793950027553564],[1.312195383389352,44.79435403024462],[1.312004930600398,44.79454744499655],[1.311534625033553,44.79471048302003],[1.308917123267233,44.79528474996918],[1.30824186792918,44.795869695810296],[1.307571369445575,44.79617014466984],[1.30675490217773,44.79631977405109],[1.306813633559397,44.79659533101246],[1.306684695611716,44.79667711086235],[1.305668887357371,44.79660035778392],[1.304540687235679,44.79668577251721],[1.303998342752421,44.796552305332405],[1.303340779576235,44.79612980479309],[1.302509839549706,44.79642326577781],[1.300575932198486,44.79751479830285]],[[1.404373693232366,44.770703017332636],[1.40382646406164,44.77105443486795],[1.403978856844807,44.77147535917392]],[[1.404373693232366,44.770703017332636],[1.40462453723854,44.771084835733866],[1.403978856844807,44.77147535917392]],[[1.445703440798096,44.76094286238455],[1.445199625537085,44.76083404035489],[1.44420904064781,44.76100563673345],[1.443741477831553,44.76118547117715],[1.442123663227693,44.76145989858299],[1.441367911714209,44.76186799593558],[1.440860726186997,44.762017545284785],[1.439765546554996,44.76203995165024],[1.439356754568081,44.76196846013822],[1.438411182573847,44.76229282089191],[1.438390248705238,44.76250053757653],[1.43781867739078,44.762692389132056],[1.436375820656384,44.76339963139432],[1.435614252852241,44.763469026524035],[1.435220911125745,44.76365977888801],[1.434268214658542,44.763784096994485],[1.433537669364799,44.76396467592712],[1.433312325288504,44.763886750197265],[1.433193391421876,44.763346578729475],[1.432918319131893,44.76278528919772],[1.43272081399983,44.76252495747032],[1.432559812817392,44.76208864671681],[1.432239155553662,44.76171221061144],[1.431759346298606,44.76137764515528],[1.431468928179559,44.76105026088279],[1.431217468810514,44.760957553363745],[1.430533349182318,44.76087942954004],[1.430105063194174,44.760918387188944],[1.428659699430305,44.76085377789004],[1.427742116274527,44.76062734791758],[1.426872223604984,44.760187271766256],[1.426647164760138,44.760190379976954],[1.426267989853121,44.76037139625422],[1.425354879441148,44.7605727405589],[1.424645126668641,44.760507723264],[1.42391914457714,44.76075133732899],[1.423487051693163,44.76106126170178],[1.423363971681463,44.761078420857686],[1.422706924383658,44.761026747867106],[1.421909004840485,44.760725431094244],[1.421503454328783,44.76067463066349],[1.419065225926037,44.760770443274296],[1.41710825539602,44.761055876759585],[1.416277692771973,44.76137628997611],[1.415814647951696,44.76170645405544],[1.415246311589259,44.7619603700839],[1.414524079781351,44.7626965446287],[1.413744274415362,44.76336705561202],[1.41323202367615,44.763334508463004],[1.412631137019712,44.763934634100735],[1.411433067413117,44.7648233599478],[1.410256550119217,44.76552958318242],[1.409738461224446,44.765792297411394],[1.408886408830142,44.76610874704206],[1.408152063257913,44.766285503865475],[1.407891767077908,44.76655011129267],[1.408387496815322,44.7668994185768],[1.408032850896389,44.76732656092163],[1.407879580381946,44.767337866560304],[1.407379357278684,44.767593623042146],[1.406772659635992,44.768261172789884],[1.406792054715959,44.76971844880464],[1.405831343564229,44.7707438037308],[1.405668030918654,44.77075226054429],[1.40508135549728,44.77048898005802],[1.40501231644435,44.770560926531104],[1.40456457634702,44.77061391486429],[1.404373693232366,44.770703017332636]]]}},{"type":"Feature","properties":{"CdOH":"05C0000002000885197","TopoOH":"","StatutOH":"Validé","SourceNomOH":""},"geometry":{"type":"MultiLineString","coordinates":[[[1.379963212694843,44.797606243743274],[1.378786502644345,44.79722884256724],[1.37816587179977,44.7968658671117],[1.377784292900072,44.796721607091044],[1.37594663881159,44.79663437313176],[1.373715312432216,44.796253172653884],[1.372627793714712,44.79629214805564],[1.371401271471552,44.79689459123598],[1.370813738939203,44.7972677764841],[1.37014296121761,44.7975019571857],[1.368818361516086,44.797472573878885],[1.367667117550341,44.79709182617758]]]}},{"type":"Feature","properties":{"CdOH":"05C0000002000885195","TopoOH":"","StatutOH":"Validé","SourceNomOH":""},"geometry":{"type":"MultiLineString","coordinates":[[[1.367179152336856,44.75998654149366],[1.366958310299417,44.760279551409305],[1.366760625950902,44.760819639107964],[1.366445608013464,44.76126524556099],[1.365558142172285,44.76175013610957],[1.365013108909862,44.76215092309289],[1.364370308532278,44.762697046197054],[1.364150331274184,44.762959446905626],[1.363389825740395,44.763119313230526],[1.363287309442434,44.76334112344369],[1.362749446720375,44.764058982375566],[1.361938231498512,44.764700758830536],[1.360550132883408,44.76553210770212],[1.360232181960627,44.765815564485926],[1.359584484912777,44.76613646366718],[1.358107258259995,44.76633791277483],[1.357659012087499,44.76649426210831],[1.357150468905753,44.76698380270752],[1.357057555844442,44.76722195934821],[1.356623000213437,44.76786117778922],[1.355838299547337,44.768456479220994]]]}},{"type":"Feature","properties":{"CdOH":"05C0000002000885203","TopoOH":"","StatutOH":"Validé","SourceNomOH":""},"geometry":{"type":"MultiLineString","coordinates":[[[1.383343744652935,44.74633343915183],[1.38298097862118,44.74642539791745],[1.382555098626011,44.74638316139527],[1.382136833852089,44.746471605673605],[1.381607484530133,44.74664397240059],[1.380627482175445,44.74710781319744],[1.379162197873971,44.74897651940707],[1.378844097090568,44.74927172940157],[1.378198859639413,44.74960537403908],[1.377852753574767,44.74990737537936],[1.377360690877965,44.75005595527892],[1.375693805711574,44.75115354587283],[1.375048891976643,44.751474570801484],[1.374444705216225,44.75147921549875],[1.372709062381555,44.75097467392797],[1.37238952229593,44.75109965155037],[1.372183574660091,44.75127312299071],[1.371897172014002,44.75178129661976],[1.37121388425759,44.75172442817442],[1.370044601226451,44.75199809291043],[1.369445903076859,44.75229275092889],[1.369015997217279,44.75260609957131],[1.368645118319915,44.75271410205588],[1.367839738795373,44.75311917100868],[1.366884773698582,44.75345269137252],[1.366647821367186,44.75373555671747],[1.366247318253193,44.753949373385296],[1.364335859461837,44.75366723214485],[1.362698947540294,44.75311446313015],[1.362329316375701,44.753222463162295],[1.361295947831769,44.753339557894655],[1.360388732607269,44.75368093311865],[1.359704122705238,44.75401569130264],[1.359295374484027,44.75451121747482],[1.358802369853943,44.75490553892354],[1.358520607995511,44.755249858481505],[1.358357693670894,44.755115971936384],[1.358218762520034,44.75511301296368],[1.358056705438911,44.75525289058561],[1.357157490908097,44.75553492588659],[1.356302222042307,44.7559995070423],[1.355694697586504,44.75624623541025],[1.354057258718589,44.75752585012358],[1.352516774579982,44.758470096047645],[1.351455948561801,44.75930439323863],[1.350673366918845,44.759226110728456],[1.350240927634021,44.75962039719349],[1.350201084713774,44.75985843731608],[1.350114324078421,44.75997240996705],[1.350222497178078,44.76029189812785],[1.350048785541419,44.76056936830797],[1.349395363917629,44.76078386266411],[1.34892823035932,44.761024542105716],[1.348437400463264,44.76129728463727],[1.34744635637973,44.76203262995601],[1.346884918439162,44.76229890995316]]]}},{"type":"Feature","properties":{"CdOH":"05C0000002000885198","TopoOH":"","StatutOH":"Validé","SourceNomOH":""},"geometry":{"type":"MultiLineString","coordinates":[[[1.361378038692987,44.81],[1.361486487524262,44.80980057287016],[1.361722782717598,44.80976624186989],[1.362097959658713,44.809307117073],[1.362517519598395,44.80906116808707],[1.363000241932236,44.807080857655535],[1.363515879664678,44.805967327187766],[1.362875822506486,44.80588043628729],[1.362956092786024,44.80555653556533],[1.362593905433357,44.80539720065426],[1.362981683811499,44.80489503546311],[1.363614779109824,44.80500343549396],[1.364685708139894,44.80458428443737],[1.365789210364999,44.80321826370667],[1.366919911864048,44.80256854120789],[1.367760562086784,44.80180107432859],[1.367896404390417,44.80160946365744],[1.367931723043953,44.80148211078906],[1.367864500138258,44.801227177095896],[1.367643365577241,44.80091504664782],[1.367362422012518,44.80013647072217],[1.36675680196803,44.79943235760008],[1.366371468354295,44.799287102198285],[1.366056582845703,44.79841527029894],[1.365876508233605,44.79812715463046],[1.366089562421747,44.797759283601025],[1.365982456805941,44.79739750091375]]]}},{"type":"Feature","properties":{"CdOH":"05C0000002000885211","TopoOH":"Ruisseau de Rivalès","StatutOH":"Validé","SourceNomOH":"IGN;BDCarthage"},"geometry":{"type":"MultiLineString","coordinates":[[[1.360758080810701,44.62308298780707],[1.362296543521102,44.62320483972596],[1.362842002062496,44.62330836711595],[1.363339683061985,44.62327701674984],[1.363763939870713,44.62334272695258],[1.363919211825803,44.6234665863498],[1.363977240461305,44.623987007346834],[1.364252117546077,44.62446471396402],[1.364232876462334,44.62482371069719],[1.364402121022656,44.625422315866174],[1.364351450049444,44.62577814638463],[1.364676637642979,44.626347542403586],[1.364789834353306,44.626966028611456],[1.364730502512847,44.627185762619845],[1.364534585253329,44.627462906281195],[1.363878366391478,44.62778546515902],[1.363795885894658,44.62810750821429],[1.364005977926793,44.628602266266554],[1.364585941809402,44.62917002994337],[1.364913101668692,44.62962869874014],[1.365036230480867,44.63007894687478],[1.365412124026388,44.63046629834796],[1.365405576433863,44.63056164993506],[1.365267165401421,44.630725287557674],[1.365258216436143,44.63090344565602],[1.365497622475864,44.63117081892628],[1.365601551192133,44.631413677680136],[1.365761147363864,44.63191128799741],[1.365892123841108,44.63283078954768],[1.366018928071362,44.63319824917634],[1.365969946528983,44.63358292106763],[1.365688646241831,44.63432524292897],[1.365364231636331,44.63485802075952],[1.365081376880922,44.63565344571696],[1.365080597997891,44.63585423642289],[1.365233080619658,44.63603208028907],[1.365139273370904,44.63648362402178],[1.364722780412362,44.63679892912928],[1.364352864959212,44.6375516444349],[1.364343890959914,44.637600136488594],[1.364489137469636,44.63767972437308],[1.364423489607018,44.638377509826505],[1.364581924494989,44.638785059913396],[1.364991489346628,44.639317885285266],[1.365054202841023,44.639895106766645],[1.365596785515821,44.64101699643155],[1.365843452919392,44.641252960556095],[1.366447875928831,44.64150411452344],[1.366594726816111,44.64178992863252],[1.366138832908614,44.6434634532245],[1.366075431143601,44.64552007031746],[1.366904381069378,44.646556139150064],[1.367312673969101,44.64752746251088],[1.367383095168743,44.647883284116055],[1.367233965703251,44.648459179308475],[1.366644526783209,44.64890701028409],[1.366408664396366,44.64942849651405],[1.365145928115212,44.650517408154336],[1.364081155865009,44.6517380011506],[1.363623972129264,44.651973463006144],[1.362214384810526,44.653727415878656],[1.360258273281804,44.655227425428386],[1.359905409749676,44.65564811447692],[1.359805237586778,44.65596899615919],[1.360033142720793,44.65659099599117],[1.360213831441329,44.656798080716776],[1.360482633874607,44.65696865159035],[1.360598343287535,44.657327851908065],[1.360560544511071,44.65767307101036],[1.36081694578669,44.658573736115365],[1.360691885372543,44.65962002698986],[1.360806021933425,44.65994678720393],[1.36095745221841,44.66011921943998],[1.361151019535433,44.6602310439284],[1.362124017721114,44.66122066122395],[1.362699712943358,44.66168572067057],[1.362799844247241,44.661887106514925],[1.364112656128923,44.663038416069874],[1.364299636043551,44.66342117840837],[1.364305330756902,44.66370310914272],[1.364271959419665,44.663852993916244],[1.364028339689126,44.664204176045814],[1.36428705397818,44.66441961169991],[1.364669518249216,44.664892609144665],[1.364695827293273,44.66524688219558],[1.364785837245547,44.66549314013857],[1.36505123224168,44.66569606616463],[1.366020302105777,44.666043556591994],[1.366399695866906,44.666275177026314],[1.366592765416336,44.66714517908558],[1.366400310956851,44.66738546411005],[1.3664023459886,44.667576393586245],[1.366526065446219,44.66774840896974],[1.367029306915948,44.66806109694795],[1.367359043478136,44.66909249816639],[1.368894456427035,44.66949424255643],[1.369548149749348,44.66984155369726],[1.369669052362629,44.669936984116354],[1.369727911302742,44.670126949927614],[1.370421121338193,44.670504553557414],[1.370772160417964,44.67084559828117],[1.371495024294832,44.671027329459825],[1.371951054931996,44.67092328306533],[1.372155942461436,44.670994733362605],[1.372505044953669,44.6714032791259],[1.372620614022517,44.67181469240017]]]}},{"type":"Feature","properties":{"CdOH":"05C0000002000885153","TopoOH":"","StatutOH":"Validé","SourceNomOH":""},"geometry":{"type":"MultiLineString","coordinates":[[[1.364130749169471,44.722736775812116],[1.362406160951945,44.72327499235526],[1.361658966462274,44.723863666192294],[1.361281587856592,44.72402737449218],[1.361116478314074,44.72423204364914],[1.360112079148898,44.72471694669317],[1.358665364405318,44.72559870592504],[1.358606571433728,44.725968836518234],[1.358817218159245,44.72684543398502],[1.358828323746324,44.727330962975614],[1.358763085627549,44.727705500838645],[1.358594648581912,44.72802357934645],[1.358523932352043,44.72832599672328],[1.358642409203938,44.729158005478844],[1.35859450915219,44.72963095405144],[1.35872599869678,44.729843617688594],[1.357541784217382,44.73038256636536],[1.356212907988505,44.730553756019496]]]}},{"type":"Feature","properties":{"CdOH":"05C0000002000885186","TopoOH":"","StatutOH":"Validé","SourceNomOH":""},"geometry":{"type":"MultiLineString","coordinates":[[[1.3585056015282,44.628907934870085],[1.358452579007216,44.62925652519084],[1.358484788812096,44.62953614531894],[1.358604307495931,44.62976213375196],[1.359036519660768,44.629945939691545],[1.359460903502415,44.630398864641066],[1.359503075290651,44.631073032938104],[1.35998546127903,44.63130980607587],[1.360192742038413,44.63203054561932],[1.36012430922798,44.63234559154289],[1.360206174691345,44.63247917308625],[1.360571449008232,44.632667382827314],[1.360614318719084,44.63279768447554],[1.360691299278171,44.633446255512865],[1.360325983176897,44.634299876441325],[1.360256313986948,44.63461400395974],[1.360251785749856,44.635073171009786],[1.360546496206766,44.63565023321661],[1.361522923585274,44.636203180929364],[1.362215071676216,44.636904987725565],[1.363026947618337,44.6372627861975],[1.363675613153883,44.63763887409486],[1.364469637001133,44.63791715718854]]]}},{"type":"Feature","properties":{"CdOH":"05C0000002000885215","TopoOH":"le Vert","StatutOH":"Validé","SourceNomOH":"BDCarthage"},"geometry":{"type":"MultiLineString","coordinates":[[[1.26091470931638,44.51284133384547],[1.260490981537894,44.512135013297126],[1.260242972582139,44.512015846804516],[1.259858628646912,44.512033197212745],[1.259158685570291,44.51224636520523],[1.258526481848793,44.51218056139103],[1.25794410908207,44.51221278817999],[1.255502827294364,44.51213099515005],[1.254482000677807,44.51222110215507],[1.253693915389233,44.512109583233205],[1.253076735709027,44.51188370743509],[1.251547988489064,44.51167400133997],[1.250822680740955,44.51173003814043],[1.249638190722899,44.51202550755412],[1.249374924806735,44.51203393693434],[1.249171578092064,44.51193616397068],[1.248524461828843,44.51129648466556],[1.247659209374975,44.51136108430562],[1.246530012673308,44.51096946090115],[1.246395796902817,44.5109961419226],[1.246235533783044,44.511213302468015],[1.246003743355709,44.51126184350997],[1.245448205840471,44.51095676506913],[1.245075464276243,44.5109247241196],[1.244782044175458,44.51097228230008],[1.244524341827173,44.51112575977914],[1.244086632327193,44.51152399381841],[1.243994836747145,44.511764752003245],[1.243692236512858,44.5120264667116],[1.243357915428382,44.51213460029968],[1.242576807708214,44.512123061920605],[1.242229919767476,44.51247321127902],[1.242084403835441,44.512539326656736],[1.241812548595365,44.51262143758847],[1.241194638599553,44.51262239483274],[1.240841747258608,44.51276084003357],[1.240535830225984,44.51300718608133],[1.240366108141631,44.51304229815363],[1.24010318431958,44.512918345658925],[1.240007679961838,44.512590861476035],[1.239847653121658,44.512395613669575],[1.239088831995006,44.51251677149844],[1.238241118699446,44.51246181858098],[1.237165901080117,44.51231768224139],[1.236159113543256,44.51199724165434],[1.235528148171938,44.511892606280064],[1.234533063855488,44.51184247137561],[1.231098927429464,44.51107791633688],[1.230808746657054,44.51098141815102],[1.230329840630118,44.510602754049074],[1.230035072682051,44.51053229314324],[1.227271310761951,44.51078506884981],[1.226460717312234,44.510751331564684],[1.2256474248564,44.51092374730604],[1.224660734745855,44.51076740518423],[1.22452360714459,44.51040592008711],[1.224333824437912,44.51011832454159],[1.224404123924639,44.50980339897283],[1.22386687285818,44.5088006578562],[1.223851013902695,44.50810435722856],[1.224052142528173,44.507710498129214],[1.224357815616113,44.50763347760801],[1.22446648639367,44.507538878815936],[1.224440220808432,44.50737367445157],[1.224198197543929,44.50690694977772],[1.224188395650267,44.50673840859905],[1.224754527049573,44.505780441158564],[1.225039174734684,44.50485035905399],[1.224989823142469,44.50445877189584],[1.224878606422051,44.504274192079976],[1.22500609682313,44.50382061838503],[1.224948780656759,44.50320199120423],[1.225052568863352,44.502982151838836],[1.225410355642962,44.50276729906186],[1.225644927891857,44.502389283965165],[1.225684251729803,44.502218832115126],[1.225639249194304,44.50200920531231],[1.22576212200871,44.501622189916205],[1.225783641886112,44.5012974759065],[1.225560919447473,44.50097783788498],[1.22455040096415,44.50066443215875],[1.223818962979317,44.500318592810615],[1.223382973900426,44.50001982812765],[1.222894373392686,44.499433873070664],[1.222031638928111,44.49878335731118]],[[1.270822588693832,44.515992807846054],[1.268749440699595,44.51424136412464],[1.267888874719762,44.51370110221573],[1.267402768728335,44.513548499681775],[1.266500525283798,44.51301387533862],[1.265679908978632,44.512854208220865],[1.264965726835221,44.51291681596666],[1.264697469212412,44.512964822714956],[1.26402112341211,44.51343411714716],[1.263689901801264,44.51352435190583],[1.262013950066927,44.51355649435959],[1.261687887287948,44.51351984252523],[1.261476069303813,44.513410253425846],[1.26091470931638,44.51284133384547]],[[1.270822588693832,44.515992807846054],[1.27043027171103,44.51585879698295],[1.269805377636858,44.51542939622329],[1.26806884983572,44.514603464614616],[1.265100411665335,44.51361227113139],[1.262939774759883,44.51389613203446],[1.262323219764626,44.513893627375005],[1.261646930937327,44.51378752812709],[1.260707391823904,44.51323966182356],[1.260668456458518,44.51303284749266],[1.26091470931638,44.51284133384547]],[[1.271661754183537,44.51690549245155],[1.271563755806886,44.5166122155942],[1.270822588693832,44.515992807846054]],[[1.279581588302235,44.51954597727321],[1.278910067328794,44.51911500172837],[1.278440763260896,44.51890418231642],[1.277986186357505,44.518581936517734],[1.277455196781276,44.51837195106754],[1.277024523502334,44.518339114641414],[1.276248640635576,44.51844225313205],[1.274867180622189,44.51847018855026],[1.274104503816355,44.51855280844984],[1.273544684341126,44.518463011720925],[1.273159997017524,44.518202168407015],[1.272780416933504,44.51756862238321],[1.271661754183537,44.51690549245155]],[[1.278765892157305,44.51946842556218],[1.278199786589556,44.519171454081835],[1.276789247638393,44.51891442188856],[1.275611706010674,44.51889962871508],[1.274889623030607,44.51905402306146],[1.273875359320071,44.518761727620685],[1.272798896773971,44.51873407845542],[1.272552283489924,44.51860865893423],[1.27218278771233,44.51789242824439],[1.271690929310958,44.51743270561393],[1.27163324756308,44.517220199212474],[1.271661754183537,44.51690549245155]],[[1.279581588302235,44.51954597727321],[1.278765892157305,44.51946842556218]],[[1.281883294097124,44.52720674522445],[1.280717448168287,44.52667804037625],[1.280170721721974,44.52656867267193],[1.279339241427063,44.52555982627155],[1.279511788877129,44.52485387084545],[1.279557170762521,44.52435573524284],[1.280111291585716,44.523518860694615],[1.280148906279083,44.52335826846623],[1.279945298522353,44.52248076980619],[1.279682648323132,44.52205437031862],[1.279439017884746,44.52187138495632],[1.279449642704893,44.52168786130981],[1.278853650437688,44.52071870086456],[1.278852357319634,44.51985245998239],[1.278765892157305,44.51946842556218]],[[1.282526987248848,44.527356332232266],[1.282190687662496,44.527198023624656],[1.281570748141288,44.526764265710256],[1.281383899745081,44.526534445542836],[1.281314228079079,44.52613536652346],[1.280890103728731,44.52571996146455],[1.280704604028984,44.52544603965698],[1.280684350892129,44.52520170522433],[1.280741133279273,44.52511434683633],[1.281367124719779,44.52476932439194],[1.281444308594167,44.52467327900974],[1.281645914553096,44.52429373206305],[1.281902062657032,44.52356926585312],[1.2817621486257,44.52349325160686],[1.280970126939033,44.52350432852209],[1.280808884510799,44.52338475978751],[1.280908990163151,44.52319722726493],[1.281236884896501,44.52292770107238],[1.281239515910608,44.522799879894215],[1.281054405634715,44.52255477895665],[1.280400851189446,44.52227626649216],[1.280265976953382,44.522158908707624],[1.280264073849959,44.52197338889318],[1.280446015877436,44.521578230716045],[1.280427284214491,44.52107729567448],[1.280090936768359,44.5206326406338],[1.280062419641526,44.52053584939537],[1.28015514449593,44.520259959955666],[1.279931913718646,44.51977924903224],[1.279581588302235,44.51954597727321]],[[1.282526987248848,44.527356332232266],[1.281883294097124,44.52720674522445]],[[1.287211913461814,44.531798968190664],[1.286856946606266,44.53163228047929],[1.286227088340559,44.53148113332765],[1.28519781469139,44.53072048304735],[1.283665758331591,44.529853857508336],[1.283025543952634,44.52892635168823],[1.282614059237593,44.528011406052094],[1.281883294097124,44.52720674522445]],[[1.287211913461814,44.531798968190664],[1.28683989555797,44.53144742570385],[1.286329896033064,44.531245913965364],[1.286174226593718,44.531107530497536],[1.286112450616558,44.53077881123989],[1.286328540705503,44.53033644908642],[1.286324210266908,44.530147289609914],[1.286141238881825,44.52983019524534],[1.285620610192575,44.529440323264254],[1.285164122590917,44.52884524484988],[1.283917059775006,44.52792182062733],[1.283301829795557,44.527622311270285],[1.282526987248848,44.527356332232266]],[[1.342127396756483,44.55603518253317],[1.339999069323235,44.55582221929756],[1.336401389182161,44.55521520683114],[1.334292984382255,44.554456768453136],[1.332615237695528,44.55361565017164],[1.331169605226902,44.55335879616175],[1.330165602898938,44.553072585373904],[1.329439646225796,44.552752754156344],[1.328909649587054,44.552407070102326],[1.328527459890055,44.55204561237982],[1.327844412323654,44.55121317094889],[1.327246168904559,44.54994169660013],[1.327169899687795,44.549285923727275],[1.327254143363102,44.548822575003435],[1.327204385939043,44.548377005694434],[1.326815316820093,44.547484180667375],[1.3267562948861,44.54654413181777],[1.326399312561727,44.54626859019746],[1.326075336342081,44.54611150489368],[1.325781039353072,44.54576037465829],[1.325235109145081,44.54531808441055],[1.324442924817926,44.544985509069456],[1.324076218875563,44.54474132745526],[1.324054381941419,44.54454380060353],[1.324327341552818,44.544086020791134],[1.324265156835715,44.54359343936708],[1.324719566790545,44.54270620441708],[1.324594242371756,44.5425593325427],[1.324152309992693,44.54230500514242],[1.323386874204266,44.54204846446347],[1.322702063631378,44.541705801281914],[1.322418183997008,44.54164115854387],[1.322114358292737,44.541612229292234],[1.321584870253707,44.541720336279454],[1.321130109287656,44.54168640808047],[1.320332967249739,44.54177693172853],[1.318771303480551,44.54136957382577],[1.318144897179176,44.54109620448669],[1.317990907360873,44.54119380663047],[1.317881438534015,44.54144516104222],[1.317645808412444,44.54153611608792],[1.316278646444703,44.541826823256535],[1.3154049538266,44.54178197886552],[1.315085392502848,44.54168975954582],[1.314624852026203,44.541385585323056],[1.314326508162691,44.54096232708862],[1.314030485394981,44.540166322907744],[1.313863913081486,44.539968384090564],[1.31359074781676,44.539798531042294],[1.312356125664624,44.53944650135698],[1.310873693538831,44.53925634634391],[1.310429765492372,44.53928196828829],[1.309550739000914,44.539500823331394],[1.309067227210949,44.539839185797646],[1.308311521279328,44.54014366087474],[1.307941705294174,44.54038471284014],[1.307811709466615,44.54039532631131],[1.30647607283607,44.539885906144065],[1.306167169703135,44.53956511298459],[1.305943041542686,44.539020510541945],[1.305787318822041,44.53892357467143],[1.305036560021299,44.53923080454132],[1.304474978513612,44.539652589680344],[1.30394328801015,44.539917254678706],[1.303626079883921,44.540208624829724],[1.303406002159509,44.540703185321085],[1.303226696694672,44.54076255971145],[1.302896674824684,44.54072597119529],[1.302667665143101,44.540554068127555],[1.302602697814802,44.54024421859712],[1.302617321579032,44.539799626647465],[1.302554074969902,44.53964197777221],[1.30176291704896,44.539114758232024],[1.30155058649108,44.539058365567975],[1.301294886867725,44.53914627576418],[1.301106581154052,44.539463033683965],[1.30078523360948,44.53976603780765],[1.300623756097147,44.540069701432564],[1.300393312404132,44.540196717365674],[1.29973074003859,44.540333285757534],[1.298812858914511,44.54012645017853],[1.298519587246588,44.53999856996236],[1.29801503016632,44.53961260703572],[1.29725015943506,44.53946754633525],[1.296929326193454,44.53925189399504],[1.29652011526399,44.5387107185203],[1.296060215105056,44.53838936684962],[1.295906150020147,44.53815467506783],[1.295810705142844,44.53777141510703],[1.295731872160763,44.537672050073866],[1.294797095191845,44.53694266452163],[1.294570594336787,44.53652226173805],[1.29363882840213,44.53561102394854],[1.292784302385829,44.535310570358156],[1.292052089370292,44.53521190032532],[1.291247540160316,44.53521565619226],[1.290262018936664,44.53550024181449],[1.289778404032484,44.53538199561557],[1.289592511016384,44.53520172849534],[1.289350994243723,44.534613600045176],[1.288778242233947,44.53419682261536],[1.288663001797655,44.53359624332303],[1.288038312192231,44.53306610171816],[1.287745729778127,44.53254381036104],[1.287211913461814,44.531798968190664]],[[1.350433498587801,44.55725990912608],[1.349811348191436,44.557303738892635],[1.349264638963055,44.55717941138707],[1.34511067544493,44.55668322497095],[1.344292266120194,44.556548497278214],[1.342127396756483,44.55603518253317]],[[1.350433498587801,44.55725990912608],[1.35026561716592,44.55710072560839],[1.348836754861638,44.55639413866094],[1.34720116927091,44.556082430612626],[1.346331007923844,44.55603788721393],[1.34470296137913,44.55607112120587],[1.342529128646269,44.5559493690986],[1.342127396756483,44.55603518253317]],[[1.399543113800793,44.563271698968435],[1.399151788793903,44.56303641885198],[1.398557355847957,44.56290174099598],[1.394563213145705,44.56282483958297],[1.394101333316001,44.562856842344004],[1.3919869881673,44.5634644781258],[1.391182756190983,44.56331139810734],[1.390460570615838,44.563284667283206],[1.388453212004793,44.56336344396663],[1.387508648781384,44.563493724569845],[1.385982034490379,44.56340929408802],[1.385548548188621,44.5636811899874],[1.385201094231643,44.563719330579154],[1.384781243552812,44.56364655902959],[1.384536523127575,44.563527724721816],[1.38447813434636,44.56336749483606],[1.38370022165533,44.563351610108754],[1.383606927574046,44.56309092134899],[1.383394863421372,44.563019384701306],[1.382956672885501,44.56297154964334],[1.382946780317611,44.56322892725771],[1.382598202182243,44.56321842004796],[1.382387324425198,44.56288577461678],[1.382112474861259,44.562763792238954],[1.381531234703602,44.56287323150666],[1.380914178273011,44.562782247504586],[1.380654563114631,44.56287568724338],[1.379880669527006,44.562676146960776],[1.379498702217457,44.56277589282319],[1.379193270763199,44.56319281130829],[1.378725198010453,44.563308398974904],[1.378036828583038,44.563156923587684],[1.375297950382465,44.56278890695519],[1.374683729887525,44.562599782841815],[1.373428456534723,44.56201673138996],[1.372751159173732,44.56161326535383],[1.372376466954911,44.56159153575142],[1.371600375453811,44.56133877908729],[1.370788255749785,44.56137452351437],[1.370734308467344,44.56119274109518],[1.370579762027065,44.56113643502621],[1.370393287022587,44.561139085984934],[1.370198825221451,44.56128748849709],[1.36987473444944,44.56138895572184],[1.369308325321112,44.56137699151397],[1.368516054542216,44.56151025890988],[1.367778041921515,44.56116079113154],[1.367662323463203,44.56102491646451],[1.367364506709877,44.560871042295595],[1.367069435880596,44.56079644584788],[1.366810300426457,44.56061162704558],[1.365870612605979,44.560747197200854],[1.365632072632949,44.5607211562665],[1.365371394168756,44.56024187013474],[1.364406863739816,44.55984400461328],[1.362934203726002,44.55959707472358],[1.362357216646888,44.55977670974314],[1.362083517408892,44.5597906590881],[1.360420740811171,44.559412113644896],[1.360049766116725,44.559393098449505],[1.359703330991897,44.5592663946467],[1.358613492214057,44.5592384950157],[1.357752442057045,44.55896546794306],[1.356774174481153,44.5588689755244],[1.355785418107788,44.5586138420142],[1.355024285080725,44.55858629846973],[1.353315747874659,44.55822497198259],[1.352650636645541,44.558143917405],[1.35209454228977,44.5581680356199],[1.351989640544173,44.55813765620607],[1.35190772088378,44.557967152051226],[1.351533994820181,44.557697746452675],[1.351108457784387,44.55769319384688],[1.351100677573322,44.557571519118916],[1.350929250255023,44.557447400595535],[1.350433498587801,44.55725990912608]],[[1.407929095295869,44.567144975743965],[1.407918937486112,44.56696924666016],[1.407718891551111,44.56678267625571],[1.407080187445933,44.566518646028804],[1.406388864602902,44.56575411757039],[1.40612919643099,44.565582891525224],[1.405981643851063,44.56527731914895],[1.405724546860372,44.565015186459135],[1.405655196539436,44.56475036119371],[1.405502601918711,44.56466802045338],[1.405136206648194,44.564663630277266],[1.404837746980805,44.56457287906738],[1.403443618311845,44.56394404695477],[1.403166132098948,44.56395804352914],[1.402628730818879,44.56376568488418],[1.401255929005225,44.56398623314867],[1.400887734515697,44.563956590883244],[1.400379663785169,44.56379616073867],[1.399958191985192,44.563424482778984],[1.399543113800793,44.563271698968435]],[[1.407929095295869,44.567144975743965],[1.40779565604473,44.56705300969948],[1.407111045065629,44.566987311541894],[1.40680376503302,44.566762275384065],[1.406571679321011,44.56672921316358],[1.405868027372172,44.566133783140735],[1.405335351558616,44.56577312684208],[1.404971124118253,44.565379784350334],[1.404482399302214,44.56502426074385],[1.403368018836992,44.56470201136728],[1.401082173684081,44.56438440648608],[1.401050561697593,44.56434433012523],[1.401232219789946,44.56424521212626],[1.401213809563202,44.56418371674754],[1.400539320026103,44.564028981824364],[1.400007277028017,44.56373674078468],[1.399543113800793,44.563271698968435]],[[1.431525781123387,44.58142382876471],[1.430976364979946,44.581291768235076],[1.430825523769065,44.581188778248496],[1.430633943920491,44.58087451015558],[1.429954601806321,44.58047677444902],[1.429676166966912,44.580703325322936],[1.429589320644422,44.58070028991674],[1.428743865470146,44.5802056405701],[1.428936057082656,44.579592484213144],[1.428820397946991,44.57922166556983],[1.428275448683138,44.578749294763526],[1.427950573630615,44.578381801228346],[1.427798840744654,44.57808520332303],[1.427551097420704,44.577979028725416],[1.427136796226261,44.57761116018288],[1.426574834514586,44.57747889865887],[1.425310748093164,44.57672974194561],[1.424740559375369,44.576531622755994],[1.424397090650606,44.576289912710415],[1.423816753138363,44.57645541505043],[1.423563966391362,44.5764401022011],[1.422995721880245,44.57612764782991],[1.422664046542616,44.575779850667516],[1.422102762422047,44.57535403763038],[1.421396876984688,44.5750540153907],[1.420544926054288,44.575022027199196],[1.420237044216603,44.574860050139534],[1.419688330413622,44.57439118403663],[1.419367201726489,44.57443251078799],[1.418788141660386,44.57423783517728],[1.418784392690052,44.57414683868695],[1.418880876717318,44.57407528550268],[1.418601112948411,44.57385427831675],[1.418635844949434,44.57378364208305],[1.418787153706314,44.5737335836431],[1.418772677161564,44.573620823429586],[1.417316602287306,44.5724924479419],[1.416916262202102,44.572079719224384],[1.416858644208177,44.5717088192909],[1.416702294243765,44.571534597270194],[1.416921281149342,44.57127211128262],[1.417033039593571,44.57097027040421],[1.417001829163461,44.57073571306756],[1.416852531315065,44.57057960083113],[1.416668577694212,44.57049142374926],[1.416042036977638,44.57041941065812],[1.415774514760929,44.57021207812731],[1.415538956396831,44.57021230083199],[1.415244988739728,44.5703188353551],[1.41487739802003,44.57031085917317],[1.414586265675429,44.570047358603894],[1.413898710038342,44.56981598287122],[1.413527101106032,44.56936853777026],[1.413097453352336,44.569283128167086],[1.412787264375183,44.56907067310078],[1.412434494354232,44.569028685561705],[1.412388871707143,44.568814629393124],[1.412213523565125,44.568689651109246],[1.411124260829464,44.568500204553544],[1.410716736653853,44.568255728848264],[1.410319060591763,44.56788533405149],[1.410050945471609,44.56778963139393],[1.408807964318745,44.56764747198529],[1.408414899825478,44.56733746502098],[1.408125477801345,44.56728287007237],[1.407929095295869,44.567144975743965]],[[1.436437135054703,44.58323036737142],[1.435819730845144,44.583095568123625],[1.435534718527362,44.58287813197454],[1.434587386067856,44.582873716532305],[1.434105397058135,44.582717415353244],[1.433691813200191,44.58241171118485],[1.433326190362655,44.58232999067189],[1.433080117644835,44.582162623587244],[1.432754163708415,44.58205895321416],[1.432265078448284,44.58175037160858],[1.4321318562123,44.58160261229048],[1.431849269074021,44.58157068815148],[1.431732729141488,44.58145738124832],[1.431525781123387,44.58142382876471]],[[1.436437135054703,44.58323036737142],[1.436273869741664,44.58343875558406],[1.436015910817075,44.58342700015796],[1.435585599568254,44.58326963626787],[1.435143921958824,44.58297704615141],[1.434828406541084,44.58295096626724],[1.433885167220712,44.58311678290357],[1.433298175146824,44.58333896848042],[1.432994252973953,44.583349064744745],[1.43250023073629,44.58285492681442],[1.432245797434569,44.58244432473349],[1.431961618814509,44.58215215583017],[1.431552070964739,44.58192843935867],[1.431449884632767,44.581797327453764],[1.431408333001873,44.58170579465589],[1.431525781123387,44.58142382876471]],[[1.497974441470574,44.589924233637184],[1.497343831623927,44.58952037811365],[1.496927939731878,44.58947600336804],[1.49618707619174,44.58980537759617],[1.495308801724054,44.58999511262572],[1.49144151700661,44.5905672650209],[1.49057247479148,44.590646337978924],[1.489809970856596,44.590605304471005],[1.488567767864267,44.59069096602437],[1.487102047010522,44.59121745783532],[1.485521716047131,44.591318264186874],[1.484988071126826,44.59129474082103],[1.483111802783414,44.59073235029865],[1.481628589430046,44.590829932051804],[1.480702699824883,44.59100719220011],[1.478598669676277,44.59169677315343],[1.477734664191599,44.592334974132974],[1.477004206507929,44.59274000061827],[1.476444547834552,44.59283943478695],[1.47582515808489,44.592864207949084],[1.474996137543072,44.593045458585756],[1.474820552709213,44.593107865184294],[1.474461294808476,44.593391939954834],[1.4738580286812,44.593612315643156],[1.472688198016423,44.59334853666727],[1.471004171905407,44.593459408737736],[1.470602015218677,44.59337280531334],[1.4696326845307,44.59333687364027],[1.468290572967697,44.59296801367043],[1.467593934279245,44.59286741194809],[1.467248314104205,44.59311203438378],[1.466861415727503,44.593252534753375],[1.466380764802928,44.593133311997626],[1.465864838506271,44.5933845705104],[1.465585694118402,44.59340860746044],[1.464968819169269,44.59324786822566],[1.464748109324354,44.59325470642762],[1.463863775171026,44.59287414348768],[1.462252865984747,44.59196662234119],[1.461442933037545,44.5918626039018],[1.459821352538186,44.591163795770974],[1.458240072346715,44.590928342269144],[1.457383524970302,44.591009130138865],[1.456987622576351,44.590833422320095],[1.456526006089362,44.5901120401761],[1.456211475630855,44.589403516482605],[1.45603193809762,44.589241633189175],[1.455859256372928,44.58892137132268],[1.455140544233651,44.58852504365074],[1.454994773868782,44.58837263500489],[1.453616268529304,44.58777617951197],[1.453067298952893,44.58725615486986],[1.453058147522752,44.58657891024567],[1.452375663564522,44.586057913049316],[1.452215681285859,44.58573512210559],[1.451745547140825,44.58555745471754],[1.451269468117254,44.585045645902994],[1.449980491270146,44.58412984945247],[1.449672422160569,44.584061596838865],[1.44938885838973,44.58383521328607],[1.449093779577726,44.58379865608469],[1.448564554708205,44.58357152265779],[1.448320977932385,44.583357403325294],[1.446282579191716,44.582528279810795],[1.445339566851063,44.58236734399802],[1.443533744295464,44.58251839881878],[1.442492005448202,44.582100327855365],[1.441944264333042,44.58208900239483],[1.441614234799251,44.581904262960286],[1.441302076863197,44.582030420162354],[1.441119080349055,44.58222412998444],[1.440726410206493,44.5822546051716],[1.43991248184988,44.582620390789174],[1.439638890243306,44.58262733188794],[1.439303682465243,44.58253885750109],[1.438685414035967,44.582617462216135],[1.438618248215953,44.58281370548716],[1.438373112907358,44.58288497566368],[1.438150848391929,44.58304030797084],[1.437660645325289,44.582998260027686],[1.43719682092519,44.58341399798837],[1.436437135054703,44.58323036737142]]]}},{"type":"Feature","properties":{"CdOH":"05C0000002000885217","TopoOH":"le Rieutor","StatutOH":"Validé","SourceNomOH":"IGN;BDCarthage"},"geometry":{"type":"MultiLineString","coordinates":[[[1.369895153649776,44.58872378166992],[1.37016926045301,44.58843878418978],[1.370552905084462,44.58763314639334],[1.370667386768904,44.58676681075272],[1.370692546175643,44.58541562217094],[1.371011051486666,44.584464953260394],[1.371819015009513,44.583711491256736],[1.372651328451337,44.583117760094744],[1.374024199490766,44.581297481230855],[1.374655694281696,44.580325298365246],[1.374682510479459,44.580181623092926],[1.37602852276948,44.579246056458274],[1.376086134489844,44.57917036636947],[1.376146664143888,44.578686821837294],[1.376308820125913,44.57839296220533],[1.376308392844627,44.57823267843791],[1.375956188974858,44.57760079792495],[1.375815348419346,44.57706657002937],[1.375240623255491,44.57602531910451],[1.375117349549986,44.57558139235485],[1.37566885083405,44.574671961199975],[1.375736469138773,44.57442353530609],[1.375704505998548,44.574177246799394],[1.375582953258897,44.57384860173519],[1.375188463823891,44.57341779464439],[1.374557432298542,44.57227756541719],[1.374356208390088,44.57182888938512],[1.374139321060851,44.5710495234518],[1.374075490609839,44.570554246049205],[1.374116420835332,44.56987682261779],[1.37454048857661,44.56853601756188],[1.374594199044536,44.56820184728691],[1.374411917893327,44.566877330574535],[1.374021317838917,44.56613862937166],[1.373610486513201,44.5661460865334],[1.373371541170056,44.566002100145056],[1.373126654456181,44.565234026744385],[1.373165236237786,44.564900535103924],[1.373729624844723,44.56424072780512],[1.373705060313157,44.563956730386536],[1.374139774577053,44.5633382324368],[1.374544542195468,44.56253470414652]]]}},{"type":"Feature","properties":{"CdOH":"05C0000002000885193","TopoOH":"","StatutOH":"Validé","SourceNomOH":""},"geometry":{"type":"MultiLineString","coordinates":[[[1.337755160793701,44.73322019881544],[1.339231053640304,44.73278038351973],[1.339956015086238,44.73282907235641],[1.341473668923675,44.73320030045287],[1.344021905327162,44.7334959703204],[1.344427244534326,44.73367402452589],[1.34605212215485,44.73392342393105],[1.350209042200851,44.73506691347637]]]}},{"type":"Feature","properties":{"CdOH":"05C0000002000886249","TopoOH":"le Céou","StatutOH":"Validé","SourceNomOH":"IGN;BDCarthage"},"geometry":{"type":"MultiLineString","coordinates":[[[1.177649366526269,44.781959720701714],[1.177757893352243,44.78251264342601],[1.177603803309827,44.78289734832257],[1.177457054124938,44.78301651044305],[1.176388825229001,44.78320336822746],[1.176156700392745,44.783498533340634],[1.17596503522166,44.78430047533123],[1.17578014135113,44.7846207319835],[1.175382912048515,44.78505456584943],[1.175334313111247,44.78542209289145],[1.175386775061592,44.78598760437817],[1.175248236682701,44.78651575113414],[1.175089828796836,44.7867598958063],[1.174571989305432,44.787246675862605],[1.173616661762776,44.78831521101547],[1.172921703363535,44.78884229277992],[1.172212115792736,44.78911877448192],[1.171334328631815,44.789628423551555],[1.169742384246893,44.78985431010375],[1.168980754063916,44.79029111242744],[1.168192380886456,44.79057797522172],[1.167530019226819,44.79091734669648],[1.167001940891101,44.791520997243516],[1.166187254451624,44.79164441008257],[1.165913471785167,44.791818192062934],[1.165466664939588,44.79198460776872],[1.164975676449265,44.792303385646456],[1.164279322552789,44.79259804850893],[1.163869455683037,44.79263989175015],[1.162447168978757,44.79246953691007],[1.162267706461675,44.79250438593747],[1.162287126951866,44.7928388158325],[1.16242148878369,44.79310040429187],[1.162912283877539,44.79325262725644],[1.163159001251384,44.79359802740877],[1.163441674603723,44.79384946372314],[1.163499084466655,44.79402782512616],[1.163384963717281,44.79430781032025],[1.163286690442071,44.79429627623161],[1.162636620569002,44.79387034687151],[1.162513066177641,44.7938971172512],[1.161936173715738,44.794289205320766],[1.161961801070907,44.79447244409673],[1.162521773529109,44.79479151871074],[1.162581354603655,44.795058171665154],[1.162558035296873,44.795345964846724],[1.162431413394194,44.795621239331325],[1.162433497012606,44.79575095472151],[1.162631799421644,44.79630088187205],[1.162568847143119,44.79675642347296],[1.162321423178259,44.797090033746926],[1.162091658124803,44.79761845769118],[1.16209094789593,44.79775623193827],[1.162017860602595,44.7978252643156],[1.162059800656597,44.798167272630096],[1.162181856339275,44.79841875149117],[1.162282134046952,44.79848525398654],[1.162356149937126,44.79885210902002],[1.161859094124164,44.79974083084131],[1.161996220526935,44.80038250360559],[1.161716230119461,44.800744391475185],[1.161482343517724,44.80093413497971],[1.160613067572682,44.80140692389171],[1.159915378373507,44.8016222907275],[1.15967313343011,44.801796582346476],[1.159350909750064,44.802056900670145],[1.159020686991709,44.8026385868554],[1.158280628891895,44.802949600884496],[1.158004934385896,44.80348806240368],[1.157854802623429,44.80409345002567],[1.157743996569861,44.80427082178245],[1.157202595963256,44.804694998331364],[1.157058674077243,44.80491774803928],[1.156973023661072,44.805870924480075],[1.156821836479464,44.80631509257802],[1.156504464213015,44.80650343899907],[1.15593951606126,44.8066804635204],[1.154786625155858,44.80661715904908],[1.154637371883995,44.80680919801542],[1.154353222444121,44.807641996856525],[1.154402085547452,44.80784903996174],[1.154617802982735,44.808137208978756],[1.154620742743974,44.80831737137781],[1.154215187765825,44.80907160195657],[1.154214947151875,44.80927152400421],[1.15438094056934,44.809417476819114],[1.1546697315383405,44.81]],[[1.196321688674395,44.75077850759077],[1.195564345602196,44.75157756105298],[1.195382334150204,44.751933011144665],[1.195088090153916,44.75220198202961],[1.194812849907172,44.75231186634327],[1.19406995670349,44.75230516301532],[1.192516690138638,44.752857980870864],[1.191276959099927,44.75301335470825],[1.191073735711189,44.753123505052464],[1.19099727698193,44.75337891083014],[1.190579425302867,44.753717895387766],[1.190100279634607,44.75352635904378],[1.189798897699895,44.753741167507414],[1.189534306653711,44.75379447894274],[1.189053286057088,44.75373978967764],[1.187916660398358,44.75457762129685],[1.186941273872237,44.75468593960806],[1.18641900595219,44.75493044465286],[1.185802413637177,44.75504282423804],[1.185496257830848,44.75505221958698],[1.185229463602925,44.75489926054488],[1.184903300831406,44.75490202274897],[1.183918228359911,44.75523168961046],[1.183539183968503,44.75522817779374],[1.18268763160606,44.75561045327656],[1.182382784669515,44.75550098977567],[1.182058359299446,44.75552808685131],[1.181575282108795,44.75596682960122],[1.181340377207417,44.755844102352214],[1.181135563620432,44.755846143661536],[1.181030450135612,44.75593087035263],[1.180917774575102,44.75617126696842],[1.180573964912495,44.756328620483686],[1.180468270778675,44.756743837014746],[1.180220194754471,44.75730170293308],[1.180018506772236,44.757363229566536],[1.180034379558761,44.757497671481545],[1.179677565543275,44.75793938114276],[1.179659365409792,44.75830650462464],[1.179543832283043,44.758556759273596],[1.178951519373528,44.75869831811131],[1.178593631980734,44.759367845212985],[1.178290852864397,44.759467331187295],[1.177805583945433,44.75997176300092],[1.176180486321126,44.762650270941506],[1.175527734993976,44.76360131097661],[1.175123675558032,44.764561846728824],[1.175028017246296,44.76579582430268],[1.175713422442146,44.76769736182448],[1.176021357881524,44.76798610341071],[1.176334091435834,44.76816595660322],[1.178291693136597,44.77005688587936],[1.179218024755583,44.77080875764689],[1.179350661787983,44.771007256383044],[1.179310473981775,44.77158474898572],[1.179421908225148,44.771930589487845],[1.180090626039906,44.77306545817698],[1.180081145403492,44.773514676922744],[1.179951457366007,44.77369355792084],[1.179877309074775,44.77418764289823],[1.179729462018338,44.77438063431694],[1.179375585030727,44.77457204257956],[1.179196546600077,44.77494733278469],[1.178405830134662,44.776056426960785],[1.178329030601633,44.7764757222424],[1.178409750748215,44.776676971264855],[1.178413333994606,44.777815327386506],[1.177785083829594,44.779293613744585],[1.176912342313403,44.779770964945286],[1.176580707676576,44.78013293568146],[1.176511430368971,44.780631603023274],[1.176650787564212,44.78124717214183],[1.177196437945975,44.7817334393346],[1.177649366526269,44.781959720701714]],[[1.196321688674395,44.75077850759077],[1.19664886259726,44.75094052719425],[1.197570492847062,44.751166250679475],[1.1979271456267,44.751394485310605],[1.19792162781634,44.751645645781444],[1.19770090674475,44.75198696174625],[1.197678868811495,44.75212258458617],[1.196981059229359,44.75260202460597],[1.196951273561585,44.752703300795915],[1.197114977736244,44.75299773940707],[1.197462019543927,44.75325013368785],[1.197581996031807,44.753410580395595],[1.197654204355644,44.75376026369549],[1.197000517170544,44.754124252580155],[1.195925472609297,44.75410945489994],[1.195268572336113,44.754533717727824],[1.195100503269879,44.754729999394314],[1.195154451340491,44.75486055597443],[1.195051648647043,44.75499216129498],[1.195056823299834,44.7551066142077],[1.194823065570389,44.7553018254383],[1.194465058249356,44.75546979645359],[1.193999313307733,44.75600162990176],[1.193958502390575,44.756209890189375],[1.194043509583568,44.756357163386355],[1.193826189385239,44.756709334807276],[1.193730889754843,44.75676451539829],[1.19376290765423,44.756869500115876],[1.19369257485551,44.756973716899275],[1.193442535712815,44.75712453360323],[1.19292238228102,44.757185393413145],[1.192620535486429,44.75713904531803],[1.191380465360714,44.75679101364118],[1.191043048974227,44.75675038438966],[1.190561325073615,44.75675602688162],[1.189314566628834,44.756969800964725],[1.188204265201197,44.757066920903554],[1.187110035758017,44.756822086412605],[1.185454469186392,44.75701381866229],[1.183742663552473,44.75687230384706],[1.183057687668025,44.756909703114445],[1.182456309291371,44.7570979598167],[1.181885663075031,44.757586598920355],[1.181772787195882,44.75802871525972],[1.182030186740361,44.75855075191062],[1.182059810947137,44.758768269248606],[1.181491720050917,44.75894265862167],[1.181043863691823,44.75899474368903],[1.180903180363262,44.75892849549256],[1.180694135919701,44.75867020914314],[1.180422638728016,44.758623425521975],[1.180022012799471,44.75873932017853],[1.179817639939491,44.7588836526508],[1.179793506529831,44.75904355331954],[1.179865615144525,44.75919783055627],[1.180326105504452,44.75984928375268],[1.180345151545215,44.76008103676413],[1.180234335135992,44.760185481331824],[1.179938122175661,44.76023825130565],[1.178819701235718,44.76015413551214],[1.178583775793464,44.76021869926626],[1.178205680089629,44.760497056357906],[1.178184612300964,44.760718244415415],[1.17831270360813,44.761056254126295],[1.177942481344619,44.76159860016331],[1.177841850504224,44.76193465055752],[1.177697468768283,44.76213850157635],[1.177344974366124,44.762289399500865],[1.177185974835256,44.7624371755562],[1.177096438754343,44.762625718196716],[1.17719000680421,44.763092840389625],[1.176847452018411,44.763443821984644],[1.176675959568848,44.76436676366716],[1.176306699524847,44.76464436012567],[1.176217594770938,44.764819401181356],[1.176230942188115,44.764992526124395],[1.17644734869044,44.765179799237124],[1.176681642948884,44.76520526752723],[1.17709881349774,44.765126578438775],[1.177451041186589,44.76525754800521],[1.177632318767409,44.76559283144222],[1.177733885851267,44.76593040609192],[1.177744321228839,44.76631060907272],[1.177834588282727,44.76645077776892],[1.179529658285326,44.76680553473588],[1.1798114510092,44.76696505764259],[1.179844133215855,44.76720514020807],[1.179565289089882,44.76761841449106],[1.179434802705418,44.76805663915726],[1.17949650423096,44.76825937560314],[1.179640030713529,44.76843373796781],[1.180251320340136,44.76884181945009],[1.180215729408039,44.76912130564641],[1.179983012823183,44.76943717895566],[1.179884317336594,44.76986962266771],[1.179970863127787,44.77000792740438],[1.180049515861715,44.77039015123889],[1.180273770039374,44.7705703411581],[1.180538756409645,44.77066384605511],[1.181165453155776,44.77071375677507],[1.181355182332024,44.77078891418426],[1.181577962911019,44.77093665745703],[1.181695873071787,44.77127809889492],[1.181615030112788,44.771354219749774],[1.181130181807933,44.77145252863554],[1.18086796223076,44.771586009006626],[1.180719979164196,44.77197892112354],[1.181042032075628,44.772340824616485],[1.181166661918948,44.77274811718114],[1.181142311618013,44.773071014862765],[1.180892266183506,44.77345324700164],[1.180874150558359,44.77370060087262],[1.180962248472968,44.774572878601084],[1.181073005103817,44.774666552375464],[1.181040471525358,44.774851531797886],[1.181109412510952,44.77494812148887],[1.180578247781217,44.77534375070894],[1.180518418444465,44.77555169630407],[1.181014526150123,44.77631810261893],[1.181067961684062,44.776542316092694],[1.181051110489884,44.777180530071995],[1.181226434695491,44.77793626766304],[1.181110384361136,44.77804513117996],[1.180965798219671,44.778058968419025],[1.180218766706941,44.77781796646343],[1.179855958323224,44.77777688791322],[1.179456013527346,44.77798465099817],[1.179364624336083,44.778229901087904],[1.179434064738196,44.77842826245682],[1.179635533092171,44.778571156806585],[1.180047711674965,44.7786886929609],[1.180093056966047,44.778889359937665],[1.179935805855413,44.77902096021545],[1.179779970358354,44.77938222426289],[1.179147777877756,44.77957716702068],[1.178962264291858,44.77976143433448],[1.178857318677732,44.77999565490047],[1.179144447188866,44.780304758528416],[1.179072960744344,44.780481893603174],[1.178612646035795,44.78087417632762],[1.17833312258781,44.78134507495029],[1.177771585748587,44.78177801701724],[1.177649366526269,44.781959720701714]],[[1.463448647861487,44.669419684813775],[1.463261097764084,44.669402672825306],[1.462973259325711,44.66926901005912],[1.462323824216899,44.669346429046385],[1.461876852410792,44.66931050133132],[1.461422338941609,44.66913489751639],[1.461041360619453,44.66913139977623],[1.46072622892617,44.66902706622181],[1.460436240902286,44.66901852912334],[1.460236853149795,44.66888068722602],[1.459956258058813,44.66848238561285],[1.459580384304972,44.66815389213457],[1.458735584873191,44.66831591312667],[1.458245337231316,44.66889347348562],[1.457967505543056,44.66899405356886],[1.457147713563201,44.668841254224105],[1.456625489093645,44.66851251040196],[1.455576242547435,44.668721180009236],[1.455081793244689,44.66866835388412],[1.454473358872161,44.6681709123659],[1.453737127937731,44.66787068066145],[1.453333095009769,44.66732836549851],[1.453258153218653,44.667116612743726],[1.45295256412621,44.66675756313934],[1.453048708325704,44.66619702749792],[1.452821828338694,44.66485578843629],[1.452850876750466,44.664257396659835],[1.452704545267763,44.66407255917526],[1.452406421987029,44.663947729093856],[1.452130753724632,44.66351075692249],[1.451869655385391,44.66327838964221],[1.452086927632245,44.66198298441976],[1.452466831834665,44.6608294240424],[1.452419771096042,44.66061355887194],[1.45195823539668,44.660421609083535],[1.45190289288372,44.66032358634218],[1.452091222839301,44.659530226842676],[1.452290926580425,44.659379044748924],[1.452348491983595,44.65916644433197],[1.45230024487142,44.65876417023419],[1.452149997382736,44.65849283454664],[1.452158229823329,44.65805533290904],[1.450985661415617,44.65738699623103],[1.449971286002339,44.65638049513648],[1.448820884749771,44.6561464607349],[1.448477086595708,44.655712126177306],[1.447024835335458,44.65530815641228],[1.446466245710264,44.65502387548996],[1.446245890209376,44.654734438470236],[1.446028292825527,44.65457380357251],[1.445116263603331,44.65425213361728],[1.444507402023905,44.65377894264373],[1.444380325426422,44.653309823885195],[1.444197307458517,44.65313076227868],[1.443705034241807,44.65273034192795],[1.443062292721299,44.65247997681254],[1.442894325705305,44.65207601333556],[1.442775568406235,44.65194557762167],[1.442099450778261,44.651899138177164],[1.441821482755629,44.65168721952082],[1.441126043143355,44.65133615102198],[1.440522150163075,44.65082248767388],[1.439954233896625,44.65069561986116],[1.439561983767973,44.65046587539634],[1.4389310873339,44.650290390035174],[1.437758449408386,44.650181987407706],[1.436996487593943,44.64986597075546],[1.435813665634363,44.6495340926096],[1.434878046865462,44.649112954109015],[1.432914999063851,44.64858000639442],[1.432551604344406,44.648538838956185],[1.431801872024506,44.648737114762206],[1.431093218513084,44.648818910107344],[1.429637883801494,44.64853622560133],[1.428545589045555,44.64839825011616],[1.428193577483995,44.648401351999425],[1.42738784530457,44.64857178874727],[1.427154140294223,44.648222693259136],[1.426662263904501,44.648130154480086],[1.426395641512288,44.64814707158498],[1.425524399465589,44.648404806648195],[1.424866236149853,44.64825946734738],[1.424544967190469,44.64829090935622],[1.424246675731575,44.6484028177767],[1.424156008401992,44.64866805890047],[1.424188255804783,44.649003485474935],[1.423890294110014,44.649238759296026],[1.423278519884039,44.64955420138429],[1.422475654881854,44.649666114502594],[1.421958612261098,44.64993157499084],[1.421072039583859,44.64996934722155],[1.420495119699682,44.65016551198535],[1.420257436480501,44.65018462864834],[1.419405486560612,44.650112126668844],[1.418236653939088,44.649869403701565],[1.416975608209322,44.64999093164945],[1.416565692984993,44.650213778493494],[1.415968883750701,44.650398829762935],[1.41555149292178,44.65066298670213],[1.41513168424851,44.65110269565104],[1.414829061099885,44.651546784080665],[1.414363623130884,44.651948917926575],[1.414071735673306,44.65236974671309],[1.413891299448155,44.65250582911257],[1.412797392448731,44.65296107396032],[1.411585724787863,44.65275998751488],[1.411465917215099,44.6528483122556],[1.411359071309401,44.653237574551056],[1.410587909203121,44.65347502106687],[1.409937049662078,44.653919495361016],[1.40932108655478,44.65411053973545],[1.408228143715226,44.65412723304914],[1.406795970893327,44.65391661748945],[1.40615121966305,44.65392083548964],[1.405240282162814,44.653613256485215],[1.404970010068435,44.653579644330414],[1.404773384790574,44.653618229661255],[1.404473305342278,44.65383541345537],[1.404100608882179,44.65398851688088],[1.403739516376966,44.6540436368791],[1.403418879692828,44.65400659272867],[1.402905076909004,44.653752450181415],[1.402690580702831,44.65375385510984],[1.401143228139032,44.654491483959156],[1.400461246285212,44.65518488058133],[1.399959309499845,44.655445957177115],[1.398443246207164,44.65543482186308],[1.398022918229259,44.655309874716714],[1.397610379482519,44.654955422138535],[1.397344803335201,44.654845320508684],[1.396766445519739,44.65490987614331],[1.395937024585286,44.65484202271366],[1.394400554528457,44.6549277852937],[1.394021783161115,44.65516000747771],[1.393225214986415,44.65593093769307],[1.393068840960345,44.65619430143524],[1.393140167992503,44.65670139555873],[1.392923674493524,44.65699360101287],[1.392486703155293,44.657363643587956],[1.392211561603962,44.657411871415036],[1.391509526499727,44.657299913212164],[1.390338356072734,44.65731439275575],[1.388685662223289,44.65819709425168],[1.387734763705325,44.65893422322392],[1.387161755533562,44.65907444623281],[1.386352841683127,44.65916980408262],[1.385798715838052,44.658870870317884],[1.385653021199745,44.6588480335499],[1.383641218679937,44.660106316220904],[1.38344845194494,44.660316909010895],[1.383520063215529,44.66076728631958],[1.383451795100212,44.66116789511696],[1.383341735403343,44.661485951077054],[1.383070288010381,44.66188809264582],[1.382956379142877,44.6625599742069],[1.382688300903065,44.66315216219943],[1.382405163983275,44.663477592249436],[1.381187049739092,44.664023464810484],[1.380869522862769,44.664271848515895],[1.379612351600595,44.66468296346342],[1.37905255705543,44.6658084484926],[1.378870367851369,44.66714116961317],[1.377943363099052,44.6681343035978],[1.377700768991521,44.668583681323526],[1.377037423577796,44.66905210044708],[1.375946494206288,44.66942599438328],[1.375740295326889,44.66957514641282],[1.375242375772832,44.670213470811596],[1.374715929883944,44.67061545159527],[1.373507439704257,44.670994799130824],[1.373306951639199,44.6712079641177],[1.373116738057566,44.67158966751953],[1.37247099086124,44.671926851150324],[1.372504778462332,44.67241720336982],[1.372366688478148,44.672610573913964],[1.372032298937878,44.672828070323575],[1.371946834674252,44.6729906982694],[1.372033220745883,44.67362589996859],[1.37193615512896,44.673840584529586],[1.371981435879163,44.67410778987039],[1.371810085433463,44.674622138367134],[1.371435476243779,44.67548828067507],[1.370658135912319,44.676577212329335],[1.370723726940301,44.676840215224296],[1.371066924298971,44.67727929511336],[1.371383821963656,44.67736230071871],[1.371518360257582,44.677466934506235],[1.371491020302555,44.67771416172799],[1.371283205479246,44.6778740884103],[1.371407400301317,44.67838018035343],[1.371300479688065,44.67854249249979],[1.370024329009895,44.679116212516085],[1.369868943060185,44.67929581894313],[1.369723559193174,44.67974031139681],[1.369450918839005,44.68000283421734],[1.369501287072787,44.680355661151054],[1.369403753025217,44.680672991334085],[1.369638250762061,44.680987109559766],[1.370002293644635,44.68127341991489],[1.370046379573613,44.68140733925445],[1.369503840913985,44.68192432254079],[1.3691125447943,44.68218689752954],[1.368920546034419,44.68284591579591],[1.3684098357372,44.683570472465796],[1.368209764701736,44.68415913402885],[1.367921789641814,44.684383607899626],[1.367825201778159,44.684537065007],[1.367559542172838,44.6852544267612],[1.367656384183976,44.68552779858093],[1.367638836974369,44.68569772950354],[1.36701692208618,44.68629457431839],[1.366469992888362,44.68652512880136],[1.366246938478824,44.686686623252676],[1.365323282025013,44.687545545296594],[1.364831066404035,44.687803914478295],[1.363582065459616,44.688259104462205],[1.36360551539296,44.68845125272349],[1.363380470893804,44.68859380230989],[1.362752132355227,44.68871417757119],[1.362131413597793,44.688615846124236],[1.360991007035678,44.68898166638031],[1.359949319261176,44.6890346712948],[1.359717085769651,44.689163599937025],[1.359636323303248,44.6893794181424],[1.359810810391895,44.68962963556832],[1.359838685138301,44.689756115582504],[1.359781855957293,44.68980029730022],[1.358968485602913,44.68990170054832],[1.358298207320669,44.69024744920083],[1.357740538114368,44.690627282160264],[1.357467043681045,44.69130488630437],[1.35739569340272,44.691846816396264],[1.357190285366682,44.692050878032596],[1.356745338938449,44.692330625447234],[1.356609935654809,44.69264468346511],[1.356098738881619,44.69320439454174],[1.355633512989298,44.69396199170348],[1.3551705092558,44.69447018715635],[1.355001361545749,44.69511782063152],[1.354998441763258,44.695606738458146],[1.354475789427736,44.69638418956515],[1.354706768364291,44.69720706134862],[1.354705266775534,44.697560928379986],[1.354071435844207,44.69821065839046],[1.354111176805773,44.69879476184685],[1.354042513072604,44.69963209015491],[1.353844026181081,44.7000730766756],[1.35425621458793,44.701089547401615],[1.354164631380914,44.701458284413754],[1.354208405306266,44.70164533526304],[1.354677853306939,44.70251767814526],[1.355042483668279,44.70339116309766],[1.355053789359008,44.70360924815783],[1.354919638535209,44.70379275440049],[1.355028808163852,44.70442111346054],[1.35488634580514,44.7047161562836],[1.35448170320479,44.70490914949219],[1.354479780733045,44.70514774928047],[1.354069975578677,44.70556038259576],[1.353422939170997,44.705794792352016],[1.353043182791872,44.70604308029133],[1.351561256683166,44.70615609723355],[1.350441256412667,44.706155623603664],[1.350016210554362,44.706052937609755],[1.347915812355177,44.70503828270954],[1.347561017886651,44.704693504277536],[1.347328479249698,44.704270406624886],[1.347091988427604,44.70411109182849],[1.346956373699906,44.703870438158155],[1.346752567868567,44.703716113100775],[1.345448807849353,44.703654312229474],[1.344738473069753,44.70372203574074],[1.343407124191886,44.70395425740652],[1.342945106308657,44.70412203717467],[1.342620546580063,44.7044242446512],[1.34259378204482,44.70464716474407],[1.342655815889214,44.70485610598049],[1.342401919469633,44.705202594227565],[1.342175326688501,44.7052649368204],[1.341687806202639,44.70514057177742],[1.341320570929967,44.70517649263765],[1.340899476487186,44.70596891539501],[1.340408075562467,44.70619027400193],[1.339983768588914,44.706534202485386],[1.339332562846751,44.70647941169252],[1.339209219142664,44.706551401488355],[1.339038118550626,44.70691533348195],[1.338908715758703,44.70702145064367],[1.338371073487683,44.706969258594505],[1.338293482909913,44.70686003535449],[1.338271386823108,44.70662467611477],[1.338105592550589,44.70655194931289],[1.337502044266293,44.70655099197195],[1.337298915647962,44.70671633288358],[1.337506837854919,44.706944577654966],[1.337470486732014,44.70706379682647],[1.337383357147917,44.70710661233668],[1.336942611069201,44.70698022736821],[1.336626671640762,44.706988988283975],[1.336282202878777,44.70715130326181],[1.335851854479744,44.707228580805726],[1.335647700703837,44.707599215081956],[1.335248298307313,44.707526573770764],[1.334769361203682,44.7077949209136],[1.334243906051171,44.707629430418315],[1.334090074633256,44.707707259386964],[1.334037498441099,44.70794779961555],[1.333955077697224,44.70804471277624],[1.333577824109573,44.70794898599761],[1.333485022008877,44.708097971004804],[1.333329543174958,44.70814605798125],[1.332812587247241,44.70803471803986],[1.331475092628161,44.70863950960682],[1.330650119490394,44.708737834000196],[1.32964223481394,44.70853172814564],[1.329048435911644,44.708329162015275],[1.328363928253172,44.70833233616903],[1.328007539631529,44.70817206991722],[1.327783897817234,44.70821911975066],[1.327452349717987,44.70845544332731],[1.327277905105859,44.70850413587722],[1.326859493972992,44.70843387849412],[1.326503809338847,44.708292528316115],[1.326037999215582,44.708457480296026],[1.325658940214822,44.70846525569195],[1.325448467565231,44.7083666202405],[1.32532175130613,44.70821161983283],[1.32517718898326,44.70818962218882],[1.324888769411259,44.70854635619629],[1.32465346913191,44.708603128799034],[1.32439794014936,44.708575848927616],[1.323597951922585,44.70902208940636],[1.323525638586311,44.709160570866565],[1.323714832567519,44.709549747143356],[1.323624767379068,44.70969066140602],[1.323296385438719,44.70986218547052],[1.322711304329732,44.709833512409176],[1.322429513825414,44.710009341771865],[1.322233225826086,44.71079069760507],[1.322147585486373,44.71091006601061],[1.321634795159415,44.711040069398436],[1.320341448106902,44.71113211729154],[1.319809584663588,44.71109703244053],[1.319228335911525,44.7108973052732],[1.31844864559091,44.71087285927306],[1.317996770827083,44.710654379008076],[1.31760131763642,44.71057633097246],[1.317452166815045,44.71041197532185],[1.317665633870373,44.710072130591506],[1.317645764870844,44.70997637621939],[1.317468896378552,44.709894444949434],[1.316449883364891,44.7098501385108],[1.315471356448491,44.70997212982429],[1.315019680924001,44.710127345860435],[1.314152689755072,44.7098980287243],[1.313889012600577,44.70972111823813],[1.313047249616505,44.70970379305185],[1.312443284458991,44.709757623533385],[1.311924007187276,44.71027199512127],[1.311811480003015,44.71027658284139],[1.311529462438666,44.71012189938074],[1.31104691486088,44.71012714615716],[1.310984214927456,44.71023875172708],[1.311274473218206,44.71041337321575],[1.311240717044264,44.710570445239995],[1.311139751701088,44.71065265135399],[1.310348858047665,44.7105388281354],[1.310153783646638,44.71064301004058],[1.310314069964671,44.71089849598559],[1.310296700430718,44.71101439501286],[1.310137190875328,44.71106959235968],[1.30971072218538,44.711015356043305],[1.308690952999801,44.71065939478084],[1.308645393717049,44.710452484933214],[1.308788347627123,44.71019172351476],[1.30866226801118,44.710016902093756],[1.308006959139606,44.71001409330708],[1.307566986829032,44.709863289020944],[1.307469184981821,44.70971411238053],[1.307507469937642,44.70940672760482],[1.307442683624181,44.70933549841297],[1.306988054431057,44.708958442897625],[1.306286513298454,44.708519976587084],[1.30612227717385,44.708480543536766],[1.305197538061749,44.7086194758627],[1.304286979094482,44.70845515001311],[1.303369671550177,44.70851493714596],[1.302469364627006,44.7080526885219],[1.302324811645633,44.708030661045],[1.301707714631365,44.70835257991101],[1.301424564650601,44.70840406698675],[1.299663443178657,44.707720569777685],[1.298956150221279,44.70755842084194],[1.298514333342588,44.70701043181465],[1.298232673744026,44.70676206751278],[1.297995685594593,44.706623349583126],[1.29726801649733,44.70642575693338],[1.296337340629206,44.706343901429996],[1.295956357626847,44.70641548080268],[1.295112723048005,44.707045448655364],[1.294579962757443,44.70762526928628],[1.29416231508947,44.70786467136676],[1.293063553775837,44.70757848656392],[1.292709773314023,44.707627061392785],[1.292362233907874,44.70776127889674],[1.29190360399343,44.707769512374995],[1.291165822201876,44.70740603131471],[1.290744519767263,44.70726625350455],[1.290484324971478,44.70726853952374],[1.289597006101647,44.70779603551992],[1.288724528337402,44.708167066923124],[1.288315837592475,44.70823549060421],[1.288157962967637,44.70831949777072],[1.288162467613606,44.70837900052573],[1.288507860238546,44.70864818744986],[1.288950565471822,44.709330406513054],[1.289007985748499,44.70980946034907],[1.288738867625579,44.71018801437042],[1.288952420337786,44.710682088553554],[1.28879120958913,44.710958752709956],[1.288186369312408,44.71116462286455],[1.287928127858759,44.71147580575309],[1.287568558164506,44.7127516606799],[1.287439359946523,44.713054932978594],[1.287088415897208,44.713465536810425],[1.287106758241925,44.71456443507078],[1.286972312362981,44.71487392947419],[1.286386272118708,44.714999936825336],[1.283558858857929,44.714949838931325],[1.283114520467159,44.71502579637524],[1.282256539452925,44.7154960605632],[1.28136227272901,44.71578925608128],[1.280159097393264,44.71577597737595],[1.27956940749968,44.715937912635106],[1.279150166019901,44.71634923271959],[1.278243536775626,44.716756575833934],[1.277934275192861,44.71712277538627],[1.277235017599977,44.717480205629236],[1.275827919136419,44.71835070763659],[1.274899276221169,44.71877389092054],[1.274601301729293,44.71905921202549],[1.274555435025964,44.71927822140153],[1.274604345726924,44.71941315929558],[1.274687824326859,44.71945048034117],[1.274730072539764,44.7197203906635],[1.274496042083666,44.720144485773595],[1.274519932093378,44.7202304063744],[1.275109758524776,44.72064302352471],[1.275275267447582,44.72088873887817],[1.275430047128501,44.7213197917313],[1.275305544116344,44.72159070693063],[1.274763279030784,44.72197488201278],[1.273725111153608,44.72242516698442],[1.273176588820059,44.722559795901525],[1.272393513568465,44.722969921365205],[1.272225813849845,44.7230015244019],[1.270812912566773,44.722861504151844],[1.269983840735939,44.722383891560675],[1.269062016502705,44.7223352670188],[1.268274937121437,44.72213565513265],[1.267592676518239,44.72222404000159],[1.267516100479849,44.72233180386332],[1.267538223539315,44.72251585427931],[1.267314026098676,44.7227824999896],[1.266260428885999,44.72336214858392],[1.26592559719198,44.72385759068509],[1.26536995449938,44.72418117762292],[1.264344019299845,44.72455862690137],[1.264300674524824,44.72481729525206],[1.26435014833237,44.72493333630785],[1.264907664135584,44.72520502247548],[1.264986386358141,44.725355740978046],[1.264818203451497,44.7258943142655],[1.264745694728612,44.72685312531088],[1.264421985027812,44.72723257202683],[1.264323736203168,44.72751019152538],[1.264352981644218,44.72779070965541],[1.264517103698174,44.72824443910197],[1.264511856085683,44.7287423411264],[1.264382442097577,44.72896544163956],[1.263694099311935,44.72969847718152],[1.263421278625342,44.73047494606571],[1.263066434596394,44.730716122788316],[1.262453600760324,44.73092533535213],[1.262273094029799,44.73092070233288],[1.261913419217868,44.730786284772066],[1.260815696452013,44.73102930158774],[1.259371834745251,44.730863437073154],[1.259043687942378,44.73077182983594],[1.258272172435818,44.72990330870205],[1.257548790042163,44.72964338771789],[1.257163736988526,44.72935006436586],[1.256894833572226,44.72897752133377],[1.256389568408826,44.72873183152621],[1.25537745423889,44.728414219543254],[1.253370931412705,44.728349273705],[1.253084670742314,44.728252005475525],[1.252320781914487,44.72722327001159],[1.251918911823485,44.726944070869976],[1.251754939652498,44.72689555617198],[1.251473065914965,44.7270640053764],[1.250488544960585,44.72687645810645],[1.250017773496189,44.72653853033411],[1.24963384004556,44.72653606489217],[1.249389764214033,44.72601711114588],[1.247767422231106,44.72643630952154],[1.247345810031803,44.72646745964249],[1.247001967888072,44.72635395534229],[1.246517282975857,44.72634177956351],[1.246023003634637,44.726434810311126],[1.244953577615571,44.72678347810253],[1.244802794635352,44.72704133830993],[1.244803690662332,44.72717462925576],[1.244964399704024,44.72753017945946],[1.244970906983598,44.727726595652],[1.244822897243224,44.72813848868396],[1.244629154553362,44.728315521813634],[1.243998661313286,44.7284009817325],[1.243195224939397,44.728280177473856],[1.242942952589439,44.72834911747284],[1.241649214509239,44.72972979354643],[1.24143306925612,44.72985513609931],[1.241076013170832,44.72996203107986],[1.24033688415523,44.730006122312595],[1.239229606380318,44.73018843965937],[1.238627133983312,44.730346356694724],[1.238219152934905,44.7305866103938],[1.238065441485981,44.73061388236409],[1.237505898387537,44.73053023609041],[1.237269821891248,44.73044453152133],[1.236955875051988,44.73022340915605],[1.236205669848199,44.73001605105495],[1.235477508370201,44.7294281183168],[1.235209457969172,44.72931488419175],[1.234904874478145,44.728916502306696],[1.234690817436106,44.728773509670255],[1.233126704225244,44.728176735778746],[1.232435543233395,44.72798109987519],[1.231818844645343,44.72758673258416],[1.231358246884627,44.72749112659815],[1.230951807559371,44.727481032888804],[1.230532154925505,44.72756978402462],[1.230340583120867,44.72775673324196],[1.230050935070796,44.727888983940375],[1.229247274155564,44.727896849104305],[1.229017720580656,44.72784545081386],[1.228328065319454,44.72792357206986],[1.227940657069372,44.727790400133856],[1.22773425954724,44.72780600838484],[1.227126208205879,44.72810065310995],[1.226561835117979,44.728732789917586],[1.22644495198487,44.72879395486113],[1.225983459690862,44.72868660536054],[1.225462230979599,44.7283504642189],[1.223654645758419,44.72850699433656],[1.223125568968044,44.72825986801124],[1.222929070250861,44.72828192984996],[1.222835304527351,44.72841100130451],[1.222630855426129,44.72852478856111],[1.222270056461068,44.72838932208009],[1.221478857917095,44.727842607764785],[1.221368217922424,44.72766612911707],[1.221294064272466,44.72733444560835],[1.221000462535343,44.72703165601064],[1.220535815412252,44.72694494487201],[1.219804705908877,44.72637667067205],[1.219390207654659,44.72634209066531],[1.218519915901353,44.726500094522876],[1.217856485615879,44.72642818465706],[1.217418965082609,44.72648237878195],[1.216709905175981,44.72681406352427],[1.216405573171382,44.72712974974085],[1.21631488393778,44.727360624805385],[1.216324104380049,44.72786686891584],[1.216134235276567,44.72867608544032],[1.216206307321258,44.72923197059684],[1.216101711858443,44.72970216184679],[1.216102798955189,44.73030553232644],[1.21658073487524,44.73089046719345],[1.216819470340629,44.730931232806704],[1.216788134742046,44.731082917342476],[1.216893786237685,44.7311773726334],[1.216987185395819,44.73141931700548],[1.217141130937924,44.73234213399385],[1.217333679315552,44.73284412545305],[1.217325003530113,44.733078122953174],[1.217226508294547,44.73319630776346],[1.216644038986907,44.73339765421353],[1.216681461043833,44.733691828820064],[1.216579317838565,44.73380545174467],[1.215842173798933,44.733943968129964],[1.215665320755141,44.73402306723054],[1.215539853336736,44.734194847837855],[1.215350292916661,44.73431606656667],[1.214782875492139,44.73436095415704],[1.214371385464851,44.73446868818627],[1.213637037840796,44.73479724685402],[1.213187997754314,44.73485394134223],[1.21283775528756,44.734823075805295],[1.211667551105738,44.73439534762651],[1.21135589757427,44.73422371728073],[1.211245473146537,44.73400130429256],[1.2109344951141,44.73364957776681],[1.210906865082856,44.733405988549265],[1.210444402023273,44.732772649496404],[1.210371695404465,44.73223836148288],[1.209747651796448,44.73195901801375],[1.209350941853297,44.73195980910173],[1.208929632658821,44.73186024221599],[1.208468658562488,44.73161774847395],[1.207078227336953,44.73148358288392],[1.206759778073772,44.73152615535431],[1.20579401129943,44.73225795424498],[1.205853099464564,44.73238588619825],[1.205745599048142,44.73250841791619],[1.205792605676389,44.73261904411295],[1.205773809303546,44.73305009368134],[1.205902174800806,44.73318455105726],[1.205801130311596,44.73350080153724],[1.206029052285744,44.73396016196419],[1.206458153971619,44.73441017240392],[1.206665619593339,44.73467918827576],[1.20672675088083,44.734862085259806],[1.207075621457338,44.7352531602757],[1.207527609293646,44.73554054086095],[1.207798139321963,44.735892523431296],[1.208030120486946,44.73602685373792],[1.208402327537888,44.73675690164701],[1.208857419671061,44.73730458032678],[1.208959338432364,44.73739718199893],[1.209523898581347,44.73744323105318],[1.209899595174368,44.73762760847693],[1.209956700039395,44.73789779007903],[1.209762616505156,44.738120686715895],[1.209282594693986,44.73843531766714],[1.209372674185244,44.73870153009998],[1.209526171927038,44.73880126874963],[1.209489745625222,44.73915188719736],[1.209641898817441,44.73929392892493],[1.209685170076871,44.73956208616561],[1.209371171098898,44.739860489900465],[1.20889654493565,44.73996538293288],[1.207233304269668,44.739900654357186],[1.206734848708357,44.73984125562833],[1.206603021728408,44.73969593674477],[1.205370221581609,44.739723698759],[1.203842375491241,44.73965300780311],[1.202910857471005,44.73954424366491],[1.202461468421825,44.73933343147897],[1.201011759547755,44.73824186366115],[1.200246839015338,44.73703352948678],[1.20005648263413,44.73694128354462],[1.200172962436726,44.736775677132194],[1.200192104081899,44.73649322078027],[1.199892497013026,44.736340664615554],[1.198713846375095,44.73606034847066],[1.198275294585398,44.73582808230039],[1.197959465808597,44.735787823599495],[1.197353906218323,44.73583920611794],[1.196149107210918,44.73673003148821],[1.197095617540682,44.73806472434107],[1.197379183495863,44.738599754196464],[1.197525007865453,44.73921449068704],[1.197598223825464,44.739413799675035],[1.197732068108953,44.73953484803366],[1.197802494509226,44.739781839842635],[1.197676913940531,44.740073370952416],[1.197801533062238,44.74008800601762],[1.197987583533931,44.74023601893402],[1.198069464188699,44.74048049533323],[1.198050177195513,44.7406882051501],[1.197916453073936,44.740918367781326],[1.197613882481756,44.7410944526054],[1.196980008374928,44.74123902908052],[1.196368820931508,44.74146411904975],[1.195391187380922,44.74231991558265],[1.194683176551212,44.74264788149553],[1.194659394459005,44.742877130717346],[1.194896717959297,44.74327813478127],[1.195098240068602,44.74404687454954],[1.195074299734547,44.74435987130707],[1.194837125586766,44.74493865422598],[1.194929001343661,44.74526524522016],[1.194332980309799,44.74560674157962],[1.194183821608954,44.74580513015588],[1.194008807683733,44.745824790612076],[1.193925318621718,44.74590627898564],[1.193952076509014,44.74601748135149],[1.194203580887492,44.7461737721349],[1.194373112486041,44.74644309459346],[1.194411561274486,44.746662551930356],[1.194812720897125,44.74719590405277],[1.195059762521103,44.7477672680902],[1.195182130726706,44.74946767674217],[1.195499052264189,44.749909600297954],[1.196109491771365,44.750420240620244],[1.196321688674395,44.75077850759077]],[[1.471928624059643,44.67126508404328],[1.470553649208791,44.671340632936435],[1.469604587902394,44.671205949526346],[1.467039604246464,44.671051582457366],[1.465772810781379,44.6707224689659],[1.464320793349776,44.670106228684105],[1.463548966013687,44.6696741037086],[1.463448647861487,44.669419684813775]],[[1.471928624059643,44.67126508404328],[1.471511156977195,44.671071124454706],[1.470139289511255,44.67080003916753],[1.469629124845862,44.67058137899508],[1.468739649485308,44.670576276028],[1.468128265321247,44.670460659768224],[1.466373106552409,44.66994740238194],[1.464958993233587,44.66965405593935],[1.464201057648858,44.669406719987734],[1.463751880510086,44.66935906344109],[1.463448647861487,44.669419684813775]],[[1.543644903355931,44.689451282598554],[1.542718562931272,44.68900597950128],[1.542186481315131,44.68883689378334],[1.541829955597793,44.68895645750928],[1.541454272775304,44.688792129961236],[1.540506224529936,44.68874721656884],[1.540010653099585,44.6886308271013],[1.539725965061618,44.688365044059395],[1.539449181330888,44.688232629305965],[1.538840428739959,44.68814895750209],[1.536713466274235,44.68727804721031],[1.536075869272047,44.68723629924543],[1.534839270245839,44.68731898378871],[1.534143069905356,44.687298059365396],[1.533269794001812,44.687630457153645],[1.532105240127089,44.68775728714236],[1.531559329535021,44.68773293707401],[1.531009910122502,44.687552761804334],[1.530671985646938,44.68753927166304],[1.530298938862608,44.687372239463556],[1.530209811753336,44.68725670012737],[1.529862164438264,44.68645519433966],[1.529895481622325,44.686145885991905],[1.529806176305141,44.68598892380289],[1.529266307114927,44.68554053585193],[1.528570798572205,44.68515580805056],[1.5265271180462,44.68477834667767],[1.526054680955446,44.684841389422346],[1.525695387231945,44.68496986864598],[1.525061491858089,44.68493260832191],[1.524220980662299,44.68497723066379],[1.523610258969014,44.68477819191215],[1.522470077153124,44.6842659328375],[1.521882349172397,44.68468219175831],[1.52098096655697,44.68396870646608],[1.520201996490389,44.68383313213051],[1.520111041524859,44.68359600063678],[1.519484750645056,44.68379832687676],[1.518930594561404,44.68389716397493],[1.518533063446842,44.68389544489838],[1.518002868266764,44.683755080988064],[1.517061245997969,44.68323011676664],[1.516900735654869,44.682902906838706],[1.516756390011673,44.68277671153112],[1.516725171060034,44.68247644649295],[1.516239364120443,44.6820890478396],[1.51586592660045,44.681987693179536],[1.515652778467888,44.681742616005906],[1.514101021946679,44.68109688569273],[1.513367762005447,44.6809051486532],[1.51288639893493,44.68111568720246],[1.512036440727526,44.681280748434766],[1.510698071776568,44.68053788985616],[1.509995275436028,44.68048340726739],[1.509496460498237,44.68030380517812],[1.509006238463428,44.68027649113559],[1.508687242297398,44.68016954239869],[1.507949032156665,44.679546391069266],[1.507541114801373,44.67936620470334],[1.507099495533999,44.6787434455588],[1.506447742914156,44.67824030865125],[1.506425566244145,44.67812475288185],[1.50683530793094,44.6778547476259],[1.506791111446474,44.67776050540321],[1.506317647145045,44.67738763601982],[1.505812547353462,44.677113385888525],[1.505286329553338,44.676683972345025],[1.505011801159812,44.67656680815848],[1.504306550502181,44.67660680191932],[1.503403590049668,44.6764883410508],[1.503156706311243,44.67651831799783],[1.502206693721088,44.67622362477118],[1.501359395699041,44.67624276761951],[1.500551653083663,44.67600851547987],[1.499976504295747,44.675949395038565],[1.49958191002053,44.67569732415828],[1.498880839776603,44.67558066305044],[1.498409013275746,44.67533834545209],[1.49754539972689,44.67535453619436],[1.497214364597375,44.67513303431379],[1.496715254443029,44.675062323260185],[1.495683111619376,44.67467911467395],[1.495511549043024,44.67467678211294],[1.495433409992572,44.67457847189296],[1.494540883893416,44.67477973702768],[1.494169985155881,44.67501150652948],[1.493890967704909,44.67496899005108],[1.493650966513844,44.67507197529229],[1.49347697611412,44.675066004769725],[1.49310984235118,44.674873713512966],[1.492891885255262,44.67457720072733],[1.49274912623079,44.674488813690054],[1.491285692724714,44.674096086066655],[1.491489559722188,44.673363203912885],[1.491320451995565,44.673222230103214],[1.490771872546573,44.673114799731074],[1.490429413522024,44.67327400865622],[1.489817255869563,44.67318461541528],[1.489724983351184,44.67323738256411],[1.489687631451648,44.67345387948801],[1.48933005387375,44.67361197829402],[1.488981292421161,44.67367655027413],[1.488916420452972,44.67383684371283],[1.488338625116655,44.67387757544725],[1.487887895909557,44.67346261541687],[1.4874141574944,44.67334088354423],[1.486685200510853,44.67327778992926],[1.486317307345863,44.673162003115685],[1.484709770314972,44.67249978434513],[1.484815188052771,44.67233374544558],[1.484598340090122,44.67227945042246],[1.48371438935997,44.67220881146636],[1.482362937480223,44.67225421447253],[1.481879908076037,44.67271221740888],[1.481052571052149,44.67283502913792],[1.480835525008487,44.673162512585115],[1.480638590404879,44.67330568062015],[1.479857402788887,44.67354167293787],[1.477688507689028,44.67366853178308],[1.475639550065691,44.67346653691179],[1.475205525302104,44.673556904385514],[1.474524483048552,44.67316932967447],[1.474164294867222,44.67276996776833],[1.473253385687983,44.672297274342],[1.473050331417087,44.6720603562806],[1.472955834052564,44.67182223478914],[1.472629440193993,44.671526885523825],[1.471928624059643,44.67126508404328]]]}},{"type":"Feature","properties":{"CdOH":"05C0000002000885149","TopoOH":"","StatutOH":"Validé","SourceNomOH":""},"geometry":{"type":"MultiLineString","coordinates":[[[1.360445476944932,44.71656706293076],[1.359836127717112,44.716414861231286],[1.358829929497445,44.715969519548594],[1.358303208198334,44.71601574061221],[1.357330366132841,44.71598600425572],[1.356441048864265,44.71582062505372],[1.355257027161357,44.71523843814303],[1.353992420736689,44.71482163063379],[1.352674949283712,44.71375206880718],[1.351688206225716,44.71337898959296],[1.351277982299531,44.712983871129516],[1.350860388026163,44.71275433108832],[1.349672319560413,44.712314300112055],[1.349183325972982,44.71245288946313],[1.349009499636763,44.712437690783325],[1.348278634730398,44.71221157350111],[1.347532604855229,44.71215811875868],[1.347019845206669,44.71185870649784],[1.34672479655655,44.71180027187815],[1.345161950434446,44.71203986694916],[1.344995144458157,44.712043677130524],[1.344704712235131,44.711914167481744],[1.344349065196547,44.711640504127814],[1.344084276265276,44.71111155918827],[1.344180382432862,44.71089237676848],[1.34400374508198,44.71062949369511],[1.3438948284511,44.71021093830894],[1.343742997826475,44.70992051074854],[1.343662250577769,44.7094888692671],[1.342887710059483,44.70795995620388],[1.342862644209633,44.70786773123271],[1.343167980009769,44.707661586905985],[1.342754285221719,44.70605792970297],[1.342401919469633,44.705202594227565]]]}},{"type":"Feature","properties":{"CdOH":"05C0000002000885224","TopoOH":"Ruisseau de Salvezou","StatutOH":"Validé","SourceNomOH":"IGN;BDCarthage"},"geometry":{"type":"MultiLineString","coordinates":[[[1.351686012119997,44.57651464781815],[1.351410779709568,44.57623320469669],[1.351158734484357,44.5756756718148],[1.351147733990872,44.57506050695349],[1.351378340103285,44.574497572387244],[1.351379301270887,44.57424906535475],[1.35086940839676,44.573160926095035],[1.350594770064894,44.57195473877691],[1.350655678593383,44.5713361463292],[1.350634318313072,44.57012743871829],[1.350570481179083,44.56968256928745],[1.350807080543752,44.56908641068241],[1.3508935726849,44.56862667797208],[1.350921176561576,44.5678112936359],[1.351129092548691,44.56724802285062],[1.351029581115347,44.56681702859045],[1.351065257929792,44.56568211035705],[1.35096889239574,44.56531599467109],[1.35061622342227,44.56488482166205],[1.350180046736116,44.56416516082012],[1.349973479430434,44.56377758838431],[1.349923825101738,44.56353733045166],[1.350037387888432,44.5624531014698],[1.350081087112334,44.55893305321521],[1.350260833259369,44.55842789378571],[1.35084464941829,44.55741192064568]]]}},{"type":"Feature","properties":{"CdOH":"05C0000002000885188","TopoOH":"","StatutOH":"Validé","SourceNomOH":""},"geometry":{"type":"MultiLineString","coordinates":[[[1.355425029630733,44.62311633660218],[1.354537882720791,44.623704640444785],[1.354241258808278,44.62406130818472],[1.353811644786512,44.62426561866671],[1.352963439937857,44.62455553866493],[1.352331906519313,44.624679395773455],[1.350892720745803,44.62465433491021],[1.350042418203678,44.624972115767655],[1.349003706880221,44.625092577696215],[1.348273899850229,44.62547157495301],[1.347826996768534,44.625920529319885],[1.347223462879065,44.6261636367695],[1.346634044809587,44.62609719407726],[1.345745425152336,44.62587139255063],[1.345227636279363,44.62598520555895],[1.344001235369747,44.62609830918814]]]}},{"type":"Feature","properties":{"CdOH":"05C0000002000885152","TopoOH":"","StatutOH":"Validé","SourceNomOH":""},"geometry":{"type":"MultiLineString","coordinates":[[[1.351273628657887,44.72227415428222],[1.351719795540902,44.72226368674096],[1.352559883645698,44.72243107205052],[1.353316302495844,44.72278180735291],[1.353771964461,44.72292185457354],[1.353653966141355,44.72406282300649],[1.353743965857093,44.72444056611733],[1.353699807242826,44.72525935653672],[1.354001254692385,44.72618143794483],[1.353855356071299,44.726851036110965],[1.353822879934277,44.72752952419721],[1.353858649656988,44.72773176606206],[1.354142443007909,44.72826457267202],[1.354700419606176,44.729140937642775],[1.354897203435493,44.730662991513135]]]}},{"type":"Feature","properties":{"CdOH":"05C0000002000885194","TopoOH":"","StatutOH":"Validé","SourceNomOH":""},"geometry":{"type":"MultiLineString","coordinates":[[[1.336798504823323,44.75032975607398],[1.336725028376494,44.7504214048812],[1.336821170357817,44.75127292341234],[1.336701088822112,44.752000528783654],[1.336504766677935,44.75248565453174],[1.336081090173618,44.75305201340143],[1.336061045187145,44.75325972888085],[1.336809911283222,44.75391933566153],[1.336920044671288,44.75425507593762],[1.337166315597722,44.754602764816916],[1.337403882069889,44.75468917621139],[1.337641608142719,44.754941282314384],[1.337861903518055,44.75539844147337],[1.337685109475757,44.757061723419966],[1.337891424089918,44.75722240676381],[1.338259271808331,44.757861879574435],[1.338147835943554,44.758040309435074],[1.338141400741717,44.758258135239124],[1.338298013925703,44.75856125277526],[1.33866993752822,44.7587208159753],[1.339913822031135,44.76064042524245],[1.339932870201808,44.7607658809086],[1.339850128358057,44.76082857726102],[1.339856448223893,44.76091422000095],[1.340088739807088,44.76135174365645],[1.340092802314166,44.761513895590696],[1.340777666301735,44.762848796556064],[1.342019380452351,44.764504501603355],[1.342136287408377,44.76491237903033],[1.342885877951028,44.76534052469615]]]}},{"type":"Feature","properties":{"CdOH":"05C0000002000885189","TopoOH":"","StatutOH":"Validé","SourceNomOH":""},"geometry":{"type":"MultiLineString","coordinates":[[[1.326346419011562,44.64290350295976],[1.326404105806505,44.64401915824535],[1.326305421472047,44.64453903724641],[1.326527809443726,44.64512050493519],[1.326764024228423,44.645533793363846],[1.327623360130446,44.64649948989806],[1.329820702175311,44.648413779619176],[1.329970132404656,44.64860693603073],[1.330004166256199,44.648863183779035],[1.32992490679349,44.648941228433735],[1.330320698719154,44.649334407015935],[1.331563225697172,44.6501860940219],[1.331849097904008,44.6512250478637],[1.331376379303356,44.651298959581],[1.331539271454297,44.65193264775323],[1.331456425962054,44.6534099734634]]]}},{"type":"Feature","properties":{"CdOH":"05C0000002000885190","TopoOH":"","StatutOH":"Validé","SourceNomOH":""},"geometry":{"type":"MultiLineString","coordinates":[[[1.315216602068232,44.653542896946334],[1.314845957081461,44.65357687154919],[1.31454743855766,44.65377222887792],[1.314356073281936,44.65397011897964],[1.314149794612987,44.65437128928593],[1.313705294516262,44.654765225841366],[1.312465500938453,44.65614475959841],[1.312306236150579,44.65653403767879],[1.312349049488191,44.657168627654244],[1.311921547221601,44.657962629892715],[1.31174289602131,44.6580301407317],[1.311814746588675,44.658411239434464],[1.312211775737539,44.65855056894082],[1.31249962095433,44.659344680626425],[1.312436105379553,44.66015954591422],[1.31246490050157,44.660714680590985],[1.312899342579352,44.66175415745882],[1.313023748230042,44.66252956700298],[1.313241051599028,44.6628993760046],[1.313285382027107,44.66310446093642],[1.312979046161857,44.663769747203304],[1.31271962922637,44.66387925141514],[1.312662297015869,44.66419264473489],[1.312844473848242,44.66459793815112],[1.312874246076618,44.66490995858962],[1.313124166052067,44.665244246196146],[1.313367377418275,44.665381225611156],[1.313379149271222,44.6654516426007],[1.313198019333172,44.665854097512515],[1.312725794848884,44.66594865078589],[1.312623243045089,44.66646576399589],[1.31216083240305,44.666948572294544],[1.312170017403744,44.6672737863822]]]}},{"type":"Feature","properties":{"CdOH":"05C0000002000885146","TopoOH":"","StatutOH":"Validé","SourceNomOH":""},"geometry":{"type":"MultiLineString","coordinates":[[[1.325043140127328,44.726745006094305],[1.323380658184247,44.72649562584568],[1.322893003460784,44.72654047102252],[1.321529677550152,44.72689172325312],[1.320490019889035,44.727274882930544],[1.319705318957977,44.727410662102685],[1.318378186646112,44.727098756613806],[1.317804972108382,44.72687843373505],[1.316517015160355,44.725975471898415],[1.316102192276198,44.72557024359197],[1.315922552525397,44.72528385438906],[1.315198890242915,44.72312785612108],[1.314375116119263,44.72229226333933],[1.314013562048777,44.72200760438854],[1.313889758509478,44.721755380503375],[1.313565856977043,44.72135242740853],[1.313479806274752,44.72102063355706],[1.31372249697589,44.721014423989665],[1.313663759217294,44.720487637894],[1.313937649575039,44.719608418915335],[1.314045665554114,44.71853216657146],[1.314886580972234,44.71697900063531],[1.314940289292181,44.715648882514145],[1.315283284363199,44.713978276798656],[1.315143971121371,44.71310537671169],[1.314732475780743,44.71242374180232],[1.314513480807298,44.71218808018892],[1.314286985754422,44.711781209646105],[1.313656465198639,44.71137178765445],[1.313061415520408,44.71129608610749],[1.311942056732137,44.711354667156684],[1.309514810040033,44.71127350912496],[1.309356910045394,44.711190953862456],[1.308985214582278,44.71120508842473],[1.308578436849181,44.71112593455838],[1.307556616386294,44.71083836923685],[1.306788599397898,44.71042590496662],[1.306600216178596,44.71026543670694],[1.305828660329061,44.70988713042409],[1.305687335678334,44.70971567419181],[1.305390888926405,44.70895021662134],[1.305138323598181,44.708614967391725]]]}},{"type":"Feature","properties":{"CdOH":"05C0000002000886323","TopoOH":"Ruisseau de l'Ourajoux","StatutOH":"Validé","SourceNomOH":"BDCarthage"},"geometry":{"type":"MultiLineString","coordinates":[[[1.367217169806842,44.60902528682189],[1.36653041970965,44.60936541363764],[1.365524485666027,44.60954053662561],[1.364660275301327,44.609914045606466],[1.363402176507454,44.60978646887057],[1.360895945028809,44.60927569217614],[1.359654930587501,44.609471587541265],[1.358625310916961,44.60903038832629],[1.358173069998854,44.60876073955127],[1.355378532141726,44.60828427269527],[1.354515622364603,44.607833809374455],[1.353459833529517,44.60708241647526],[1.352302878542592,44.60647267677652],[1.351895038209423,44.606367545904284],[1.350534596061085,44.606295023460575],[1.350350761328883,44.60620223441633],[1.349300930574343,44.606025378032236],[1.348555614084788,44.60491929405424],[1.348479060763961,44.60460659387651],[1.348198609742605,44.60437008597877],[1.347743671232918,44.60372216386679],[1.345791162295577,44.60162101624007],[1.345103236970088,44.60126944547012],[1.343950026243507,44.60109729192521],[1.34345946508546,44.60072075428219],[1.342520113673255,44.6006913612405],[1.342274941394148,44.60062825382525],[1.342160489645425,44.60049146912952],[1.342123431172139,44.60003708568745],[1.341872956607228,44.59976859491257],[1.341081057547921,44.599568515184494],[1.340203039896729,44.599125815232476],[1.339158381245908,44.59877875290182],[1.338838601852392,44.598553335536145],[1.338788801155754,44.59806184084447],[1.339021414355364,44.5974809447704],[1.338734772477201,44.59677248302953],[1.337805290290219,44.59525565252315],[1.336485764875906,44.59397606437184],[1.335742970011543,44.593140066170776],[1.335413686752374,44.592982029337335],[1.335049755840627,44.592631673494814],[1.334465341872501,44.59236533674227],[1.333058200294037,44.59217933388212],[1.332175349529157,44.591991323408344],[1.330553439736558,44.59144096543334],[1.327947195921218,44.590259782576524],[1.326187816486506,44.58992879004983],[1.323469416574131,44.590025342809064],[1.320735786488049,44.590209841737064],[1.317786128024193,44.59003170337964],[1.316707017036297,44.59013142638184],[1.315967508148811,44.590083238514225],[1.311296377556324,44.59041624579389],[1.310641647274516,44.59060883916966],[1.31019518980827,44.590831627995016],[1.30986161126215,44.59132447773323],[1.309716953312946,44.59144202543044],[1.309000965657698,44.591785849383946],[1.307823673235849,44.59221625228261],[1.307104685883229,44.59257532621169],[1.306542298212003,44.59309077413894],[1.306335835280495,44.593503620908365],[1.305682570129857,44.59435894543491],[1.304719956064345,44.594688155428386],[1.304417394069278,44.59490142382304],[1.303773366207303,44.59590905755999],[1.303652914034005,44.596478099556485],[1.303438724087581,44.59689532565834],[1.303006038554361,44.597579334047154],[1.302852641710851,44.5977768802438],[1.302629146425261,44.597916620525076],[1.302515895720868,44.59812018574646],[1.302896047530477,44.599308329277584],[1.302872283558499,44.59997250424383],[1.3027731577942,44.60016728226762],[1.302491176286445,44.60044929754513],[1.301923128407211,44.60077193976814],[1.301531669693224,44.60146648275199],[1.3012265097353,44.60352204921871],[1.30125445058537,44.60389166833665],[1.30135240256444,44.60419662986886],[1.301425716998418,44.60531973339497],[1.30161908194547,44.6059305177735],[1.30173167932884,44.60687953550583],[1.302012163554045,44.60761141978533],[1.302520611987624,44.608643057619176],[1.30271012254576,44.60896383191534],[1.302881722720667,44.609125849202734],[1.303032211608547,44.60986383911237],[1.303007054599928,44.60998771691457],[1.30216296295089,44.61068341894722],[1.301728407682256,44.61146735083423],[1.301830846313418,44.61179129132112],[1.302167719035449,44.61215845366049],[1.302561841487503,44.61275971471106],[1.302729770500095,44.613211625795785],[1.302805542061688,44.61370984629616],[1.301385192941495,44.615747394140584],[1.301338037248507,44.61597358709548],[1.301424397401436,44.616371119638316],[1.301842942941686,44.61729242503287],[1.302468802182955,44.6175676760054],[1.303127538466867,44.61775608277302],[1.303146010407806,44.61793826067423],[1.30341760190865,44.61825579203613],[1.303463656598697,44.61873644789223],[1.303221965699324,44.6190172858975],[1.303064435527641,44.61939216360559],[1.302813360616639,44.619481957652255],[1.302631677605266,44.61965385878378],[1.301795798864342,44.62011376638768],[1.300880883189313,44.620978564485746],[1.300672367656838,44.621329243526134],[1.300251009146183,44.62234119604744],[1.300099175348538,44.622902555240096],[1.299398762980582,44.62375983565555],[1.299096056552672,44.624390010137304],[1.29919466655641,44.62500834951312],[1.299497223196282,44.62559560829319],[1.299931283936105,44.626129059413564],[1.299876636648335,44.62693774236735],[1.300147946144164,44.62826920877762],[1.300024614354642,44.62872115010422],[1.299901969111973,44.62889935854817],[1.299200449172808,44.62949818836873],[1.299366000358252,44.629987890420956],[1.297473943297155,44.63121673149547],[1.295723034727145,44.63194525340133],[1.295286218694011,44.63229510701636],[1.29417877311783,44.632677837318404],[1.292973150811336,44.633345392145635],[1.292678022197439,44.63363799209828],[1.292554346177752,44.634098926576],[1.291979433019206,44.634218815045095],[1.291690219228743,44.634357522642325],[1.291078871662395,44.63480551728546],[1.290563759284681,44.63507400090864],[1.289979717482282,44.63553591914912],[1.28943228514535,44.635539157788166],[1.288813878635839,44.63584475603988],[1.2878951421967,44.6360313404765],[1.287468576542973,44.63637321942398],[1.285636011386446,44.63695714684238],[1.284341782566691,44.63692446657606],[1.282781083800801,44.63669673168959],[1.28156369933153,44.63674985719342],[1.280778344791705,44.636572861446474],[1.279793806224796,44.63668271583553],[1.279179861826821,44.636922595759266],[1.278811584195181,44.63721222114248],[1.277301591133273,44.63776051144052],[1.275740194320354,44.63805044260844],[1.275496595994411,44.63805654909603],[1.275148992693061,44.637916955787034],[1.275062445970265,44.6379426201565],[1.274887186028399,44.63835320686565],[1.274484833251144,44.638518920931396],[1.274352979282178,44.63874738655884],[1.273849916445851,44.63903039028555],[1.273745862194892,44.63917464396236],[1.273736933195252,44.639301472501025],[1.273964627638313,44.63985612174177],[1.274507571307337,44.6402482004969],[1.275746084328945,44.64078529629214],[1.275885339580352,44.64093334561435],[1.276014453801546,44.64149545834429],[1.275930444160424,44.641767895148085],[1.275906344588057,44.64243207530424],[1.275812814009014,44.64276829796442],[1.275389985730913,44.64294270163575],[1.274857054821278,44.643335104015094],[1.274256650568928,44.64366521822187],[1.274025109664927,44.64401819609496],[1.273971750636493,44.64431902523953],[1.274103189785275,44.64468127003402],[1.275130987683184,44.64567703156887],[1.275343424127669,44.645701055833484],[1.275540755483409,44.64555915517926],[1.275726863204807,44.645701631980906],[1.276108626864139,44.646746741669816],[1.276327583850527,44.64808377125403],[1.276191629672334,44.64832208156999],[1.276002592988123,44.6484812221644],[1.275132234603896,44.64901604657968],[1.27499110477765,44.64917593271195],[1.275013909926425,44.64970847503657],[1.274882553746512,44.64975505241296],[1.274531145632572,44.649655019636306],[1.274421857606157,44.649681229596595],[1.27354522688324,44.65046087653319],[1.273502231860355,44.6505466520062],[1.273583914123124,44.65100987628014],[1.273504059858117,44.6513517149254],[1.273629626842598,44.651823728693856],[1.273386865732401,44.65217112886698],[1.272623880049188,44.652698606826405],[1.272445405470086,44.65296506488101],[1.27228447788814,44.65307060963287],[1.271792605062519,44.65318989385473],[1.271102274831785,44.65352759385285],[1.269978106828108,44.65377836138475],[1.269854804499516,44.65401416149084],[1.269926804150948,44.6541755745499],[1.269737903077303,44.65441124897879],[1.269712542465939,44.654538721555035],[1.269863264931531,44.65472477884153],[1.270174207140984,44.654828695867955],[1.270438418123026,44.65513989403019],[1.270447032130635,44.65522917704749],[1.270273658174896,44.65541106600298],[1.270260051749767,44.65556663769098],[1.270158085224514,44.655641584572926],[1.270277445121075,44.65573980344692],[1.270316496542181,44.655906103985856],[1.270037326711867,44.655999891316306],[1.27020322160579,44.65626722942971],[1.269828873660297,44.65646128300988],[1.269622148064768,44.65690739315743],[1.269629164995709,44.65713082418459],[1.269450299950476,44.65720366703728],[1.269318388370064,44.6575140729136],[1.269596523553996,44.65786511266706],[1.269551758313202,44.65796706814341],[1.269441788452364,44.658014874631924],[1.269323535883297,44.65829127573428],[1.269357663158534,44.658412475271874],[1.269585809823228,44.658501591034366],[1.269476605488972,44.65877092998525],[1.269658246718819,44.65901870468071],[1.26995589317904,44.659104404351766],[1.270135492876173,44.65941878254782],[1.270693550705395,44.65940589648586],[1.271061001598279,44.659601643612056],[1.272710928617935,44.66006595772612],[1.272883279886783,44.66024694569583],[1.273298555276873,44.66044703388869],[1.273804852113436,44.660806126506486],[1.274503754415127,44.66113850511082],[1.274705906447845,44.66137668582814],[1.27490465785213,44.66180841832335],[1.275427292134427,44.661964247560746],[1.275537810684413,44.66231085783587],[1.27587681428359,44.66248903587091],[1.276146302500621,44.66279489956761],[1.276353403567395,44.66365539253542],[1.275651702478704,44.66419645737647],[1.275107861730047,44.66452656337697],[1.275263260220904,44.664726193577586],[1.275456909626006,44.66528391447501],[1.275415038953907,44.66549757846509],[1.275511176061816,44.66561343937839],[1.275325394728382,44.665787939879415],[1.275223287550022,44.66599075937395],[1.27449910537984,44.666275728091],[1.274058673366514,44.666524597242095],[1.274164278319741,44.66690805296069],[1.274370281641845,44.667185916203515],[1.273849092680254,44.66759921548987],[1.273998981379773,44.66781407002459],[1.273724215534167,44.668133059531115],[1.273636260957075,44.6684090385622],[1.273430469649263,44.66861834324442],[1.273395151071942,44.66878258208821],[1.273442395295145,44.66892919909428],[1.273116972415557,44.66941849033818],[1.273100296074505,44.66959202506102],[1.273437171745102,44.66975847088319],[1.273848709066431,44.6697946086782],[1.273983737445817,44.66987685910851],[1.27409094809934,44.67004332169702],[1.274041514995194,44.670174022420674],[1.27427875932301,44.67062706887794],[1.274275113067884,44.670787299659125],[1.274398592644719,44.67091709553188],[1.274466856901254,44.67116039269038],[1.274690515145059,44.6713980086935],[1.274611437254058,44.67154895878529],[1.274622514610726,44.67172292661696],[1.275107193898214,44.671967313408885],[1.275428977678114,44.671967827079186],[1.275679401391075,44.67223827596655],[1.275750470996173,44.67247261113654],[1.275959526728303,44.67269288759927],[1.27615896111773,44.67310391822138],[1.276170726569107,44.67329680699083],[1.276361785684765,44.67340424069394],[1.276537059712314,44.67365640753228],[1.276678468482113,44.67369553031537],[1.276765514026764,44.67406788911569],[1.276715903002551,44.67432825941673],[1.276768173546138,44.67451727656099],[1.276981402728258,44.67456021893901],[1.277137766627714,44.674770667677876],[1.2774821343966,44.674776029243674],[1.278607398200069,44.67516274338885],[1.278585460033224,44.67546766918732],[1.278729658063015,44.6756635184564],[1.278542668042032,44.676207208780454],[1.278530903312917,44.67650959149394],[1.278707394002493,44.677176901299234],[1.278842443600102,44.67730056867527],[1.278880857539478,44.67769558238183],[1.279008068286104,44.6777867098547],[1.279311949561572,44.6777959382117],[1.279524948641088,44.678177457535334],[1.280004955595867,44.67849468961026],[1.280176065029871,44.67876029333752],[1.280174386135977,44.67885662007084],[1.279944782545073,44.678977319408986],[1.279439156094757,44.67904419961924],[1.279300462046203,44.679163609686405],[1.279345167010961,44.679476776294436],[1.279131001241079,44.68024877150283],[1.279141028044729,44.68173834567375],[1.278965647668967,44.682314636563774],[1.278657097672872,44.683944236879974],[1.278913248130978,44.68444259312644],[1.278910889237031,44.684767635487056],[1.279625408772465,44.68530193361983],[1.280105977006954,44.685520119312706],[1.280378701236554,44.685765690333476],[1.279990204466431,44.68678982068618],[1.279531844287892,44.68691867096485],[1.279487128579441,44.687390736567714],[1.279240304749274,44.688032555417124],[1.279283458688896,44.68827275859808],[1.279547042858494,44.68873520947604],[1.2794650483256,44.68885730293732],[1.279199142026517,44.688966631500016],[1.279141339509101,44.689081896913],[1.279565165599179,44.68921635674245],[1.279802696645346,44.689705416996674],[1.279589014310222,44.690171254826765],[1.279715692805474,44.69044607471049],[1.279827492842739,44.690505444251],[1.280154734619333,44.69045469900099],[1.280264281389896,44.69058787388414],[1.280544560474208,44.690586825610225],[1.280647856728216,44.690676679111476],[1.280706409591862,44.690867593696396],[1.281151989130705,44.69074484290403],[1.281307426439872,44.69094626671601],[1.281494008924288,44.69087172118026],[1.28185780877236,44.691029553404384],[1.28220529742385,44.69089446962682],[1.282381974522202,44.69089631114003],[1.282451042287243,44.69094961182598],[1.282463710504058,44.691155121788896],[1.28260617968049,44.691326626062896],[1.282858866382876,44.69140258648308],[1.283163148275571,44.69169096352261],[1.283515163309388,44.69173874672649],[1.283715159113524,44.692011096872875],[1.28442358229647,44.69200407000262],[1.284591184198168,44.69205529460392],[1.284650627750091,44.692134559136434],[1.284563070514787,44.69223225679832],[1.284594726851935,44.69231199118323],[1.285770352938832,44.6930064788541],[1.286067297796417,44.69308041577997],[1.28682502088086,44.69294716669128],[1.28692860527691,44.693028013679665],[1.287207205333546,44.69362215076613],[1.287818814585012,44.69360279768127],[1.287985217210476,44.693652197507326],[1.288236877985952,44.69405320890546],[1.288387182539971,44.69413387653435],[1.289144660191446,44.693925866371835],[1.289628431153023,44.69433316348635],[1.290121141052497,44.69440471132647],[1.290252850783094,44.694723720691805],[1.290210631765051,44.69494999367008],[1.290752987790776,44.694925051881484],[1.291112267560934,44.69473429121741],[1.291806291462189,44.6947035813651],[1.29202459809062,44.6945403584807],[1.292145103401843,44.69452150652069],[1.293741260108643,44.69471631719764],[1.295943409972954,44.695328360261755],[1.296443262900259,44.69537297484396],[1.29662067317795,44.69551798343389],[1.296791089701262,44.69601948025596],[1.297031845410491,44.69628252728158],[1.297094625971994,44.69692014346276],[1.296784990654548,44.697515109616546],[1.296602372591424,44.698376775698506],[1.296731660388221,44.69881910783492],[1.297088083815744,44.69905691968421],[1.296964226263676,44.69943682465909],[1.297189519571306,44.69979418567888],[1.297361342128124,44.70024977843655],[1.297359153532046,44.70061444593059],[1.297118963804767,44.7010835121418],[1.297029569800864,44.701617932698014],[1.296937216188142,44.701707462122556],[1.296607355129901,44.70180144153566],[1.295753247591395,44.7022376438674],[1.295702511140488,44.7023287135232],[1.29588017692493,44.70267453829661],[1.295849088315097,44.702783920449356],[1.295460728583498,44.70289140402148],[1.295196129020165,44.7031232599793],[1.294622522969408,44.70326030567316],[1.294590905600582,44.70334536593811],[1.294732117840379,44.70347721303926],[1.294922409504322,44.703447726210484],[1.294974007383812,44.703536769761214],[1.29490294729542,44.70367345152334],[1.29455947710252,44.703841056393294],[1.294752214876023,44.70410607052343],[1.294735093234264,44.7043795583559],[1.294483727237689,44.70442431299902],[1.294288617390464,44.70423760520484],[1.294008897874086,44.70421798647874],[1.293805047458725,44.7046948107735],[1.293328754246806,44.704911693322835],[1.293290893117378,44.705244294345874],[1.292692536351507,44.705530431892846],[1.292464912994369,44.70620769901658],[1.292121952425829,44.70681564919608],[1.292016326899687,44.70688425869142],[1.291816273968415,44.70686046064321],[1.291631784314184,44.70707283345796],[1.291379098353831,44.70720220798754],[1.291000988548926,44.70709551576694],[1.29083847082027,44.70729111700078]]]}},{"type":"Feature","properties":{"CdOH":"05C0000002000885139","TopoOH":"Ruisseau de Pont Barrat","StatutOH":"Validé","SourceNomOH":"IGN;BDCarthage"},"geometry":{"type":"MultiLineString","coordinates":[[[1.346037439273067,44.620816985364804],[1.345731201212291,44.621285143381456],[1.345594825784167,44.62193683505185],[1.345206708211961,44.62287470637336],[1.345103965607618,44.623625951905936],[1.345128583750139,44.62441962483849],[1.344001235369747,44.62609830918814],[1.34348024962407,44.6264065656315],[1.343001813505643,44.62651105295815],[1.341870149880621,44.627003746621384],[1.341403266531541,44.62761536004233],[1.340886789970224,44.62866925467996],[1.339333253133421,44.629868758287145],[1.338254454827108,44.63027576667754],[1.336961623563721,44.63020049922217],[1.33584116979515,44.62979644082006],[1.334941851595624,44.628608696583754],[1.334438352942544,44.62815178147404],[1.334235471683467,44.62810460218642],[1.333468439632472,44.62769053570833],[1.332799517074643,44.62741301282219],[1.332563068989127,44.62713660657605],[1.331263374709406,44.626528994049906],[1.330727823555433,44.62634711962713],[1.329821413255235,44.62570220511104],[1.329417263707041,44.62563936951586],[1.328668924741486,44.625320100234596],[1.32808312864174,44.62504740682226],[1.327375925517034,44.624617093259964],[1.3270356084883,44.62457052246679],[1.326440899054489,44.62430128716481],[1.326027406726557,44.62425630684341],[1.325447623057123,44.62407913942149],[1.325002743369241,44.624157043346734],[1.324675030871917,44.62440780933285],[1.324304134497067,44.62454175997183],[1.323239973381491,44.624498610719556],[1.321635750626253,44.62417261163667],[1.319963194364931,44.62410938685461],[1.318731297204523,44.62381421591178],[1.318276715349677,44.623540763816635],[1.317845863146812,44.62340184023763],[1.317053515274841,44.62346181796319],[1.316580480721827,44.62342670124756],[1.316250091908096,44.62351261669127],[1.314631194558983,44.62367974702316],[1.311595004284581,44.62288062702982],[1.310691411267297,44.62273985683456],[1.309869963232047,44.62284526217043],[1.308779595522362,44.62279436870667],[1.307819648412308,44.62289313761558],[1.307249112415367,44.6230401837349],[1.30647369933475,44.623123757207885],[1.305774100657548,44.62336967103886],[1.305458093677309,44.62356383110224],[1.303857235042322,44.62354918598513],[1.302322493939158,44.62330681387849],[1.301784543543189,44.62354347898003],[1.301277122202879,44.6236455402439],[1.300401027301202,44.623429468789595],[1.30010522630245,44.62383103255932],[1.299587876361001,44.62430392718081],[1.299577774678861,44.624429837629705],[1.299104104865412,44.62466657836906]]]}},{"type":"Feature","properties":{"CdOH":"05C0000002000885210","TopoOH":"Ruisseau de Palazat","StatutOH":"Validé","SourceNomOH":"IGN;BDCarthage"},"geometry":{"type":"MultiLineString","coordinates":[[[1.352749453793485,44.64081376200093],[1.352540653340566,44.641355431745005],[1.3523320242459,44.64154592305907],[1.351317003650753,44.64188107532469],[1.349637757825423,44.642200004439395],[1.348690134259469,44.64251542820758],[1.34821341708336,44.64277214485418],[1.347775902534466,44.643283376400575],[1.347307695946786,44.6440237664505],[1.34690462556734,44.64434911339852],[1.346569566122617,44.644763721496965],[1.34650464587947,44.645041895312936],[1.346579546714069,44.64545542863124],[1.34639937824848,44.6458354330051],[1.346069442693937,44.64616097043849],[1.344401396760364,44.64725259124558],[1.343980431187032,44.64741287509834],[1.343640050703996,44.647706733063195],[1.343686498887767,44.64805771062251],[1.343204886200723,44.64865020852101],[1.343305039637957,44.64880478838304],[1.343031189984627,44.649195091015706],[1.342539705026754,44.650980559809476],[1.342236408137569,44.65129928267776],[1.341629551330632,44.65113080210231],[1.340875358847141,44.651982141082314],[1.340610207421408,44.65203309200067],[1.339573416992654,44.652070659948485],[1.338983471744039,44.652013176530005],[1.337970147315185,44.65211051291688],[1.33731720977093,44.65205027305895],[1.336434934877466,44.6523233562782],[1.335894075202037,44.65222697391208],[1.335286357379201,44.6522160278429],[1.33480616312441,44.65203050605456],[1.333313330663872,44.65213228578825],[1.332853595986893,44.65270526099266],[1.332369536816956,44.652991517648346],[1.331769988788215,44.65321569883084],[1.331596410712334,44.653368862419484],[1.330911899155574,44.653650288189034],[1.330808646406982,44.65385673924762],[1.330644541438019,44.653902888132436],[1.330053375381899,44.65443965103133],[1.329712083307373,44.655100848067356],[1.329395411414884,44.656080283469954],[1.329206005462132,44.656341261538074],[1.328927705108968,44.65657928502382],[1.328724075789705,44.65702194332301],[1.328497692741719,44.65729586878913],[1.328090080736516,44.65806501736436],[1.327896474642973,44.65850962701666],[1.327775598043053,44.65909671057093],[1.326940343499513,44.659650479907974],[1.326499742153286,44.66016969306822],[1.326256402427052,44.66067388001651],[1.324836076108868,44.661850915268765],[1.323084897509945,44.662696045525884],[1.322249371951908,44.66295892318641],[1.321512161706185,44.66343669979987],[1.321307398541715,44.66366051337313],[1.320352387179797,44.66437540531336],[1.318154886327275,44.66520377800332],[1.318052531340233,44.665420138017744],[1.317036654715422,44.66588914688071],[1.316328983402271,44.666431274220315],[1.316001321897298,44.66650192751621],[1.314309584394232,44.66648967067269],[1.314149571737864,44.66669254216291],[1.313735484497043,44.66686812860437],[1.313504772374187,44.66694565516291],[1.313210284833973,44.66691955399996],[1.312575310635424,44.66709717104033],[1.312267599091963,44.667217644216734],[1.312027556997505,44.66739587941001],[1.311043019147148,44.66770052476463],[1.310331736577939,44.668023742924355],[1.306726679126692,44.668861004998966],[1.307000065330918,44.66929562007947],[1.306705561809199,44.669521636996045],[1.305594237238075,44.67106065997438],[1.304989949267717,44.671432309074795],[1.30475673404498,44.671717791734785],[1.304288902064169,44.67199967845098],[1.304087349664864,44.67303574973288],[1.303860908284031,44.67343119397165],[1.303370860160997,44.67398918600822],[1.303158700490782,44.67407778218419],[1.302700241998696,44.674508386907675],[1.302164734142993,44.67489908670764],[1.3018412645285,44.67499587777131],[1.301049957498804,44.6754150638188],[1.300274473887422,44.676062310935194],[1.299395154046335,44.67722213606904],[1.299246662142201,44.67833645972982],[1.299058923755799,44.67866045151179],[1.298620548604375,44.67917599582809],[1.297862611578235,44.67957406233193],[1.297686795802663,44.67958666608084],[1.297538873078822,44.679720364314186],[1.297453842564221,44.680111669637554],[1.297072436786572,44.68053713549248],[1.297080561922795,44.6811450914272],[1.297309441522337,44.68154843109351],[1.2973235494298,44.68170803497118],[1.297251607435399,44.68191674229815],[1.296722239892077,44.68264339607826],[1.296694069697368,44.682865383753395],[1.297155892647953,44.68341278570165],[1.297687818015367,44.683812683047414],[1.29766552034389,44.683924000942866],[1.297434284043543,44.68414106397683],[1.297625077071502,44.68430158509979],[1.297116257320837,44.68443153188996],[1.296970779622041,44.68452564581987],[1.296932150739473,44.68459258821789],[1.297000498300499,44.6851708551278],[1.296180793353733,44.6858552188657],[1.29622193136289,44.68645648051301],[1.296010248872318,44.68686114448751],[1.295828164372333,44.68703843929631],[1.295857146522607,44.6872487003604],[1.296115197594761,44.68752282139844],[1.296079052999975,44.687924785183434],[1.296130184723661,44.68807055174962],[1.296086432926508,44.68818153927599],[1.295877993532545,44.688270180239044],[1.295680494930986,44.68924867661851],[1.295450000530356,44.689481956698785],[1.294967852186557,44.689646524192625],[1.294617120053021,44.68997340259127],[1.294488144873251,44.690397348822934],[1.294311289900902,44.690609841477134],[1.294435077166565,44.69073241535525],[1.294411146295876,44.690813991545255],[1.294222777783333,44.69107313239292],[1.294039568227991,44.69120358178257],[1.293487394929685,44.691345451993],[1.293238883280233,44.691547833299744],[1.292856166714933,44.69251266445461],[1.292984483976859,44.69281901091748],[1.293308721763878,44.69315899530154],[1.293398934998518,44.693431435411455],[1.293417921188167,44.693929702119014],[1.29358070957108,44.69414022641748],[1.293941926938267,44.69442674931273],[1.294196348185049,44.694821485649015]]]}},{"type":"Feature","properties":{"CdOH":"05C0000002000886148","TopoOH":"Ruisseau la Germaine","StatutOH":"Validé","SourceNomOH":"BDCarthage"},"geometry":{"type":"MultiLineString","coordinates":[[[1.366456761232354,44.73285298623591],[1.36550597317097,44.733619685156576],[1.365077924833835,44.73378626199459],[1.364854974242549,44.73398107896133],[1.364181001346954,44.73435023424351],[1.363646254311438,44.73444949398865],[1.363050337663877,44.73434973895883],[1.361946611671398,44.73433522263884],[1.361234802369623,44.73413739112925],[1.360323821767482,44.73336119211449],[1.359912545737651,44.732604992914865],[1.359549248783207,44.73232676363172],[1.359165731578544,44.73213558131454],[1.358540406595071,44.73109615270583],[1.358356277464666,44.73091242480032],[1.358067058627803,44.730780267724484],[1.357113579278414,44.73055451284954],[1.355086976814032,44.7305667559508],[1.354637954092014,44.730802318812714],[1.353536612044567,44.730881404344956],[1.35331152898221,44.731061758706275],[1.352856581841095,44.73115404803729],[1.351884372623164,44.7325173407692],[1.35122966701948,44.73364942349324],[1.351056972000565,44.733808941679065],[1.350694807423943,44.73396743946855],[1.350095275179907,44.73459516043362],[1.350313424847689,44.73547098953866],[1.350726610417095,44.736330812165484],[1.350797166392354,44.73672537923998],[1.350757205897203,44.737356031750444],[1.350659326475258,44.73746263387265],[1.35055562452328,44.737983377368124],[1.350489522298967,44.74002291786349],[1.350363032434646,44.740501899559604],[1.349965575272523,44.74112992993757],[1.350005459774232,44.74145020054116],[1.349477085093265,44.74292274737839],[1.349343706170522,44.74346376035694],[1.349133050331578,44.74371005932477],[1.347936545461577,44.74435318839393],[1.348181476352407,44.745306866958096],[1.348162482409603,44.74569559933109],[1.348266510616269,44.746241051867294],[1.348252659093349,44.746540711613655],[1.348436922926643,44.746849628485656],[1.348442752799693,44.74716759169745],[1.348745775346431,44.74885514249236],[1.348760148493817,44.749269586721546],[1.348567685552734,44.749454922614106],[1.348256312869891,44.75020399976238],[1.347967064616344,44.75032845875846],[1.348010605928536,44.75082528386529],[1.348108311541366,44.751069875860445],[1.348579502023651,44.75146321487584],[1.348668126239634,44.75175899957094],[1.349082267319506,44.75220191416655],[1.349861381551506,44.752825861090436],[1.350423365716777,44.75352851560529],[1.350308326998589,44.75391762034982],[1.350420459569521,44.75397241938704],[1.350384101737158,44.7541348688124],[1.350728892596311,44.755349374876566],[1.350776991564015,44.75547616102135],[1.351032944640614,44.755669075709655],[1.351187386811781,44.755919011921044],[1.351137635256482,44.7560641528546],[1.350636890526299,44.75659069785],[1.350573931799836,44.7576172336175],[1.350199106430898,44.75871927167424],[1.349964649894958,44.75904266323113],[1.349548947436231,44.759426390205114],[1.349219507866273,44.75988524213315],[1.349407624117078,44.76006454301627],[1.348970824606117,44.76047767049762],[1.348078726793237,44.76111543965912],[1.346884918439162,44.76229890995316],[1.346208623170645,44.762645419130884],[1.345955068230611,44.76314411671633],[1.345225994742456,44.763866243767865],[1.34448816886332,44.76428386474277],[1.344065348110636,44.76460623223718],[1.34351691868316,44.764772734218255],[1.343270984371652,44.764925745982985],[1.342916528974853,44.76528695261993],[1.342776224224322,44.7656729729681],[1.342567505991194,44.76593550114666],[1.342121547476458,44.766270122820636],[1.341082724018481,44.766862420112815],[1.340729003780387,44.76702642022121],[1.340378400410428,44.76704188214182],[1.340176537830936,44.76720004994334],[1.339143381085646,44.76772757809172],[1.336977131448289,44.76822729411271],[1.335691845477927,44.768302553816525],[1.335336810284448,44.76846741793376],[1.334869977270031,44.768480216232916],[1.334255794595454,44.76860246120479],[1.332577564284201,44.769054495188534],[1.331684710300011,44.76940846691918],[1.331558674598458,44.76939576351595],[1.331170820660441,44.7690045055295],[1.331011853501155,44.76899400714689],[1.330608079410365,44.769267084255425],[1.330300179514274,44.76958933147895],[1.329539229256187,44.76997048773896],[1.329121695588978,44.77053601857633],[1.328766358597123,44.770880059550535],[1.328595202443642,44.77119445872558],[1.32766865349689,44.77233944143192],[1.326992959451138,44.77274257953624],[1.326266455187602,44.773026078745],[1.326110692430634,44.77316240548918],[1.326058212881916,44.773438970954516],[1.326155616804546,44.77390420626431],[1.326132647647563,44.77408126051069],[1.325807548729406,44.77446987484185],[1.325774248621485,44.774866498348544],[1.325284204253337,44.77540210508962],[1.325266822654216,44.77556123344153],[1.324196981381015,44.77629159022064],[1.323907479196166,44.77663030901659],[1.323409799966866,44.776827199250825],[1.323405615890798,44.777009940483104],[1.323175532191911,44.77743330420276],[1.322950322404136,44.777523550666714],[1.322765453920413,44.77782963026001],[1.322639324485012,44.777904265504084],[1.3227063145041,44.77815922453729],[1.322580243323363,44.7783590322711],[1.32079427484736,44.7800771917251],[1.320649720440034,44.78038748111364],[1.320374614818946,44.780496778132736],[1.319733327020793,44.78050506977877],[1.319335006888214,44.78088715422589],[1.318729580208308,44.78109139608176],[1.318183165867123,44.78147843458188],[1.317526694579245,44.78161345628389],[1.317401595951779,44.78173763002528],[1.317289927901112,44.78213126237149],[1.317271969630533,44.78256233791612],[1.317069332713041,44.78286904006345],[1.316777449299549,44.783073528778424],[1.316134022911254,44.78323665678917],[1.315683998472919,44.7836548650398],[1.314613439377101,44.78393576558134],[1.313891848639925,44.783879766817165],[1.313414778343167,44.784060718281026],[1.313164184025489,44.784237009394495],[1.312706036147535,44.78505131132142],[1.312439322710542,44.785258873827146],[1.31193951068321,44.78581769164237],[1.311772774841256,44.78656978890672],[1.311830992697933,44.78677869572017],[1.311743559477873,44.78699529032842],[1.31185385749836,44.78728063398201],[1.311885017438962,44.787885358026905],[1.31173996133967,44.788210038381784],[1.311266024483801,44.788706211745804],[1.310378345861803,44.78920958648845],[1.310258804130698,44.78935815176926],[1.309688417735927,44.78948633640028],[1.308624057023749,44.78993477349948],[1.308362361432527,44.790142403677564],[1.308037526425373,44.790178870946946],[1.307376928132855,44.790404724708694],[1.306204440747644,44.79053720585308],[1.305627479227358,44.790840871598064],[1.305583159495213,44.79155611055813],[1.305336873925742,44.79179728888359],[1.305252858572983,44.791983313672446],[1.305069031544507,44.79208226285172],[1.305025899200138,44.79225450409412],[1.304924735310579,44.79229618266899],[1.304542549339901,44.792220998658294],[1.304218381711404,44.792318700844326],[1.30371476715711,44.792328107028325],[1.30343068001214,44.79239670283032],[1.302482860289903,44.7924164153785],[1.302114758047567,44.792628706018604],[1.302010464677143,44.792857643255374],[1.301518733668387,44.793268855772816],[1.301475589537907,44.79344109570366],[1.301811632149148,44.79374611800005],[1.301658521300862,44.79437684224279],[1.301624994779283,44.79515168131905],[1.301131893635276,44.79564932230788],[1.301047029724566,44.795820923035286],[1.300299685034019,44.795942747315685],[1.300277239199836,44.79605767061771],[1.300373593725116,44.79625906448462],[1.299979820416678,44.796859082321625],[1.299924404905439,44.7971022754497],[1.300575932198486,44.79751479830285],[1.30044375441176,44.79782885737319],[1.300102601671305,44.79815232027395],[1.300187690224499,44.798349939581044],[1.300170811674189,44.7989917567602],[1.301303500153273,44.799554833896245],[1.30172887493528,44.80012778104104],[1.301799710432519,44.80058813481845],[1.301711033127074,44.80096950093839],[1.301714536838284,44.80143963002025],[1.301581297985922,44.80153754798631],[1.301319527286969,44.80141016607907],[1.300680514159827,44.80137696183392],[1.30062467881949,44.80150848379937],[1.300659996040153,44.802055645553224],[1.299875166622487,44.80257762923906],[1.297907943885734,44.803173319703625],[1.297178800003083,44.80352593974749],[1.296558489123013,44.80400179849953],[1.296431079551928,44.804783302338144],[1.296973998674606,44.80569307167597],[1.297130690669855,44.80578192869525],[1.297024151127421,44.80600002209482],[1.297015167389814,44.80671400470687],[1.297310392396442,44.80770011602165],[1.297350139025504,44.8082671600879],[1.297252153934525,44.80841154174277],[1.296633535710919,44.80882979450595],[1.296500708041486,44.809038478678346],[1.296515582278936,44.8091737868389],[1.295880512656576,44.80946660914422],[1.2953197321886578,44.81]]]}},{"type":"Feature","properties":{"CdOH":"05C0000002000885201","TopoOH":"le Lizabel","StatutOH":"Validé","SourceNomOH":"IGN;BDCarthage"},"geometry":{"type":"MultiLineString","coordinates":[[[1.300527252605674,44.75645392163729],[1.300185861173874,44.75641716699445],[1.299248596373241,44.756567578872165],[1.298977545976499,44.75667057938108],[1.298282760075938,44.75711917368819],[1.298302361991137,44.75730678180943],[1.29789652705512,44.75743652623679],[1.297769984918754,44.75756695805229],[1.296970315175119,44.75797250959953],[1.296125254761302,44.7582071601897],[1.295227206814539,44.758688631169896],[1.294773329876187,44.75885994961959],[1.293089760232673,44.75923655950556],[1.291995152101002,44.75961321872369],[1.291696292275221,44.75979862090078],[1.290820104814884,44.76055685334535],[1.290712604100402,44.76072539304819],[1.290554024359303,44.76116059853779],[1.290559817272485,44.76159383708027],[1.290296908893662,44.76167713135689],[1.289740978133525,44.76200264508153],[1.289161190357279,44.76277984825439],[1.28940643455028,44.7650232252447],[1.289490905017503,44.765404548306776],[1.290075739469662,44.7653352283861],[1.290279970434297,44.76572740378024],[1.290372575917106,44.7660908412675],[1.290599364802326,44.7662816476992],[1.290564657124585,44.76659179161566],[1.290618432851038,44.766777227620636],[1.290424837833811,44.76740730685927],[1.290473465392326,44.76772053741285],[1.291018534540912,44.76837821888022],[1.290737090690707,44.77006865810288],[1.291634792002293,44.77102084162105],[1.292010235226733,44.771729034291326],[1.292044420064326,44.772185224710356],[1.292173501173852,44.77255552689463],[1.292362428112463,44.77266199777752],[1.292423728186571,44.77293309855652],[1.292789597971344,44.773416010891495],[1.293477601018904,44.77378231184681],[1.294154005614862,44.774364555022395],[1.294234450507913,44.77471339427209],[1.294168098709431,44.77540037150833],[1.294239055840094,44.775686928847925],[1.29450773948687,44.77604046573119],[1.294792748281407,44.77627268267517],[1.294784428912799,44.77671381033772],[1.294858447703184,44.77689955598955],[1.295772714905794,44.77701897768106],[1.296324643990468,44.77733003746314],[1.29642999865955,44.777566692851565],[1.296356130919835,44.77783481355334],[1.296395216448268,44.77792186436171],[1.296576779010106,44.77814708355097],[1.29684955659878,44.77874201742992],[1.297178862774531,44.77926577729901],[1.297631491071131,44.779850864632856],[1.297998134245937,44.78064535210333],[1.299279359932603,44.781969873122414],[1.300149231132539,44.78272434509422],[1.302194019315603,44.78322035027831],[1.302881035332063,44.78362529865992],[1.30398110579118,44.78404466749811],[1.304492611567199,44.78440009326356],[1.304764320657858,44.78469871916313],[1.304808650327481,44.784947941065816],[1.304515644699935,44.78531357477702],[1.30445029643779,44.7855097896727],[1.304133268072839,44.7857913065335],[1.303755264183358,44.786375365717284],[1.303587965485255,44.78647186333322],[1.303558786456485,44.78701983518749],[1.303598163268978,44.78718163131716],[1.304026506038843,44.78757000652872],[1.303840770869013,44.78798410719949],[1.303984642167484,44.78828708293796],[1.304736401673539,44.78902170072951],[1.305132211670991,44.78986073627209],[1.305661484389345,44.7903839253735],[1.305627479227358,44.790840871598064]]]}},{"type":"Feature","properties":{"CdOH":"05C0000002000886281","TopoOH":"Bras du Lourajou","StatutOH":"Validé","SourceNomOH":"BDCarthage"},"geometry":{"type":"MultiLineString","coordinates":[[[1.299931283936105,44.626129059413564],[1.300198008974655,44.62631595627879],[1.300228396522931,44.62660457413824],[1.300414314130368,44.62675330872635],[1.300426439039122,44.626894869047675],[1.300597840759975,44.62714873526219],[1.300609287985466,44.62731279693415],[1.301122196163095,44.62845257192726],[1.301111061933709,44.6288639162277],[1.300684016983488,44.62935171217127],[1.300627360620637,44.629557949837945],[1.300448077921762,44.629732586967464],[1.300204204704033,44.62979097040954],[1.299947871131311,44.629969824979234],[1.299366000358252,44.629987890420956]]]}},{"type":"Feature","properties":{"CdOH":"05C0000002000886308","TopoOH":"","StatutOH":"Validé","SourceNomOH":""},"geometry":{"type":"MultiLineString","coordinates":[[[1.295420789834829,44.52228688422627],[1.293907142765692,44.52210501710762],[1.290704916609786,44.522490374061206],[1.286139465143474,44.52486965369871],[1.285190448635022,44.525242099762316],[1.284642034771353,44.52531281552217],[1.284101852531744,44.525485406058266],[1.283673992884216,44.52544093443711],[1.28321528430407,44.52529333131173],[1.281542581299478,44.524504626468364]]]}},{"type":"Feature","properties":{"CdOH":"05C0000002000886312","TopoOH":"","StatutOH":"Validé","SourceNomOH":""},"geometry":{"type":"MultiLineString","coordinates":[[[1.304748909772093,44.64417377250555],[1.303301422635427,44.64465944255646],[1.301733147011896,44.64530172326688],[1.301211945389968,44.64543599366171],[1.300625262398884,44.64556655402613],[1.299331324453095,44.645350359284016],[1.298374074475213,44.64534644021386],[1.297718624559437,44.64549843907613],[1.296912971753329,44.64598760144203],[1.296084592265666,44.64614323097935],[1.29423501978632,44.646114718720355],[1.29396891704099,44.645988148880086],[1.293373150203633,44.64554312481505],[1.293006061123157,44.645460918589436],[1.291931073227147,44.64551275708616],[1.29119039537244,44.64568771414958],[1.28958964965711,44.645648560766034],[1.288297945412934,44.64577535388816],[1.287160134850429,44.645943236308845],[1.285822848033814,44.64632413091501],[1.284372421316497,44.64615306033188],[1.284005862740679,44.646177989617144],[1.283709359659567,44.64667765834114],[1.282768035021753,44.6469782146552],[1.280999144936024,44.64670220094718],[1.280005826764214,44.64676329785688],[1.279209623649936,44.646895889815966],[1.277394530585192,44.646728958224465],[1.276804061115016,44.647228532711],[1.276340037727907,44.64800652371253]]]}},{"type":"Feature","properties":{"CdOH":"05C0000002000886263","TopoOH":"","StatutOH":"Validé","SourceNomOH":""},"geometry":{"type":"MultiLineString","coordinates":[[[1.256673259103191,44.78800528429713],[1.257822648115655,44.78804946780051],[1.258542386560503,44.78787976837068],[1.259407934271951,44.787411575342325],[1.260726367557071,44.786814501362436],[1.26147024825516,44.786190392931154],[1.262018060058858,44.78601797528979],[1.264282666729703,44.78635063041616],[1.265010406836802,44.786534924174404],[1.266136907177286,44.787033432308675],[1.266930199077936,44.78701972090728],[1.267270660580013,44.787133106492234],[1.267784595735721,44.78711592294301],[1.268274324008567,44.78759725344354],[1.268898167090631,44.78791227651845],[1.269209253515393,44.78828184888743],[1.269261374704372,44.78872482367752],[1.269445093360478,44.78904197718594],[1.271063993329585,44.790227120098024],[1.271689439631483,44.79045029781173],[1.272358213559291,44.790457118977315],[1.274453661564061,44.791240794833996],[1.275574174300753,44.79123931715683],[1.27599590335654,44.79117833586663],[1.276657510964364,44.791212935981385],[1.276982876634665,44.79132515603103],[1.277507943108844,44.79135852954125],[1.278427161898576,44.79177714483021],[1.27889449711101,44.79183753170471],[1.279233469063134,44.792001286493026],[1.279560417584157,44.79202076880367],[1.279726743239954,44.79212330845556],[1.279872001480973,44.79250108328445],[1.280947283869843,44.792986936550655],[1.282218303452294,44.79327589421693],[1.283307362168863,44.79360164329825],[1.283534018298962,44.79375824245621],[1.283697635798229,44.79403273529879],[1.284299487592328,44.79436894226991],[1.285133979479362,44.79503923864446],[1.285412623009677,44.79552353024227],[1.285743942791951,44.79647871224056],[1.286422241521715,44.79700520055085],[1.286998498939444,44.797311279441054],[1.287587058189488,44.79737980533899],[1.288103218878096,44.79729231924792],[1.288863316598991,44.79700237420201],[1.290360096390097,44.79660941792573],[1.291065075452688,44.79675896690549],[1.293416300974505,44.79834048647994],[1.293493764093645,44.79891351448217],[1.294130930199747,44.79908991627225],[1.295309582481476,44.79959522826115],[1.295718627952456,44.79966185123217],[1.299445697135048,44.80122025155345],[1.299314422983756,44.80137853236449],[1.298967055235248,44.80148847203821],[1.297668220254103,44.801733296232285],[1.296687181870622,44.80200910258456],[1.295798755443011,44.802025170213334],[1.295376045534584,44.80228342884011],[1.294930853318637,44.802698932960176],[1.294619899554581,44.804151209005845],[1.294700952370401,44.80456489829959],[1.294924435048801,44.80482858790503],[1.295735467851369,44.80553086094307],[1.295919054028664,44.80594252290262],[1.297012766303663,44.80620877029271]]]}},{"type":"Feature","properties":{"CdOH":"05C0000002000885227","TopoOH":"Ruisseau de Boissières","StatutOH":"Validé","SourceNomOH":"IGN;BDCarthage"},"geometry":{"type":"MultiLineString","coordinates":[[[1.413580337109702,44.548564207267844],[1.413130827234113,44.54726475062356],[1.41268210376799,44.54692334559803],[1.41254718100171,44.54675122718654],[1.412214722101558,44.545678553977616],[1.411983486476488,44.545573481237255],[1.411527713072136,44.54521486217412],[1.410893797339072,44.54505717095183],[1.409508928374684,44.544874253293024],[1.409056061248121,44.544681342111666],[1.407899562780815,44.54470518876127],[1.406213042155117,44.54459351385824],[1.405143485526377,44.54425842027043],[1.404631118870547,44.54394397537705],[1.404176673252534,44.543807747314425],[1.403328851847622,44.543780181583635],[1.402302845474756,44.54390940449041],[1.401707520939177,44.54385756727593],[1.400726354430456,44.543381444200215],[1.400476091243284,44.54314911260467],[1.400124270491671,44.542635279105966],[1.399814600081177,44.54250023045429],[1.398768341379658,44.54232298492339],[1.397760502053458,44.54256678178978],[1.397601054712931,44.54255096126046],[1.396674724588071,44.542229568904524],[1.395848078243377,44.54207799527925],[1.395044043934234,44.5417511627376],[1.39406488942627,44.54147310065186],[1.393481879056247,44.54116657958958],[1.39265409474492,44.540923122595046],[1.39205292571043,44.540812620544386],[1.390796900877612,44.540841140174564],[1.39052121826056,44.540795701929596],[1.388544969120247,44.53972418666029],[1.387358989768145,44.539240450821005],[1.385661577108522,44.53867989169762],[1.384612678606545,44.53859881682292],[1.383566230740007,44.53843222802796],[1.38338245958336,44.53834309664599]]]}},{"type":"Feature","properties":{"CdOH":"05C0000002000885205","TopoOH":"Ruisseau de Saint-Clair","StatutOH":"Validé","SourceNomOH":"IGN;BDCarthage"},"geometry":{"type":"MultiLineString","coordinates":[[[1.435446794795255,44.699783322334035],[1.4343863868798,44.69977913548554],[1.433714966075448,44.699906508022735],[1.433187074937344,44.69986662081939],[1.432921114985523,44.699987120216115],[1.43269332201631,44.700006406883894],[1.43270564179951,44.699654499683184],[1.432006600078087,44.69936815756787],[1.431282877118793,44.69892568083366],[1.431244048244788,44.69859736148996],[1.430969426866123,44.698258496487476],[1.430069159766049,44.69803592384465],[1.429880854258196,44.697771217850146],[1.4295979409066,44.69759431536056],[1.428253234413108,44.69746447274139],[1.427264366092629,44.69761251095022],[1.426759546257865,44.697832254526254],[1.426218636190485,44.69785247992477],[1.424154575921736,44.69816439161576],[1.423475348440338,44.69820964848241],[1.42262097727376,44.69815245381266],[1.421574917254889,44.69862829694438],[1.421341951106803,44.69856194212198],[1.42125265137201,44.698459816285684],[1.420703404394191,44.698416863278204],[1.420585963756329,44.69828281905905],[1.420468245164503,44.69824872255837],[1.418161432159671,44.6985264431708],[1.416472624591972,44.69882556506904],[1.414071138394684,44.69954937966784],[1.413234387016932,44.69958331247424],[1.412929663079241,44.6993754380708],[1.412173094647402,44.69929705329059],[1.411741185051056,44.699122469424395],[1.411169798992489,44.69910346411336],[1.410696941908037,44.69885895225657],[1.410206344327019,44.69875105488633],[1.408375126518987,44.69760995871609],[1.40777892822201,44.697129538578736],[1.407420886606708,44.697111781275375],[1.406399133824767,44.69676930519836],[1.404921077970897,44.69649138217406],[1.404728395589895,44.6963409283682],[1.404363336101502,44.69634827310902],[1.40289294048931,44.696646734088375],[1.402542971143028,44.69665609152715],[1.401910523248161,44.69652089657682],[1.40152501001332,44.69662608797206],[1.401155136564339,44.69653610181792],[1.400665876804546,44.6966046732981],[1.400361313749134,44.69674885005169],[1.400074747928175,44.69674831030033],[1.399963244434267,44.69680703013589],[1.399268052547916,44.69674745308327],[1.399061243022105,44.697005598828845],[1.39861714646804,44.697350358814965],[1.398106547506923,44.69754737788456],[1.397898248534376,44.69772445763629],[1.397499510657904,44.69785015473636],[1.397202761727605,44.69816282448252],[1.396681574583946,44.69824352298306],[1.396674507458908,44.69853607411695],[1.396240208405209,44.698580209238685],[1.395159320396269,44.69898506469395],[1.39500458155524,44.698965712228556],[1.394879090154817,44.698850433049046],[1.394562974471779,44.698867460155256],[1.39338396294656,44.69859552050573],[1.392577183820078,44.69850816826345],[1.392325411274489,44.69821726094355],[1.392043472180124,44.69818705208765],[1.391857284970486,44.69807539007408],[1.391185538883801,44.69838799851532],[1.390116791057654,44.698411180698],[1.390047405418111,44.69832102465685],[1.389691059904983,44.69819968020752],[1.38922698265881,44.69791648262088],[1.389076397289726,44.69823756139886],[1.388702850032546,44.69840861747998],[1.387705543612896,44.69849404856391],[1.38675495048735,44.698667497556436],[1.385904288081851,44.698701921576536],[1.385760132376278,44.69879797124559],[1.385323995624374,44.698817724076676],[1.385097794410192,44.69873698345278],[1.38510202777716,44.69858936729996],[1.385018300496336,44.69855933058732],[1.383588461237994,44.698318744658316],[1.382737830402228,44.69808840496485],[1.382338301244307,44.69828427354006],[1.381329301610165,44.69851265207191],[1.381113736650595,44.698676988212],[1.380881206240511,44.69951913441406],[1.380791377801069,44.69965739432565],[1.380788926140221,44.69987437328813],[1.380714752543069,44.70003897597562],[1.380779122790214,44.70017138714671],[1.380619189012529,44.70028881100258],[1.380775675014174,44.70051081640855],[1.380433198249987,44.70069760789896],[1.380372995405539,44.70094705966583],[1.380027959259283,44.701003243371616],[1.379737176194889,44.70114846686842],[1.379298569068273,44.701648114541754],[1.378549242252543,44.70206396793927],[1.377531774312335,44.70236422760374],[1.376880280922159,44.7038530734218],[1.37643372324436,44.704101360728615],[1.376379682961145,44.704223933790665],[1.376547145320725,44.705116063008404],[1.376932657870921,44.70575925494729],[1.377137936568091,44.705953165916284]]]}},{"type":"Feature","properties":{"CdOH":"05C0000002000885209","TopoOH":"Ruisseau de Peyrilles","StatutOH":"Validé","SourceNomOH":"IGN;BDCarthage"},"geometry":{"type":"MultiLineString","coordinates":[[[1.39079232027862,44.648971947700176],[1.391357723285558,44.64927102037906],[1.391291548477468,44.64946815839986],[1.391618747390251,44.649671918097006],[1.391644020523268,44.65024497633347]],[[1.39079232027862,44.648971947700176],[1.390847579288127,44.649289712560815],[1.391087553690431,44.649765043270854],[1.391644020523268,44.65024497633347]],[[1.413044097701068,44.62005415866887],[1.413838733322259,44.62044464940509],[1.414010083055472,44.62080728458178],[1.413916660755805,44.62130478902715],[1.414190656740981,44.62182827492267],[1.414288328607256,44.62225558512391],[1.414260300919482,44.62266938655105],[1.414143499636086,44.623056702217795],[1.414343151470908,44.62375830954734],[1.41432946921576,44.62393099831265],[1.414111178543647,44.62456448027653],[1.414090783096552,44.62479650202671],[1.414002845873846,44.62491950167736],[1.413526984507391,44.62493788637614],[1.412761024520498,44.625407728875025],[1.412405895962344,44.62579522320721],[1.412292476413237,44.62619609288943],[1.412712268815125,44.6266469401434],[1.412687228553187,44.627222864944116],[1.412894895594788,44.62790838314941],[1.412823215525717,44.62817028396241],[1.412879413968397,44.62863752108203],[1.412181183463745,44.629118238177874],[1.412184303038774,44.62932088313866],[1.411978940808507,44.629538542766696],[1.411265487669457,44.62988757081482],[1.410975628749146,44.63032912595037],[1.410426047122194,44.63081376997075],[1.410102709447748,44.63145834270046],[1.410041034098347,44.632169709037214],[1.409875989747757,44.63238794503006],[1.409437480910253,44.633493689918105],[1.40893276543762,44.633816892580434],[1.408634974396051,44.63427003448742],[1.40825778294803,44.63440867688466],[1.407867074816147,44.6344453727801],[1.407132147619444,44.63492643277415],[1.406386506049033,44.63516151126827],[1.406223639006683,44.63525731275601],[1.405967504861364,44.63557418035474],[1.405290315390123,44.63557342040468],[1.404510150738933,44.6357800747151],[1.402444092902593,44.63690552116362],[1.402486639732919,44.637095230373085],[1.401440107652326,44.63771042138815],[1.400802265286361,44.63787768697836],[1.400817242525817,44.63801657300554],[1.40050748902306,44.63839928684149],[1.400345525548534,44.63872921044115],[1.399418439372962,44.63931099370683],[1.399062367309865,44.63945891602852],[1.398312031124298,44.64047726723639],[1.395264540840473,44.643237997784986],[1.394578932165365,44.64357382125687],[1.39315248115979,44.64401413700859],[1.392680583214425,44.64424139767589],[1.391755183241322,44.64440443323063],[1.391290032769686,44.644394966509196],[1.390583497017349,44.64484391889522],[1.390225959906874,44.645306051668285],[1.390214822974847,44.645475175258824],[1.389998949756087,44.645790794214705],[1.38979483700794,44.64631278852823],[1.389817099693488,44.64659315457362],[1.389939323784524,44.64664175773495],[1.389904334575272,44.64689517705357],[1.390004699934818,44.64748823810627],[1.390344168315684,44.64810098759903],[1.390481744353522,44.648539711365935],[1.39079232027862,44.648971947700176]],[[1.391644020523268,44.65024497633347],[1.392058539347102,44.650925445888944]],[[1.392058539347102,44.650925445888944],[1.392132787826476,44.65106429525728],[1.392389617866733,44.651258925515094],[1.393191617918533,44.65153441354312]],[[1.392058539347102,44.650925445888944],[1.392720191564815,44.65094676891977],[1.393045696896642,44.651033440269956],[1.393102416409062,44.65107928718962],[1.393191617918533,44.65153441354312]],[[1.393191617918533,44.65153441354312],[1.393741422294075,44.6525148933906],[1.393609136393168,44.652951495058666],[1.393634467234846,44.65334626343121],[1.393905191767433,44.653629336768724],[1.394451811107266,44.65383717425954],[1.394625137594569,44.65412963746398],[1.394589563139009,44.65453702856784],[1.394400554528457,44.6549277852937]]]}},{"type":"Feature","properties":{"CdOH":"05C0000002000885150","TopoOH":"","StatutOH":"Validé","SourceNomOH":""},"geometry":{"type":"MultiLineString","coordinates":[[[1.41988293743085,44.71379868074453],[1.419361572184445,44.71442156984236],[1.41927316578109,44.71496149173548],[1.418997244437122,44.71547802557977],[1.4185732213214,44.71582675677846],[1.417817167821184,44.71599154848222],[1.416536283058603,44.716137124908954],[1.415341224027673,44.716643204023896],[1.413381581349917,44.71689789114961],[1.412605736488608,44.71718122684928],[1.411420417173134,44.717384844627],[1.410856308341337,44.71714622867288],[1.408988212247949,44.7172436687064],[1.407587681958167,44.718313112785815],[1.407072535408547,44.71879916457743],[1.405597018337857,44.71939205448981],[1.404567953057253,44.72000666659851],[1.404232439258085,44.720080173728306],[1.402446627635452,44.72016698460284],[1.402302828413671,44.72024955491851],[1.402094490031883,44.720559014797054],[1.401911587975015,44.72068424335288],[1.400592162008498,44.72093623851385],[1.400017683054956,44.72084059325956],[1.398696088441696,44.720990780530876],[1.397546037937009,44.721015566534255],[1.396485446980782,44.72069315039041],[1.395370155636256,44.720473486510635],[1.394745505889577,44.720188886410156],[1.39352249946014,44.72015944447584],[1.392228522212795,44.7198732221773],[1.39198339994727,44.71992099036006],[1.390456786381408,44.71977634616979],[1.3900291140381,44.7195387055383],[1.389883669942888,44.719369101409036],[1.389161361085799,44.71896778775622],[1.387951268836578,44.718752972649774],[1.386983345933874,44.71841740568306],[1.386233372031324,44.71805709173161],[1.385881837201245,44.71780793762425],[1.385750270851419,44.717639430700864],[1.385413856060202,44.71752376671339],[1.385075001045805,44.717317117495185],[1.382673309267799,44.71677509331543],[1.381442656656716,44.71692640202953],[1.380244837655699,44.71747258872936],[1.380261151367038,44.71760789972551],[1.380466225769487,44.71781080639733],[1.380535258192163,44.718615946966366],[1.380502104850384,44.71928542131414]]]}},{"type":"Feature","properties":{"CdOH":"05C0000002000885199","TopoOH":"la Relinquière","StatutOH":"Validé","SourceNomOH":"IGN;BDCarthage"},"geometry":{"type":"MultiLineString","coordinates":[[[1.42499782481962,44.7768457960756],[1.424939909518739,44.77706289197949],[1.424241533135695,44.778434320167676],[1.423789351240467,44.77900510660628],[1.422899857516492,44.780426939415655],[1.422370149220755,44.7811010750751],[1.42201933002465,44.78116722076518],[1.421451327256128,44.78104297034718],[1.420938405471361,44.78111851060419],[1.420593473947777,44.78120004406176],[1.419089187049028,44.78181885251244],[1.418728040684816,44.78202711870033],[1.41808303014905,44.78261764545399],[1.417741666588393,44.78284149931398],[1.416453399592939,44.783554306405264],[1.415948171751779,44.78375960527197],[1.414771064971796,44.78398141084023],[1.414455147130698,44.78388504240305],[1.414151804230993,44.78370150486535],[1.41350727908436,44.7835554076713],[1.41329956666195,44.78356774335025],[1.411648744590191,44.784668823062376],[1.411180906373771,44.784847621467726],[1.410843760794312,44.78514445553769],[1.41036133402864,44.78543650410639],[1.408945597912006,44.785956493506646],[1.408588458128922,44.785931556503904],[1.407039571558216,44.78655316795204],[1.406794474406187,44.78690264129864],[1.405750503834722,44.78782145095278],[1.405154817291347,44.78858281016462],[1.405083752135001,44.789126589923555],[1.404692830146167,44.79002416669267],[1.403171283377133,44.7920373938209],[1.402702132942742,44.792481787033864],[1.402572138014077,44.792695133966205],[1.402283411714922,44.7929314076295],[1.401462109568229,44.7933067853694],[1.400654466928342,44.79391288272439],[1.400153188140516,44.794107363451694],[1.399411120855051,44.79427495330241],[1.398419396913875,44.79446054448554],[1.397954736971197,44.79447904589727],[1.397151457679653,44.79426482368765],[1.39425339595062,44.79442280378758],[1.39386411268474,44.794370339360384],[1.393356890346609,44.79415227302177],[1.39281998888182,44.794087760258726],[1.391793955421302,44.794189948761954],[1.389674471072889,44.794760724236625],[1.388268940195807,44.79504197181484],[1.387114147360558,44.795002667415766],[1.38670655502938,44.794795024562504],[1.385428564332104,44.794553997696994],[1.384158305983002,44.79422031655227],[1.383770010561651,44.793913888297695],[1.383101627885957,44.79358446395596],[1.381741928759111,44.79310807094535],[1.381595516064478,44.79296635551125],[1.38055142171714,44.792729585995794],[1.379314986077071,44.792804271964286],[1.378941714298598,44.79250434956986],[1.37778078950312,44.792460354970096],[1.37751139863245,44.79250504055175],[1.376861129819432,44.79277648116839],[1.376117958331457,44.79280522154665],[1.375414145160891,44.79265353167187],[1.374818713826339,44.79260248178305],[1.37446480791427,44.792333445080644],[1.372033819365141,44.79234640525319],[1.371130447488306,44.79253575183531],[1.370679467599736,44.7929550660891],[1.369646959198323,44.79345407918713],[1.36921150670511,44.793904233498594],[1.369064738830351,44.79412450053094],[1.369011521509778,44.79447671739496],[1.369102228897122,44.79588374709353],[1.368622490577455,44.79659529686379],[1.368176512366124,44.79688410185762],[1.367056618241284,44.7973403833621],[1.366322317867922,44.797409712730115],[1.36575041937795,44.79737427008482],[1.365483421540582,44.79729199021173],[1.365122929496387,44.79707595611456],[1.364985270005366,44.796503902881625],[1.364685667576178,44.79623833653246],[1.364318361750295,44.79616988306438],[1.363676908289001,44.79622165356888],[1.362419043783092,44.7961166346819],[1.361863474246141,44.79617236460286],[1.361580609421832,44.79611415459862],[1.361274062382185,44.79600066265523],[1.36107504491507,44.79584283318251],[1.36064724576288,44.79572394515488],[1.360063986806413,44.79534160788448],[1.359553783451393,44.79483967976964],[1.359117875779789,44.79460900229576],[1.359034953444206,44.794373642055966],[1.358368832000729,44.793841484866185],[1.357759032885855,44.793979238078926],[1.357702361616624,44.79405764374249],[1.357701819076775,44.79429266933208],[1.356958357424991,44.79441673175913],[1.3565407466132,44.79442585138014],[1.355599546859264,44.79426241173624],[1.354808044884624,44.79425607350094],[1.354585004732115,44.79431489923392],[1.353290827470353,44.79506292359244],[1.350894191306134,44.795754019363756],[1.350192756090036,44.7958669553568],[1.350018888106642,44.796361452183774],[1.349937184353013,44.79643047649647],[1.348295455808543,44.79608995279002],[1.347199812624329,44.79593134522739],[1.345290594828604,44.79600012567096],[1.344535092175027,44.795887090313826],[1.34427500160203,44.79582917590481],[1.343251161250641,44.795208736144055],[1.342880954360725,44.79506812659852],[1.341701759774496,44.79499916763902],[1.341100851700196,44.79517658578548],[1.341014050804582,44.795160878845266],[1.340749619234306,44.79490747909682]]]}},{"type":"Feature","properties":{"CdOH":"05C0000002000885196","TopoOH":"","StatutOH":"Validé","SourceNomOH":""},"geometry":{"type":"MultiLineString","coordinates":[[[1.389539383079713,44.76340876103625],[1.388747048032337,44.76397626219835],[1.388426461924029,44.76448938553572],[1.388366871036933,44.76471634433249],[1.388117345955373,44.76486670009331],[1.387850740174777,44.765612935159616],[1.387211339860037,44.76635554639383],[1.386978657868063,44.76684383114995],[1.387076813628848,44.76725588619605],[1.387212339824769,44.76751089808105],[1.387165887347825,44.768822246205495],[1.387334234091484,44.770533840034865],[1.387141297922051,44.771134366122936],[1.386977615748369,44.7712877702577],[1.385720589136326,44.771876405033474],[1.385505709392967,44.77205157390524]]]}},{"type":"Feature","properties":{"CdOH":"05C0000002000885148","TopoOH":"","StatutOH":"Validé","SourceNomOH":""},"geometry":{"type":"MultiLineString","coordinates":[[[1.411127467092489,44.678455176641215],[1.410247796373994,44.67827685718207],[1.409805665580599,44.67806790030636],[1.409185015962426,44.677566426406926],[1.40894471623154,44.67722709900642],[1.408619242693989,44.676999103970736],[1.408247401022253,44.676313006102326],[1.407646582136877,44.676271944925595],[1.406556130180062,44.67640842543244],[1.406146269936634,44.67639802018155],[1.405707266889771,44.6763025500142],[1.405255624135797,44.6760295047372],[1.405151709873636,44.67582180105712],[1.405100485100382,44.67531320175689],[1.404916781584358,44.67507103066175],[1.404075871777398,44.67468521320334],[1.403299506204158,44.674471408583244],[1.402713873528947,44.6741180788608],[1.401703638392223,44.67378562730189],[1.400089082589107,44.672914957483805],[1.399046105304031,44.672536984671346],[1.39828001189861,44.67249618187481],[1.397925672456122,44.672575695350766],[1.397691045298458,44.67270556641894],[1.397507629973353,44.672898310717805],[1.397445630894462,44.67317025323703],[1.397066115696491,44.67346911259299],[1.397007757171722,44.67365736455811],[1.396428913367439,44.674219871340036],[1.396055528039139,44.67483487940553],[1.395255586639583,44.67553824983142],[1.392636943655659,44.676643832592376],[1.391910614173128,44.67684398845829],[1.391425073669484,44.67705304307728],[1.391211287277304,44.677070645768026],[1.390260530622767,44.67646791349522],[1.387277561821198,44.67526197493968],[1.382191951911984,44.67358400223036],[1.381050974303221,44.673018928896575],[1.38024946499269,44.67280549365873],[1.37947423592956,44.672336704651386],[1.379010025391088,44.67241815053676],[1.378100569567522,44.672053640357305],[1.378130986265229,44.67156693319557],[1.378221630310609,44.671267505715264],[1.37704384875131,44.67071265641743],[1.376537638059289,44.67102579632811],[1.376175928118268,44.671622901387266],[1.375770510741824,44.67172230539139],[1.375654750056887,44.67214832842603],[1.37566018079959,44.67248518335761],[1.37556282984603,44.67266654924836],[1.374468852411101,44.67327450749217],[1.37422067735125,44.67360943760293],[1.373763438989574,44.673929588622244],[1.373544659807572,44.67425144239978],[1.373537787400313,44.674533188382306],[1.373461247038282,44.674736469891826],[1.373257482678885,44.67501892330963],[1.372674103546792,44.674986932806085],[1.372657273034154,44.67613748626998],[1.372761850978939,44.676580254793315],[1.37291692546755,44.67671670531129],[1.372688597207008,44.6769753845973],[1.372545311103091,44.67765403325469],[1.372414101813276,44.677958263568726],[1.37258486573163,44.67833807256537],[1.372516745322875,44.67868645355305],[1.372595185748643,44.679160354684825],[1.372086598386742,44.679508560149635],[1.371171440618302,44.67994983159537],[1.37105253244986,44.680395615950296],[1.370939313025995,44.68051371207577],[1.370992852849497,44.68080085045657],[1.370638936428,44.68112431243008],[1.370591831257086,44.68148740980947],[1.370359717568806,44.682050389308365],[1.369577547870545,44.6827790571762],[1.369412923872752,44.683059380308755],[1.368822863971915,44.68356035263279],[1.36848273815048,44.6839731586829],[1.36825623356093,44.684036454247]]]}},{"type":"Feature","properties":{"CdOH":"05C0000002000885218","TopoOH":"le Pic","StatutOH":"Validé","SourceNomOH":"IGN;BDCarthage"},"geometry":{"type":"MultiLineString","coordinates":[[[1.390465139381046,44.59011128713628],[1.389707816361384,44.589184508365356],[1.389220975129338,44.58747918951288],[1.388781740885141,44.5865345309132],[1.388823508971649,44.58613084459497],[1.388455642663549,44.585423139728356],[1.388402335587798,44.5851720411832],[1.38847574493081,44.58493989938333],[1.387264390540623,44.58376786506961],[1.387071656496634,44.58345800307102],[1.386563785762429,44.583241686066955],[1.386642299115992,44.58274309150516],[1.386826999488336,44.582584610985286],[1.387015078854038,44.58199937369239],[1.387060581571909,44.58164166530478],[1.386946813976973,44.58042081677058],[1.386815549555676,44.57994437149024],[1.386435021430918,44.57937334165675],[1.386286519460502,44.5788831375615],[1.386232566822492,44.57847895534374],[1.38629107565382,44.5775343555643],[1.386150966607173,44.57741165068258],[1.385751503039743,44.57671067979214],[1.384885217870829,44.57577057115574],[1.384560249515443,44.57550469363354],[1.384288670652142,44.57478217651794],[1.383719803015859,44.57370774232013],[1.383758780296949,44.57349040815521],[1.383671937634222,44.57273997820542],[1.383274721040344,44.572050737240126],[1.383291545507955,44.57185919162338],[1.383098372829697,44.57090730943933],[1.382850349060621,44.57090277784053],[1.382865806708087,44.57027540377648],[1.383425198200372,44.56965599257688],[1.383561444723719,44.56903308801814],[1.384959485122551,44.56776142367054]],[[1.384959485122551,44.56776142367054],[1.384290126968716,44.567075410932645],[1.384263001739526,44.566966962581304],[1.384498367117711,44.566621039131824],[1.3849170391798,44.56620756264286],[1.385231955826139,44.56572233430645],[1.385545056662302,44.564992162193946],[1.385728852736928,44.56437895603667],[1.385851234444623,44.564327619583935]],[[1.384959485122551,44.56776142367054],[1.385824703372497,44.56710505371365],[1.386089815603498,44.56673164845713],[1.38643212586538,44.56599289617172],[1.386236388817319,44.565922504078785],[1.386194128393953,44.565770614575364],[1.386783935150694,44.56448081431532],[1.385851234444623,44.564327619583935]],[[1.385851234444623,44.564327619583935],[1.385847543754776,44.56414838047888],[1.385446640759613,44.56380936177611],[1.385414144273949,44.563712540896375]]]}},{"type":"Feature","properties":{"CdOH":"05C0000002000885151","TopoOH":"","StatutOH":"Validé","SourceNomOH":""},"geometry":{"type":"MultiLineString","coordinates":[[[1.382762159243061,44.6462921135343],[1.383362580376607,44.64642335424161],[1.385577479670049,44.64655656008605],[1.386539122142544,44.64675968964455],[1.388615683127286,44.64767331310191],[1.389282932593521,44.64785051783378],[1.390481744353522,44.648539711365935]]]}},{"type":"Feature","properties":{"CdOH":"05C0000002000885228","TopoOH":"Ruisseau de Rouby","StatutOH":"Validé","SourceNomOH":"IGN;BDCarthage"},"geometry":{"type":"MultiLineString","coordinates":[[[1.3818946238846,44.51364453398424],[1.381951326814541,44.5132464839267],[1.382222073470238,44.51301994901838],[1.382324308264612,44.51265768246515],[1.382090144881581,44.512222052595625],[1.382116188243304,44.511883880574956],[1.381821278931108,44.511372625500094],[1.381834339632124,44.51078484996978],[1.381938887535401,44.51038570130572],[1.381681177545116,44.50949862081849],[1.381813213073071,44.50932587817068],[1.38159896501618,44.50885452337359],[1.381330456633029,44.50878395419655],[1.380030212681538,44.508185007568514],[1.379759956526341,44.50800005699376],[1.379309640455041,44.50751262492326],[1.377322395973982,44.50669645795929],[1.376283531372616,44.50611211535829],[1.376025185690472,44.50590752178035],[1.375814250024586,44.50558567206858],[1.375670924466212,44.504925363547684],[1.375624636812985,44.503865802337856],[1.375692738222529,44.503159985118884],[1.376195138096434,44.50297109231854],[1.376231974599645,44.50282756936202],[1.375782362366845,44.50249320248171],[1.375553601535745,44.502179193752866],[1.375581563297199,44.50190678216493],[1.375832934502036,44.50143416809521],[1.375826655349691,44.50117115690148],[1.375371728315771,44.500803395060835],[1.375358092113381,44.500621312114916],[1.375142159025086,44.50047406675359],[1.374935860417963,44.500079351114714],[1.374402313915655,44.49990851645061],[1.374082104235277,44.499494112399496],[1.373131589474183,44.4989929786286],[1.372902381042715,44.49891396391268],[1.372377382701331,44.49888370879082],[1.372213307676356,44.49872731826395],[1.371909404122153,44.49818439028099],[1.3717849033069,44.497265939128376],[1.371618801465263,44.496874511848844],[1.371410542186479,44.49663643134756],[1.370920403595258,44.496401391101934],[1.370587959550082,44.496107450561915],[1.370736235498332,44.49563332608957],[1.370545305778539,44.49531806504031],[1.368649660806524,44.49444186344612],[1.368254353101392,44.49419110589943],[1.367148539108098,44.493845193131335],[1.367109150682587,44.49290098490025],[1.366875210824446,44.49220330883031],[1.366828069087661,44.491614646248465],[1.36667173886164,44.49123506166674],[1.365895098780096,44.48990446497792],[1.365489390128963,44.488971036663656],[1.365565067066017,44.4887029372697],[1.365433149594327,44.48852360265889],[1.36543286047898,44.48822916622271],[1.365581545049377,44.48800266707668],[1.365608458954042,44.487506943392646],[1.365832620814612,44.487236542315124],[1.366094947985228,44.48712517727059],[1.366246496644839,44.48697345332973],[1.365995645641567,44.486687910830206],[1.365663776828802,44.48650741479375],[1.365654413532245,44.48643974579001],[1.365818317665462,44.48625218945692],[1.365733295379882,44.48610416388813],[1.365751751044818,44.4857703878125],[1.365561642922656,44.48560279683441],[1.365594267217726,44.48525752558554],[1.365437655835859,44.48506251831883],[1.365542235722369,44.48475162850983],[1.365282672929766,44.484593812530875],[1.365107093683442,44.48405456985579],[1.364657541721586,44.48342122442499],[1.364461232351156,44.48290328310023],[1.364010812946498,44.48264809115297],[1.363836925872173,44.48209446530901],[1.363425711738157,44.48122397765314],[1.363213500347607,44.48090838870912]],[[1.385797732729418,44.520176553295364],[1.384527515563979,44.51970505857138],[1.383814877989427,44.5193641726461],[1.383314710120573,44.519119137429996],[1.383176225178772,44.51890100967021],[1.382868056788984,44.518060011685016],[1.382101977322459,44.51703762032181],[1.382379755053894,44.51608275506633],[1.382321193779678,44.5156668072236],[1.382448204063265,44.51531840946272],[1.382360464774224,44.51504249805191],[1.382352797738359,44.51473894737092],[1.381868635315282,44.513936786124646],[1.3818946238846,44.51364453398424]],[[1.385797732729418,44.520176553295364],[1.384803242636374,44.51904098937359],[1.384378814144724,44.518391882539255],[1.384038067490238,44.51767736918041],[1.384077082131647,44.517457339832276],[1.384035047675304,44.51725503223843],[1.383696867750564,44.51667111513964],[1.383331329427367,44.5158121710165],[1.382875123322645,44.51354905836471],[1.3818946238846,44.51364453398424]],[[1.383412724419489,44.54665262000249],[1.383501207267153,44.54642070629676],[1.383503461461613,44.546210040583595],[1.382954197854351,44.54476942605661],[1.383143922146073,44.544343604283384],[1.383148617345308,44.544135675753495],[1.383050023025269,44.543797474242105],[1.382722664773937,44.54318219363483],[1.382661618941225,44.54289586590443],[1.382806396595449,44.54267648335211],[1.382940046628947,44.54201032908911],[1.382820005597141,44.54075068364489],[1.382895854998899,44.53968479737257],[1.383572987548453,44.53784435348693],[1.383225622725951,44.53726930133446],[1.383334281480558,44.536991763035985],[1.383458961083657,44.53619851966701],[1.383341271555043,44.53586814346659],[1.383370049548837,44.53543456350364],[1.383775542005935,44.53459410898296],[1.384310376398264,44.532708362051174],[1.385833348464213,44.53051292054659],[1.386712689152085,44.5294299720819],[1.387106028693115,44.52918810680074],[1.387256119710697,44.52900121300035],[1.387437850698523,44.52854375658678],[1.38801508516431,44.52803264994148],[1.388491451952415,44.5271301886867],[1.388480875313657,44.526662719673695],[1.388546633901243,44.52638725296154],[1.389045881037143,44.525431999991596],[1.388722312333476,44.525391259906165],[1.388079443407484,44.52489564929913],[1.387652207279491,44.524474318049634],[1.386871702637508,44.52351027563799],[1.386845420391574,44.52324066812852],[1.387021846897098,44.52279214030991],[1.387248815866439,44.52167534494007],[1.387248982905103,44.52118462302256],[1.387137741770101,44.52102542523578],[1.386661908238632,44.52080867385447],[1.386261487906554,44.52046336394356],[1.385797732729418,44.520176553295364]]]}},{"type":"Feature","properties":{"CdOH":"05C0000002000885191","TopoOH":"","StatutOH":"Validé","SourceNomOH":""},"geometry":{"type":"MultiLineString","coordinates":[[[1.380194661273277,44.75845491134364],[1.380298162877478,44.7587229709638],[1.380676239493252,44.75924358011688],[1.381078621653696,44.760061706690664],[1.38172181929478,44.760988706904385],[1.38152662776843,44.76127131352593],[1.381440319916297,44.761547405786224],[1.381127251492931,44.76175354886018],[1.380360660207353,44.7626977743784],[1.380119470753131,44.763392134258616],[1.379992466935981,44.76398370542973],[1.379580259534317,44.764997942686044],[1.378918514751135,44.76567894682489],[1.378178627339305,44.76674601828522],[1.378177141776938,44.7671043950306],[1.377627679106184,44.76871184835092],[1.377659535616091,44.76957949571639],[1.377909389394583,44.77025222405821],[1.377868496283968,44.77048665602186],[1.37780285855263,44.770658591328356],[1.376998797206218,44.7714932901391],[1.376736372424854,44.77186945825971],[1.376657178963851,44.77233565824309],[1.376322580208378,44.77275939554019],[1.376106201056633,44.77337937231996],[1.376092057807473,44.77400051100983],[1.376192865458139,44.77436218846717],[1.375863370961635,44.77517771794754],[1.375947121177147,44.77547340918946],[1.375970205617492,44.77603115814302],[1.376175162073751,44.776376351666556]]]}},{"type":"Feature","properties":{"CdOH":"05C0000002000885130","TopoOH":"Ruisseau de Tournefeuille","StatutOH":"Validé","SourceNomOH":"IGN;BDCarthage"},"geometry":{"type":"MultiLineString","coordinates":[[[1.470079112260971,44.77022921510528],[1.469755182888732,44.770473275397975],[1.469293159928582,44.77133225600778],[1.468886343840625,44.77183450736482],[1.468288817532335,44.772376444647165],[1.467413366518982,44.77281818504224],[1.467292409634128,44.77294257972834],[1.466993505948613,44.77365883040107],[1.465479927717969,44.77492287274335],[1.465188690668894,44.77540329947397],[1.464872798871989,44.776230970110966],[1.464436435731119,44.776469857060405],[1.464053492127672,44.777159723706475],[1.463419288760207,44.77746700348098],[1.463149598022939,44.77766677376666],[1.462598399246331,44.77785093318393],[1.462335802779628,44.7781147342665],[1.461491473953664,44.77861539378148],[1.461236466846866,44.778971147100215],[1.460947564816543,44.779225575162435],[1.460569234491676,44.77937520501562],[1.460361449284724,44.77939122940703],[1.458656275729121,44.78020768472864],[1.458355126176623,44.78035477843411],[1.45793873737323,44.78069297208026],[1.456996400178274,44.782090019308626],[1.456965379378794,44.78216072587875],[1.457225560230476,44.78235524997368],[1.457179362134327,44.7828408692229],[1.457014128768816,44.78328701142381],[1.456574275385475,44.78374193729004],[1.456055066729351,44.78395532661525],[1.455569823031548,44.78403681526482],[1.454834710404063,44.78400856204225],[1.453593987203939,44.784296527032325],[1.452828178150853,44.785016137153704],[1.450550350936529,44.786597098904714],[1.450414629372048,44.786750085972834],[1.450071273064024,44.787417050728635],[1.449369789753129,44.78818526412036],[1.448519415035761,44.78875778488474],[1.447205727823871,44.78943907425292],[1.445398970459436,44.789932437568005],[1.444139466722878,44.790846778180025],[1.443258104508784,44.79116488703331],[1.44281161556785,44.79157914666265],[1.441460347395655,44.79155835950336],[1.440729466150728,44.79210368688968],[1.440385154189035,44.792480652954694],[1.440009797936553,44.79265457047716],[1.4389854733589,44.79292741114205],[1.438297672723823,44.79319507749088],[1.43753958137389,44.793124964734815],[1.436938345483656,44.79332630560463],[1.4367893158965,44.79345567666048],[1.436796738523458,44.793598059275],[1.436692153280645,44.79381180270798],[1.435891176718807,44.79460104574446],[1.435427877312015,44.79534372055746],[1.433844830180652,44.79601295209844],[1.432976304477721,44.796591406179246],[1.432328439685979,44.79778260926684],[1.432031206369543,44.798100784237484],[1.431718465852774,44.79879334558261],[1.430775594612848,44.79999387614128],[1.430229829044893,44.80028871862754],[1.429622244346412,44.80048723041014],[1.429233661942992,44.8007239606714],[1.428728111904834,44.80138947021761],[1.427884776247944,44.80187639351306],[1.427146284302968,44.80277452452825],[1.426545674501356,44.80330990560513],[1.426102384590937,44.80405373080869],[1.426087954841843,44.80443353666337],[1.426219601684675,44.80497210251162],[1.425735827900659,44.80535425205897],[1.425624951021963,44.805790320925354],[1.425476626066888,44.80598272315117],[1.425068902392198,44.80631372079068],[1.424351742129376,44.80662771419381],[1.424042271830517,44.80728878684168],[1.423300998710062,44.807740207795895],[1.422496006814499,44.8080727520847],[1.422281988770687,44.80826151450369],[1.422119816220239,44.80863111443413],[1.422854772628305,44.80921698854435],[1.422865151786104,44.809523306629096],[1.423140316679381,44.80981537961279],[1.4229954651146088,44.81]]]}},{"type":"Feature","properties":{"CdOH":"05C0000002000885133","TopoOH":"Ruisseau des Ardailloux","StatutOH":"Validé","SourceNomOH":"IGN;BDCarthage"},"geometry":{"type":"MultiLineString","coordinates":[[[1.460928131670631,44.801923884881326],[1.460753200904217,44.80235369249847],[1.460635300874452,44.80287163922241],[1.460409135399281,44.80323229798348],[1.46018759251854,44.80453223312003],[1.459704468037833,44.80522250470207],[1.458971822363159,44.805740015079174],[1.458721377278363,44.806016587892245],[1.458405069920593,44.80620399644992],[1.457423109174579,44.8064947090846],[1.45603931433233,44.806723989209374],[1.455212754890878,44.80692859757112],[1.454292180420076,44.80728587402989],[1.453695419982578,44.807643155815164],[1.453329008166008,44.80799554269341],[1.452862904111512,44.8087985860341],[1.452746155538854,44.809179667568564],[1.4527788769110015,44.81]]]}},{"type":"Feature","properties":{"CdOH":"05C0000002000885187","TopoOH":"le Tréves","StatutOH":"Validé","SourceNomOH":"IGN;BDCarthage"},"geometry":{"type":"MultiLineString","coordinates":[[[1.426888037153007,44.59322280927101],[1.426904484502141,44.59294931302482],[1.427061895810944,44.592546361027],[1.42725178909644,44.59224381883287],[1.427615608062313,44.59194014992555],[1.427983093089798,44.591369104908125],[1.428592497484934,44.58993889017883],[1.429152308610659,44.589293140556855],[1.430500458750264,44.588074213334544],[1.430613787870128,44.58775977358095],[1.431232535151559,44.58689604831983],[1.431333855135934,44.58651480604766],[1.431941167385179,44.58565361651093],[1.432194085005871,44.5853483601711],[1.432519983137976,44.58509186133187],[1.432634263753241,44.58483325995796],[1.432922963646406,44.58450960088932],[1.433175159984864,44.584411429970665],[1.433213090298541,44.58404369434863],[1.433003868777144,44.583910165404724],[1.432911343811714,44.58352167055899],[1.432923590443909,44.58330754333595]]]}},{"type":"Feature","properties":{"CdOH":"05C0000002000885202","TopoOH":"le Bléou","StatutOH":"Validé","SourceNomOH":"IGN"},"geometry":{"type":"MultiLineString","coordinates":[[[1.49490616425829,44.75189337825832],[1.495181613745242,44.7514693975603],[1.495175411676998,44.751134339469026],[1.49495582390442,44.75088733023086],[1.494607967927502,44.75071151570269],[1.493638335616278,44.75053805391256],[1.492742849198021,44.75061592226313],[1.490344891249515,44.75036356073375],[1.48976567064105,44.75000448445458],[1.488652373306445,44.749582292031015],[1.486877716424733,44.7487089279909],[1.48640692998202,44.74873581469757],[1.485364537343488,44.749014221536605],[1.484460420256492,44.74917834977364],[1.482856677416528,44.74932658941633],[1.481399869896358,44.748665496872576],[1.481070117474223,44.74857002914732],[1.480463470231691,44.748527492706245],[1.479529704099845,44.74824544153954],[1.478775085126333,44.74811441986826],[1.478098554987922,44.74775934822079],[1.476642671793008,44.74734763509345],[1.476149846251188,44.74702209122614],[1.47522413611851,44.746584332739076],[1.474150329564384,44.74624988182548],[1.473854845256655,44.74638268332259],[1.473136499173527,44.74645292742335],[1.471959330411756,44.74624939972191],[1.471305599681777,44.746034173380224],[1.467495265257639,44.7459211995756],[1.467141480173993,44.74573531032629],[1.466053806757524,44.74466040051495],[1.465662413014744,44.74446408051786],[1.465206765702755,44.74389047182491],[1.463091797796745,44.74356129366308],[1.462568463362827,44.743570240607035],[1.462092755261903,44.743870698775275],[1.461156094429666,44.74393153070686],[1.459376230883834,44.7442390675842],[1.458997566125027,44.744224796278],[1.458544299979496,44.7443508599793],[1.458338079197492,44.74436059704555],[1.458001769997884,44.74418392608493],[1.457351770988896,44.74411184370685],[1.455880512796539,44.7441309676818],[1.455779358633559,44.74394946298881],[1.455629302085147,44.74389244233483],[1.455466099587918,44.74390007230381],[1.455292905443594,44.74413358164417],[1.455195182277514,44.74414932800541],[1.454824330328461,44.74385060160007],[1.454570587582758,44.7438884839666],[1.454405895330408,44.74381234751463],[1.454256810654537,44.743857992573574],[1.45406403557862,44.743792269454836],[1.453839886358116,44.74381075268367],[1.453525762592504,44.74374693682589],[1.453456888741171,44.743678439799005],[1.453141231927064,44.74367043083533],[1.452900339430161,44.74356261198014],[1.452779511647915,44.74363746484067],[1.452573413568509,44.74341306955521],[1.452101962053465,44.74355686244431],[1.45184143319561,44.743565828562794],[1.450025100797326,44.743131615294864],[1.44858661793961,44.742512663914994],[1.447794575011346,44.74177398527111],[1.447387658605855,44.74163951501238],[1.44634085546652,44.741571710620185],[1.442232088136454,44.74221007724833],[1.441573474191297,44.74208555298624],[1.440756779546278,44.74214880039358],[1.439514342764516,44.74193680290804],[1.438738355775447,44.74212667562225],[1.43800485315837,44.742743067753366],[1.437752728523219,44.74272240346509],[1.437434300630941,44.74254141891232],[1.437225668834197,44.74250155637026],[1.4362625013443,44.74337943775348],[1.435417756961196,44.74349627893159],[1.434173348928757,44.74353632769128],[1.432995790079265,44.74398882688868],[1.432196235581861,44.74443315685893],[1.431926766701085,44.74449057561326],[1.431061245657339,44.74439997963613],[1.430124515246583,44.7438275117477],[1.429049797345213,44.74335573378533],[1.428043215736215,44.74302358594438],[1.426533983862509,44.742774338573085],[1.426198950459153,44.742917258151245],[1.425929403202434,44.74293233859445],[1.425177615527212,44.742571367180844],[1.424646524092592,44.7424962800194],[1.424487415680695,44.74253814082589],[1.423427547092879,44.742080025916266],[1.423044711798807,44.74203495572287],[1.422281236676068,44.74177645274381],[1.422162237866917,44.74169461511563],[1.421933834685771,44.74123391757864],[1.421687986431025,44.74117008291],[1.421595763804935,44.74103459732603],[1.421120134496062,44.74069464151527],[1.42098265011917,44.740506282427056],[1.420496141884903,44.74023910773023],[1.420151545154099,44.739687602088445],[1.420045940531583,44.7396239627737],[1.419610006149686,44.73958082455935],[1.419475527420774,44.73969056548221],[1.418797610904784,44.739806057735514],[1.418501658287816,44.73977211703044],[1.4170656567324,44.73984345537465],[1.416655242803882,44.7400158852139],[1.416371460013292,44.740043345490875],[1.415715729105976,44.739953826431574],[1.414996573622104,44.739649081367844],[1.414086369934222,44.739981839060206],[1.41382613069998,44.739980814471366],[1.413434387419201,44.73984913696802],[1.413013192557705,44.739910639769164],[1.412367323299122,44.74045698257503],[1.411846136472075,44.740435104001094],[1.411262999811228,44.74050418373624],[1.410620028147008,44.74041031504065],[1.409482909449027,44.74050025111063],[1.409436642801484,44.73972337049784],[1.409099290358339,44.739723928971415],[1.408807018960197,44.739515321458676],[1.408370284641114,44.73959009066849],[1.40805870062433,44.73957300654472],[1.407892484063164,44.739642656359706],[1.407069698568333,44.73960831567903],[1.406527967298412,44.739464551256006],[1.40636078788922,44.739345083418634],[1.405326069858856,44.73956701985048],[1.403212395681389,44.7395653872199],[1.402492982255536,44.73980624979995],[1.400650817539628,44.739764359851854],[1.399868608642502,44.73936945701027],[1.399237479568904,44.739171236637745],[1.398867375253919,44.73890204558291],[1.397628605484054,44.737770233090195],[1.39635820820735,44.736996341596004],[1.39613255852775,44.73671302372009],[1.395778017027408,44.7367853312824],[1.395530869912332,44.73601543894326],[1.395501489482339,44.73558368114839],[1.395202508800239,44.73534702480139],[1.395266265810799,44.73510481765275],[1.395233720356787,44.73491704534284],[1.39454399000604,44.73460538797019],[1.39444233621177,44.73449315490616],[1.393823896920692,44.734162715665725],[1.392500650498295,44.73303232117012],[1.392129160892788,44.732946785900204],[1.39186515896858,44.73281328337993],[1.391724531959401,44.732871574000114],[1.39037927358092,44.732645821243004],[1.389244287749196,44.732532969349386],[1.388541346869158,44.73255246043497],[1.387985505432259,44.73242010505215],[1.38769319632389,44.7321727192772],[1.387568938079728,44.73188005360959],[1.386421231207291,44.73080166692795],[1.385785253326409,44.730469125484184],[1.384557265316767,44.730033396046],[1.384003285691039,44.729925360567705],[1.383696001982627,44.7297605902022],[1.383175792126877,44.72931265978711],[1.3829837291472,44.72887492129865],[1.383027470507884,44.728759397302575],[1.383171543722829,44.7287569982308],[1.383246769311801,44.72868875901829],[1.383235758902971,44.727708870405706],[1.382674123930049,44.726901039390555],[1.381378045731086,44.725366588322544],[1.38059523342802,44.725048078937995],[1.380509287174422,44.72496217656194],[1.380500131667779,44.72431459419616],[1.380400713142433,44.72403849248677],[1.380270569937382,44.72298662433008],[1.380788306529926,44.72176143323518],[1.380691297319636,44.72087483940954],[1.38092022810304,44.72081965540283],[1.380969037172959,44.72074742987718],[1.380949685955988,44.72001505412381],[1.380806844697624,44.71984367475391],[1.38038766757452,44.71975109829449],[1.380350927067676,44.719579469134935],[1.380508740852857,44.719362059416],[1.38042016206791,44.71919237360474],[1.37997899855496,44.71903013677841],[1.379484118468369,44.71871583092597],[1.379451931511403,44.71860550096122],[1.379524300777108,44.71846068181091],[1.379697675850501,44.71840468748262],[1.379808324614045,44.71829014422373],[1.379723329640711,44.718127714164325],[1.379634811474349,44.71808769813663],[1.37970183783585,44.71799682969118],[1.379425018937919,44.7179171382035],[1.379438557386993,44.71784169579153],[1.379245814631877,44.71756152614904],[1.378077832101779,44.71628194760077],[1.378202237924674,44.715339163826954],[1.377941549552848,44.71491932249019],[1.377906756330687,44.714724308658354],[1.378327889444741,44.7140461111275],[1.378350526224102,44.71339179253073],[1.37857576952402,44.713200587231235],[1.378458942805861,44.71304759548117],[1.37858655390902,44.71282614492499],[1.378687576662418,44.71203700184077],[1.37855314996396,44.71135517022376],[1.37869476125938,44.71104207574106],[1.37870782315317,44.71045695464989],[1.378851307864811,44.71016639955699],[1.378736804483539,44.70958211217306],[1.378787343192438,44.70944958116525],[1.379083787398558,44.709153161304926],[1.379000896812755,44.708830476388236],[1.378811940012756,44.70859538584819],[1.378887037538261,44.70839928041026],[1.378884836839954,44.70816872538198],[1.377695730169307,44.706489922486384],[1.377137936568091,44.705953165916284],[1.376791139427445,44.70589405295377],[1.376058604679918,44.70598776572429],[1.375577085165059,44.70574027337796],[1.374532625082305,44.70539806887948],[1.374368892618762,44.70525248846158],[1.374306376833933,44.70505616635257],[1.374385082831119,44.7046917273642],[1.374357309231719,44.70451662649772],[1.373677241681911,44.703318905608185],[1.373699431498644,44.70211349009589],[1.373205030036055,44.701570440827105],[1.372938708350934,44.70139273435057],[1.373104069056656,44.7010007550135],[1.372953206252465,44.700759910899755],[1.372932057609562,44.70031206221776],[1.372633892682242,44.70010056923845],[1.372454551357864,44.69931631734877],[1.372477772856653,44.69899338709732],[1.372237551164004,44.69883047027983],[1.372005852299392,44.698765830396376],[1.371933087074372,44.698531536366566],[1.371688550469407,44.69825599510763],[1.371501752637369,44.69816680124121],[1.370570061522694,44.69820892013362],[1.37018242926258,44.69812307085426],[1.36877678790988,44.698051938847634],[1.368391551517703,44.698188536816595],[1.368207559494038,44.698612651664305],[1.36831296044742,44.6987222628575],[1.368291292034782,44.698816493753554],[1.367881634470508,44.69888069175988],[1.367578037961798,44.699075220943364],[1.36738539293025,44.69940555722358],[1.366886832592028,44.69944412746004],[1.36640820223844,44.69962256394227],[1.366094920431595,44.699541399474896],[1.364240149807912,44.699892208703254],[1.363978540356923,44.6998577262662],[1.363905853344961,44.69975219624671],[1.363746787866901,44.69975164610251],[1.363090382370656,44.70009492994502],[1.362766238928238,44.70017027905588],[1.362287986404159,44.700161403605364],[1.362149226944654,44.70002697993857],[1.361938172080401,44.69994731612592],[1.361709674176771,44.699989859166486],[1.361351185871249,44.70024749352161],[1.36110637574334,44.70019974575198],[1.360827823528921,44.70005334534013],[1.360381959071695,44.700276364942376],[1.360088986981415,44.70027832850231],[1.360074591739348,44.700425794213864],[1.359967121056416,44.700561075242646],[1.359624758530282,44.70074150170937],[1.359536695348324,44.700947307530484],[1.358301011199059,44.701497193071546],[1.35813089963541,44.701528888479345],[1.357919418551865,44.701333948895595],[1.357564807166863,44.70124134133126],[1.357157277681865,44.70136136164566],[1.356323288011933,44.70186045584981],[1.354914751482102,44.70305248412911]]]}},{"type":"Feature","properties":{"CdOH":"05C0000002000885223","TopoOH":"Ruisseau de Calamane","StatutOH":"Validé","SourceNomOH":"IGN;BDCarthage"},"geometry":{"type":"MultiLineString","coordinates":[[[1.418670302147467,44.53456648817424],[1.418183635265365,44.53441364871683],[1.417816353464429,44.5344029822877],[1.416165924728219,44.534092082113645],[1.415154493657908,44.533978519413516],[1.414814382481141,44.53385208017595],[1.414277279899382,44.53343377843286],[1.413154000776576,44.53295572504981],[1.412825110745238,44.53292308355267],[1.412724795488702,44.53277487417949],[1.412563494201698,44.53269151756895],[1.412747585257042,44.532501477264645],[1.412411276848865,44.532285044184924],[1.412412785244061,44.53196271914281],[1.412356852846408,44.53189258306965],[1.411528371163012,44.531631249515954],[1.411038448937913,44.53164040505288],[1.410543923692366,44.531500024054644],[1.410012336377841,44.531468956966975],[1.409455959761815,44.531200722192075],[1.40911635682426,44.53119132578015],[1.408917853643606,44.53095435779089],[1.408901427247236,44.530688499987704],[1.408672768121267,44.530271014830596],[1.408279299972925,44.53011857433704],[1.407783523573769,44.52971074093109],[1.407319039314886,44.529487940879854],[1.406543900108182,44.52947945392469],[1.406030392805361,44.52938830091445],[1.405185213735904,44.52914108449706],[1.404588620417871,44.52887224365988],[1.404151388945977,44.528799292161416],[1.402881620454903,44.52812182446117],[1.402778943282751,44.527835808860175],[1.402488289958394,44.52756508068585],[1.401612509857922,44.52715531964616],[1.401026497635953,44.526958645315666],[1.400931052701183,44.52681769883943],[1.400215191284337,44.52645076191929],[1.40002997858827,44.5262797002551],[1.399842786724358,44.526222961718275],[1.398872229798441,44.52627191425654],[1.398684250294119,44.52610981424742],[1.398312974096349,44.52597566789035],[1.398129570242067,44.52582984071894],[1.396987375479267,44.525717812890434],[1.396472751215562,44.525357375711515],[1.396240245871967,44.52547825398699],[1.39573306208863,44.525432164908665],[1.395658564800573,44.52513034463955],[1.395192217053437,44.52515327791072],[1.394933764149533,44.525389929203946],[1.394446835664862,44.525295506553206],[1.392155786365809,44.525085671887524],[1.391901334413892,44.52500452910836],[1.391462226835035,44.52499903035705],[1.389448750716832,44.52445733070569],[1.389273154682328,44.524347618941455],[1.388775332166769,44.523488562055775],[1.388558378405022,44.52324048226383],[1.388384871108137,44.52257254415842],[1.387248982905103,44.52118462302256]],[[1.421695556528812,44.53734973209347],[1.421315768239709,44.53679505129861],[1.420639766035453,44.53625413961686],[1.420349664048101,44.535914135732355],[1.419558717973121,44.5353877797275],[1.419025976800119,44.5347669718657],[1.418670302147467,44.53456648817424]],[[1.421695556528812,44.53734973209347],[1.421678181360576,44.53662015189627],[1.421493220420122,44.536211422455786],[1.421249975243386,44.53590630661902],[1.420571743883014,44.535445499099865],[1.420021750466697,44.534900984114174],[1.419417248944859,44.53464021514739],[1.418670302147467,44.53456648817424]],[[1.443364365535499,44.561165311190265],[1.443623968220132,44.56106812388987],[1.444244331744771,44.56104174914162],[1.444752315366661,44.56034027924875],[1.445337780359269,44.55998025423998],[1.445676676492739,44.5595186110632],[1.446004181222182,44.55864711915389],[1.446304307481691,44.55597892075172],[1.446227995981822,44.55541148847161],[1.446288873892272,44.55530429578582],[1.445698315394085,44.55511950402955],[1.445268010820364,44.55483161751335],[1.444873445023183,44.554389361972184],[1.444528648817163,44.55428906182307],[1.443893187499317,44.553221225154935],[1.443230880906,44.552579801009216],[1.442641684396172,44.55230136907625],[1.441764649522717,44.55168481985768],[1.441226232106803,44.55143771081999],[1.440157059314578,44.55107685376193],[1.439481351688218,44.55074045661464],[1.439100619285287,44.54948170339078],[1.438244989881373,44.548458442984376],[1.437929337868194,44.54826219016554],[1.437128265147444,44.548271562912845],[1.436710319266253,44.54817740566824],[1.434874474979965,44.54667922495338],[1.434402691654797,44.54612058433577],[1.433120896499918,44.54498769229291],[1.432775750591815,44.54476669482508],[1.431864303047151,44.54439989115832],[1.431551686738489,44.54364270753185],[1.431013194486705,44.54285890251608],[1.430656075460999,44.54270705969332],[1.429313858151985,44.54180556959888],[1.428518225095398,44.541351244949304],[1.426951467096296,44.54096516506429],[1.426610667510335,44.54068028083258],[1.424537632756292,44.53985025044948],[1.424209009576243,44.53958083941381],[1.424003541165852,44.53931948855853],[1.423532489916275,44.538966104691184],[1.423321741843901,44.53871368125641],[1.422596801681784,44.538390882330006],[1.4220461833163,44.537957118933086],[1.42177629921755,44.53761380617224],[1.421695556528812,44.53734973209347]]]}},{"type":"Feature","properties":{"CdOH":"05C0000002000885222","TopoOH":"Ruisseau des Combelles","StatutOH":"Validé","SourceNomOH":"IGN;BDCarthage"},"geometry":{"type":"MultiLineString","coordinates":[[[1.411102236094965,44.585747563280314],[1.411417396387221,44.585517983700655],[1.411936822398122,44.5849248648779],[1.412139614708674,44.58447936594926],[1.412431969009091,44.58407477272522],[1.412485571171878,44.583736981705584],[1.412405344618066,44.58340897315072],[1.412410911234352,44.58307679494378],[1.412489881426792,44.58237469509733],[1.413027246730021,44.581635060498535],[1.413850322611155,44.58090492896003],[1.414367440099187,44.58030186294193],[1.414436947839588,44.580159692695936],[1.414439857034574,44.57983197899014],[1.414962689981283,44.578621204769476],[1.415311509151278,44.57849204582096],[1.416257561750603,44.577237813841414],[1.416670036012779,44.57681512434103],[1.418167068327912,44.575766867535634],[1.418858276454892,44.57501680560013],[1.419119641581704,44.57432091706164]]]}},{"type":"Feature","properties":{"CdOH":"05C0000002000885226","TopoOH":"Ruisseau de Maxou","StatutOH":"Validé","SourceNomOH":"IGN;BDCarthage"},"geometry":{"type":"MultiLineString","coordinates":[[[1.455700922679809,44.54254971328913],[1.454265174251757,44.541509461927305],[1.453779991962206,44.540975030685395],[1.452682748429773,44.53998902138087],[1.452251635133367,44.53968764536614],[1.451527849342471,44.5394082743593],[1.450846267063736,44.53905925931283],[1.450435555093628,44.538657317168386],[1.4504223382523,44.53831317744279],[1.449823517452156,44.537793340618514],[1.449142237103747,44.537434414665626],[1.448694152234329,44.537293958337166],[1.447629423888232,44.537191650981605],[1.446715451526764,44.5371923000006],[1.44595472758382,44.53747962676389],[1.445396776045047,44.53753479872396],[1.444610077051314,44.53748499927055],[1.444013560729571,44.53734063142261],[1.443195288564832,44.537248958160596],[1.43955678411281,44.5371687705013],[1.43710813606897,44.53703598442361],[1.433943850087003,44.537106389750264],[1.433069802013004,44.537256059353325],[1.432344175071845,44.53745555160572],[1.431928311625954,44.53765223661396],[1.430645889319216,44.53790953685684],[1.430206577598704,44.5379077924211],[1.429639128658204,44.53803208139916],[1.428918506638402,44.538005620213916],[1.428217779068035,44.53825946464079],[1.427766912077138,44.53867263443798],[1.426454704204705,44.53873227286377],[1.425621476777224,44.5390868590537],[1.424438954458535,44.53919064246146],[1.424041397415405,44.53936144786836]]]}},{"type":"Feature","properties":{"CdOH":"05C0000002000885207","TopoOH":"Ruisseau de Foulade","StatutOH":"Validé","SourceNomOH":"IGN;BDCarthage"},"geometry":{"type":"MultiLineString","coordinates":[[[1.440896295677691,44.62152110768157],[1.440751285589928,44.6221601729236],[1.439893929168056,44.62334565756148],[1.439744977397433,44.623853202734374],[1.439635865682743,44.62456120722992],[1.439323087632135,44.624837728665],[1.439124228978095,44.625462526227324],[1.439110054914453,44.62606561944837],[1.438996424830577,44.626162162839904],[1.439540130422212,44.62792929455639],[1.439683505222137,44.628808345279595],[1.439710079985502,44.63026292931073],[1.439484963462182,44.63142582139236],[1.439569461392393,44.63178989117209],[1.439415212430617,44.63244233401532],[1.439570145352125,44.63363310180451],[1.440181242427621,44.63447193034515],[1.440448969428693,44.63464048741249],[1.44045449730281,44.63480534601787],[1.440518304532741,44.63486927679763],[1.440931764512659,44.635057896755214],[1.441393618015492,44.63541197792734],[1.441658732741697,44.63531036300301],[1.44189857640004,44.635119247760265],[1.444061868244637,44.63569357550463],[1.444399517203433,44.63584239659135],[1.44501587762969,44.6362652684415],[1.446041530148124,44.63716662050772],[1.445996977180747,44.63750185862749],[1.446106311599708,44.63769879065838],[1.446705534342779,44.63856172751037],[1.447009227784068,44.63889105204527],[1.447206848372634,44.63899647746586],[1.447695772607873,44.639606637125574],[1.447681912565838,44.63983515451745],[1.447837240733589,44.639965197436936],[1.447877074234296,44.6401674552876],[1.448176561517394,44.64078756000068],[1.448460156323168,44.64106887512616],[1.448180775385142,44.64173398281861],[1.448118385981795,44.64239673268206],[1.447428813454405,44.64288859983186],[1.447063201124874,44.64306625607023],[1.446959173998764,44.6433628415754],[1.447286473932459,44.64375192626987],[1.44770610834082,44.64486446088347],[1.447739581971695,44.645526756064605],[1.447340870624781,44.6466764275809],[1.44686010329757,44.64709558676909],[1.44636934342948,44.64723636655933],[1.445864578010003,44.647930720414074],[1.444493135173714,44.64908561993457],[1.444296521618885,44.64935388843484],[1.443877619308721,44.64958661332059],[1.443783503257947,44.64970594874075],[1.443812948554686,44.650055735761626],[1.443670921824581,44.65081371322743],[1.444066738245268,44.65096065206816],[1.444725239659907,44.65141653455173],[1.444857076077598,44.651575966251144],[1.44493262484686,44.65185526613036],[1.444923433306842,44.65200551131625],[1.444607015341694,44.65268360008141],[1.444459110580466,44.65360897960812]]]}},{"type":"Feature","properties":{"CdOH":"05C0000002000885192","TopoOH":"","StatutOH":"Validé","SourceNomOH":""},"geometry":{"type":"MultiLineString","coordinates":[[[1.443199126429739,44.73191774297927],[1.442343324850862,44.73248651586449],[1.441660706744832,44.73277677152229],[1.440483670483171,44.73376783521279],[1.440184433793787,44.73389869273173],[1.44027105620625,44.73469323020485],[1.440250350875359,44.735075640205345],[1.440148727899861,44.735323640560324],[1.439799213633927,44.73558165659122],[1.439723478653651,44.73598940530568],[1.439698531478447,44.73684360455934],[1.439243595046319,44.737531461769755],[1.439102501320246,44.73806345561826],[1.438711349326812,44.738910693704945],[1.438405436710672,44.73928097963931],[1.438382856926745,44.73936620655751],[1.438619268775257,44.73958835477159],[1.438602165504052,44.73965835083793],[1.438065212822798,44.740295522144095],[1.437819091370977,44.740969210016694],[1.437598726883802,44.74112458613904],[1.437586117006721,44.741533224817516],[1.437659489510871,44.741939474309234],[1.437393165322874,44.74206628715504],[1.437225668834197,44.74250155637026]]]}},{"type":"Feature","properties":{"CdOH":"05C0000002000885216","TopoOH":"Ruisseau du Boundou","StatutOH":"Validé","SourceNomOH":"IGN;BDCarthage"},"geometry":{"type":"MultiLineString","coordinates":[[[1.438727645531086,44.603630407442225],[1.438919174403744,44.602766899550595],[1.439089578202404,44.60243884886099],[1.439717056275874,44.60189844799192],[1.440276731883662,44.60102933079816],[1.441146937744763,44.60046083314722],[1.441273028328368,44.60027622308708],[1.441560248375562,44.600235252613714],[1.442244395208248,44.59983160233515],[1.442565580715124,44.599473257081975],[1.443124190530393,44.599142567820216],[1.44388690775652,44.59895071480004],[1.444665315020325,44.59887523252664],[1.446517851255057,44.59896882323183],[1.448076984860148,44.59873320876693],[1.450259309144356,44.598107425577396],[1.450735079544189,44.598129404198765],[1.452017520634879,44.598606593602746],[1.452781931319199,44.59853536044645],[1.453337880707843,44.59829912801669],[1.453746951217591,44.59804192879732],[1.454489738345432,44.597425624629885],[1.455019067106388,44.5971944143159],[1.455403094000252,44.596838712937135]]]}},{"type":"Feature","properties":{"CdOH":"05C0000002000885163","TopoOH":"","StatutOH":"Validé","SourceNomOH":""},"geometry":{"type":"MultiLineString","coordinates":[[[1.448825375524222,44.52820894677765],[1.448237229313453,44.5285419308926],[1.447556544049947,44.52908160299407],[1.446623010530926,44.52966093215585],[1.445921555371825,44.53035967360014],[1.445207502678818,44.53082953147346],[1.44482876376606,44.5312356794602],[1.444629426866407,44.53170918347395],[1.444559449582512,44.53233037552069],[1.444800328317774,44.53290822667228],[1.444818523883434,44.533207416797396],[1.444707328477051,44.53335981896368],[1.444323083018196,44.53346245246638],[1.444076947630028,44.533623756965795],[1.443721235352079,44.53396989955326],[1.443506030901334,44.53433332937686],[1.443635951686239,44.535237365930186],[1.4439776638321,44.53590217958961],[1.444227483519458,44.5373895672631]]]}},{"type":"Feature","properties":{"CdOH":"05C0000002000885220","TopoOH":"Ruisseau de la Belle","StatutOH":"Validé","SourceNomOH":"IGN"},"geometry":{"type":"MultiLineString","coordinates":[[[1.464137737571387,44.569850703396796],[1.464438120086137,44.570708470840536],[1.464469635918703,44.571540890221705],[1.464728832768466,44.57210725131691],[1.464728104991133,44.57227291717808],[1.464623388597506,44.57246414998646],[1.464381982018546,44.57263277293496],[1.46371982873873,44.572801847045156],[1.461521722733678,44.574464030980536],[1.460771296892842,44.57528195794139],[1.459874690520681,44.57568545209267],[1.45892682906839,44.57662757316851],[1.458742066840408,44.5768888172263],[1.458761746149358,44.577090784988144],[1.458119614556937,44.57763107766713],[1.457540317123045,44.57771573307463],[1.456055446136519,44.57774631290357],[1.453561067782877,44.57834351414125],[1.452305819059211,44.57831512932817],[1.450002606514449,44.57791276369456],[1.448696980991623,44.57815915893734],[1.445517958709716,44.58019083669036],[1.445221063816406,44.58044958117447],[1.444897442753946,44.580946560128154],[1.444518935932797,44.581332013754825],[1.444218822597263,44.58193557173132],[1.44403547051539,44.58209686606216],[1.443438027509049,44.58219740062541],[1.442554329701412,44.58212461748466]]]}},{"type":"Feature","properties":{"CdOH":"05C0000002000885182","TopoOH":"","StatutOH":"Validé","SourceNomOH":""},"geometry":{"type":"MultiLineString","coordinates":[[[1.478961048703982,44.764886473306085],[1.478465469415889,44.76432948011469],[1.478279330197829,44.764201758331396],[1.478247638271933,44.76392487730892],[1.477888109197022,44.76347870708524],[1.477544026007453,44.76320924097338],[1.476877823379894,44.76251302424799],[1.476484142257622,44.762441878052734],[1.47600833629997,44.76190315505483],[1.475605514521312,44.761703112058036],[1.475115321157135,44.76132267083082],[1.474820335283109,44.76092150188509],[1.474473737191012,44.76060606723523],[1.474207946163347,44.76015397148926],[1.473996861914205,44.75996826852582],[1.474006439369741,44.7597549879106],[1.473751309719704,44.759562374603895],[1.473185135307157,44.75928173133166],[1.472092776674853,44.75924956609676],[1.47128100995069,44.759356332602636],[1.468650275930055,44.75821962808811],[1.468539158051683,44.758076717809644],[1.468161202693537,44.757847275257504],[1.467682398947295,44.757237336757846],[1.467559288699122,44.75697809834348],[1.467550131371713,44.7562936106189],[1.467391037440961,44.755963637363536],[1.467055120647819,44.75558349260947],[1.465417064527719,44.75438659932861],[1.465306467167682,44.754178858803506],[1.465248256345969,44.75385748350682],[1.465312905855197,44.75334060604402],[1.4652104905816,44.75315729160618],[1.465048469032343,44.75302808029691],[1.464949731930322,44.75257107234333],[1.464842585659483,44.752375985868],[1.464543459574823,44.75208458967034],[1.463673244561208,44.751558355886814],[1.462691491299453,44.75039753416622],[1.462587326093411,44.75018627832163],[1.462571405228733,44.74942785825316],[1.462488673967302,44.749125951923325],[1.462268105853536,44.748920284197176],[1.461578784833598,44.74852801332244],[1.461369516711368,44.748325202101555],[1.461315197648602,44.748001177632574],[1.461518536910148,44.747866228978936],[1.460712881146134,44.74669252694341],[1.460357840709156,44.74627607709477],[1.460088896285814,44.74571494616524],[1.459925093264189,44.74519039473493],[1.459810184825211,44.74504922394808],[1.459439789131017,44.74487118306478],[1.458387556187637,44.74453777831291],[1.458325982413617,44.74447929117925],[1.458338079197492,44.74436059704555]]]}},{"type":"Feature","properties":{"CdOH":"05C0000002000885181","TopoOH":"","StatutOH":"Validé","SourceNomOH":""},"geometry":{"type":"MultiLineString","coordinates":[[[1.472963718335955,44.7354999434377],[1.471922180419579,44.735520698136924],[1.470529983071691,44.73566086626777],[1.470021270742647,44.73578530914832],[1.469132962210635,44.736163839015475],[1.468332975490707,44.73631396382033],[1.466270722923054,44.73619268029369],[1.465376063242985,44.73675658924963],[1.465171599947997,44.73716617135301],[1.465010589834292,44.7382057836515],[1.464887649966648,44.73845170919954],[1.464430564538301,44.73895143806058],[1.46375388324566,44.73939589276819],[1.463030801425228,44.73954974821005],[1.462712946284016,44.739715526581726],[1.46208603779523,44.739863506807396],[1.459906335049051,44.740059242528424],[1.459340677584877,44.74018464667052]]]}},{"type":"Feature","properties":{"CdOH":"05C0000002000885180","TopoOH":"","StatutOH":"Validé","SourceNomOH":""},"geometry":{"type":"MultiLineString","coordinates":[[[1.467646635834767,44.72714041730282],[1.46696835662344,44.72755695089552],[1.466381974689901,44.72779916219477],[1.465433054883598,44.7279490025831],[1.464977524180689,44.727931884299494],[1.463660695645891,44.7284638105704],[1.462423923400165,44.72879242696927],[1.461738968338772,44.729312390698894],[1.461451057849185,44.72995582794748],[1.461378137721719,44.73095973737932],[1.461244455971226,44.731228921202785],[1.460688603196045,44.73187673858071],[1.460605166247282,44.73206377693951],[1.460568402317815,44.732899801621166],[1.460893172753895,44.733911939983884],[1.460893775582256,44.73412085725324],[1.460793104074843,44.73447604425858],[1.460243544350346,44.73540039238492],[1.460156847385253,44.736029516240286],[1.460188052399088,44.73724378408578],[1.46011011622716,44.73769113505644],[1.459632277545254,44.73843998646172],[1.45925383278114,44.73943424644549],[1.459216486295849,44.73959851327861],[1.459353473494342,44.740132597276116],[1.459261776723574,44.740343833268234],[1.459162785479579,44.740452313959324],[1.458293748449405,44.74085984273925],[1.457973701307281,44.74133533985863],[1.457770173442338,44.741892600471495],[1.457579914546802,44.74293359956533],[1.457499519759164,44.74310086864384],[1.457478852408998,44.74371650450147],[1.457201642686546,44.74410344977255]]]}},{"type":"Feature","properties":{"CdOH":"05C0000002000885183","TopoOH":"","StatutOH":"Validé","SourceNomOH":""},"geometry":{"type":"MultiLineString","coordinates":[[[1.469443708700318,44.580608659286554],[1.46901119434928,44.58034424685806],[1.468438397228368,44.5802354605111],[1.467805517852024,44.58001958886547],[1.467270788654672,44.57994734100338],[1.465513450091929,44.579988674596095],[1.463787577513412,44.58030864640772],[1.463167207458777,44.5803279305323],[1.462898566952595,44.58019993546533],[1.462353812631481,44.579571067010654],[1.461350189355401,44.57886107084093],[1.460744734455066,44.578472660366565],[1.460231368087956,44.57826471298359],[1.459672983789299,44.57818309414003],[1.458754053512683,44.57820269170446],[1.458108041690912,44.578377361414304],[1.45792165159269,44.57851342376625],[1.45735376587152,44.57873330019833],[1.456305610528051,44.57877898577903],[1.455565261229876,44.57862547101238],[1.455161545155076,44.57837041026327],[1.455094697219272,44.578281234489836],[1.455175078160198,44.57796811302157]]]}},{"type":"Feature","properties":{"CdOH":"05C0000002000885214","TopoOH":"Ruisseau de la Jonquière","StatutOH":"Validé","SourceNomOH":"IGN;BDCarthage"},"geometry":{"type":"MultiLineString","coordinates":[[[1.479410145867058,44.611988112010955],[1.478974298525653,44.6120703566462],[1.47787555396398,44.612053430301685],[1.477569083005981,44.61210593616242],[1.475000369276302,44.61316724297591],[1.474353319403649,44.61322764657183],[1.473523048756767,44.6127452608401],[1.472486831346531,44.612467120705716],[1.471846095822108,44.611922510699195],[1.47153221689145,44.61150397485755],[1.471079660846417,44.61122578714819],[1.470051873931672,44.61091712594748],[1.469026039028483,44.610490526334786],[1.466279955179699,44.609866277073905],[1.465159027467009,44.60913757913086],[1.464351525093732,44.60842583089446],[1.463719521898131,44.60816672931483],[1.462597251374377,44.6079521296382],[1.461795991086831,44.607475460460165],[1.461672424598154,44.60724593277703],[1.460906377921191,44.60640327372026],[1.460490611907122,44.60570415488297],[1.460326335228671,44.60493470357044],[1.459953084825369,44.60411011560655],[1.459082673368527,44.602984156454774],[1.459055599455134,44.60240660640304],[1.459140700802663,44.602013406856045],[1.459048316210441,44.601658251710084],[1.458416409463096,44.600938102961216],[1.457882636300187,44.600455231317945],[1.456845135447136,44.5992674949162],[1.456576066728086,44.599060241233445],[1.456513702755746,44.59885227255987],[1.455983140404572,44.59820736011407],[1.455691780033099,44.59734158272729],[1.455371816764317,44.59673832868104],[1.455371904183357,44.59494018406022],[1.45550075810421,44.59446836266334],[1.455414285367268,44.59408267330916],[1.455551726936579,44.59352723278056],[1.45548280781388,44.59300672558705],[1.455989198553848,44.592138592531256],[1.45610300957821,44.59180162419665],[1.456385978180035,44.59177586385279],[1.456931145301207,44.59147013202314],[1.457011579925225,44.59110928585025],[1.457081740401144,44.5910319289528],[1.456893886849156,44.59075917909917]]]}},{"type":"Feature","properties":{"CdOH":"05C0000002000885155","TopoOH":"","StatutOH":"Validé","SourceNomOH":""},"geometry":{"type":"MultiLineString","coordinates":[[[1.484789102355524,44.48854236910864],[1.484052694537516,44.48800192784365],[1.483483101495836,44.487901358645374],[1.482502896680968,44.48754123134718],[1.481747156405332,44.48687895753847],[1.48150899677436,44.48656774985032],[1.480526224904237,44.48578979443147],[1.480285875509175,44.48551366862094],[1.479913160664151,44.48501512567276],[1.479755800580289,44.484599683766945],[1.479389166565588,44.48406250672897],[1.479191799842698,44.48363840909213],[1.478737996376605,44.48306941506283],[1.478574824648637,44.482636784313634],[1.47854316798344,44.482364434009995],[1.478665531474325,44.481369406056615],[1.478401800453982,44.48079492943509],[1.478114925491645,44.480426318807176],[1.477450877123029,44.48019385959056],[1.477259899150764,44.48004716263194],[1.476477741267644,44.47897121561048],[1.476315533557644,44.478877136234885],[1.476080598702007,44.47886848762829],[1.475909937059699,44.47894806324119],[1.475664100536576,44.47892395670061],[1.474704323599579,44.47846680049183],[1.473294970322067,44.4780799444137],[1.47171349497435,44.478199397136535],[1.471293720103902,44.47832953547855],[1.471092641405238,44.478278127488196],[1.47083344176928,44.478376275999246],[1.46973276598765,44.478526676819975],[1.469594863025456,44.47878947378312],[1.469092764022433,44.478801412408735]]]}},{"type":"Feature","properties":{"CdOH":"05C0000002000885178","TopoOH":"","StatutOH":"Validé","SourceNomOH":""},"geometry":{"type":"MultiLineString","coordinates":[[[1.493368277488333,44.57315171021706],[1.49333141872661,44.573022449257174],[1.493376615599949,44.57283938274851],[1.493544252423333,44.57245809592941],[1.49350381713545,44.57213249764175],[1.493401115063981,44.57187448095902],[1.492588325936331,44.57070726951533],[1.492405030256382,44.57011860335867],[1.492124956960316,44.56980504043242],[1.491220515436573,44.569288461703024],[1.490886696654287,44.568818391158324],[1.49056973875143,44.568518726759216],[1.490372972575132,44.56801090978764],[1.490457231207082,44.5678274782729],[1.490447827443184,44.56761395360996],[1.490225304522097,44.566797845812076],[1.490686595665122,44.56579749788438],[1.49040712622388,44.56527414466868],[1.489991067407837,44.56481915488922],[1.488831029846844,44.56416219975821],[1.488567890663029,44.56392359319718],[1.487001587368175,44.563435736264616]]]}},{"type":"Feature","properties":{"CdOH":"05C0000002000885156","TopoOH":"","StatutOH":"Validé","SourceNomOH":""},"geometry":{"type":"MultiLineString","coordinates":[[[1.496617788350046,44.518742723402646],[1.496386480065684,44.51816602606038],[1.495852076132268,44.51729887465579],[1.495836202272719,44.51718611007646],[1.495897411981122,44.51710861086041],[1.495821252492696,44.51680234205198],[1.495475260610903,44.516090822678],[1.495163692297155,44.51564628576834],[1.494937840872799,44.51552705581447],[1.49437334547221,44.51531856902232],[1.494026900336469,44.51528592940682],[1.494014516536774,44.51518401685851],[1.49336464795724,44.51515713786366],[1.49283721260113,44.51502208034484],[1.491677836217984,44.5144245896381],[1.489437693050293,44.5138690207273],[1.488305483934943,44.51381029673269],[1.487383629490671,44.513931820995666],[1.487257338177751,44.51399581787487]]]}},{"type":"Feature","properties":{"CdOH":"05C0000002000885208","TopoOH":"le Tirelire","StatutOH":"Validé","SourceNomOH":"IGN;BDCarthage"},"geometry":{"type":"MultiLineString","coordinates":[[[1.507857307657391,44.636698909777515],[1.507370549973004,44.63636458511814],[1.507221093006807,44.63615096734855],[1.507002580372058,44.636068779698526],[1.506506524210234,44.63551462158577],[1.505774964982523,44.63547232297344],[1.505665287505001,44.63551856343492],[1.505401479325431,44.635860761813596],[1.504686901454058,44.636033887602615],[1.504066189746281,44.636091223225165],[1.503743026027057,44.63600851367635],[1.502635054911024,44.63598901355673],[1.502121057485385,44.63611171364883],[1.501147349856091,44.636117428426736],[1.500189462263343,44.63623950441774],[1.499331243160605,44.63654931349058],[1.498299823909322,44.637111585373276],[1.498034501499481,44.63717731488406],[1.497790615118332,44.63743242504349],[1.497730372800044,44.63761079200182],[1.497873798532246,44.63795490343685],[1.497800398086782,44.63857970463196],[1.497485262804119,44.6390472482407],[1.496528052023486,44.63947274749385],[1.495947359057651,44.63996639051046],[1.494921004572062,44.64061874487934],[1.493458979025015,44.64166854903418],[1.49314981053335,44.642052422722934],[1.492977146990735,44.642472372343086],[1.492643576929864,44.64296666544053],[1.49203724561314,44.64418028599353],[1.491752458396609,44.64450055818884],[1.490854786484104,44.64509970619263],[1.490550184895036,44.64592394784909],[1.490164515259491,44.64610147140655],[1.489819719251025,44.64691885981415],[1.489798256518802,44.64706083530929],[1.489944258840315,44.647449115063004],[1.489813667745609,44.647662535719036],[1.489860736554529,44.64802425255],[1.489153373994303,44.64890872341974],[1.489075108041128,44.64933446037447],[1.488541981889204,44.64992956719418],[1.488558033523702,44.65031877460478],[1.488654051481429,44.65045425155828],[1.488534780002091,44.650527357852],[1.487778347971075,44.65065298398534],[1.487525491451637,44.65076838406813],[1.487083570492294,44.65120715543393],[1.486319798949554,44.65216917678331],[1.486097490113529,44.652321009312665],[1.485975289022449,44.65254984844701],[1.48570066899348,44.65267665238252],[1.485546429375574,44.65287713893029],[1.485278913137359,44.65302114743791],[1.485168198532667,44.65319791775441],[1.484803560531234,44.65338831818136],[1.484299105843072,44.653852335485084],[1.483917730213419,44.6541019326679],[1.483718667899659,44.65437383757505],[1.48273183202682,44.65532377432207],[1.482542772558896,44.65541122469611],[1.482056053828296,44.65535592285503],[1.481781241392154,44.65539537231771],[1.480751705302629,44.65582155128502],[1.480616355484811,44.65602229100152],[1.480215327586212,44.656344541691425],[1.48015520237386,44.65656252234751],[1.480009445750517,44.65672800130436],[1.479601959925337,44.65700874101108],[1.479449609165248,44.65704446534369],[1.479239644777404,44.65743867289216],[1.478508503153095,44.658212001704904],[1.478327266331207,44.65861650781592],[1.477855134249391,44.65876758929637],[1.477793527041096,44.65885318385673],[1.477824465346987,44.658968865992456],[1.478244521216703,44.65934472644561],[1.478398771815473,44.65970612415285],[1.478507079554058,44.65980666236567],[1.479602852303648,44.66043582877879],[1.479856877837467,44.66051315594754],[1.479936352787682,44.66060699343622],[1.480161963166192,44.66127011644881],[1.480349683286879,44.66137354470793],[1.480657698255501,44.6616947306929],[1.481200587420187,44.66247656474985],[1.482184810109102,44.66429905927332],[1.482381835204413,44.66452597217053],[1.482385845992219,44.665220267752204],[1.482506984337531,44.665735181300256],[1.482257503390268,44.66679968349747],[1.482416045952963,44.667237672481214],[1.482235002594422,44.6676818085216],[1.482440919447361,44.668047511603525],[1.482149042941063,44.66824970911734],[1.482007413578271,44.66905726433377],[1.481191917096051,44.669444969033435],[1.480738974907843,44.67028516751128],[1.480800610037069,44.67047960927297],[1.481096260891841,44.67046565950384],[1.481187759645719,44.67053534930267],[1.48131125173666,44.67100977751352],[1.481796407731068,44.671455852372105],[1.481614521176452,44.67188376878932],[1.481208677364589,44.67252111597666],[1.480982537518682,44.67276473345968],[1.480967592599405,44.67289779410623]]]}},{"type":"Feature","properties":{"CdOH":"05C0000002000885204","TopoOH":"le Rêt","StatutOH":"Validé","SourceNomOH":"IGN;BDCarthage"},"geometry":{"type":"MultiLineString","coordinates":[[[1.489409269869522,44.715414656381654],[1.488245567843661,44.71529612261849],[1.486451389275162,44.71387410261667],[1.486189038614798,44.71329872585495],[1.485930386492882,44.71244515791782],[1.485200219052429,44.71118803827007],[1.4849490012094,44.71043452072847],[1.484543185010386,44.70965457444556],[1.48443527845856,44.70901917628996],[1.483688641107524,44.70795451926842],[1.483678216472613,44.70763831650915],[1.483583444759391,44.70740650182001],[1.482137075226837,44.705836096955544],[1.481430861402846,44.705382487753425],[1.481208917103217,44.7049040026972],[1.48122763626545,44.7042568321556],[1.480751095744765,44.703200362908404],[1.479813944872621,44.701715254326174],[1.479794102607955,44.70137461001138],[1.479600375395032,44.700647083653735],[1.479712079112497,44.69964281049904],[1.480241191371866,44.69963836995766],[1.480668732088106,44.69834488428944],[1.480832554739714,44.698122019363545],[1.480916117675862,44.69787914332838],[1.481256691498666,44.697562354829856],[1.481462689484632,44.697273434236536],[1.481724357918764,44.69651163885763],[1.482164370122656,44.69601792223063],[1.482397832766244,44.695974299785604],[1.482541207813628,44.695760156891005],[1.483435142825812,44.695239340754405],[1.483634397788871,44.694918808445834],[1.483968921440817,44.694637947575785],[1.483969400352659,44.69447947469618],[1.484038923700824,44.6943822777006],[1.484805695536183,44.69361298601781],[1.484927013749513,44.693279678989896],[1.485069094667402,44.69320688629707],[1.485352637969603,44.69289650947427],[1.485539251649636,44.69252897787126],[1.485662600585823,44.691838219342095],[1.485585932841416,44.691356330060756],[1.485602401214878,44.690884719664076],[1.485086240980848,44.69022302912191],[1.484777179152839,44.68960559226937],[1.484334984805219,44.68910429039191],[1.484412771889527,44.688934270219576],[1.484750753476281,44.688711084251565],[1.484706742355741,44.68837641505047],[1.485048248675125,44.68792816430285],[1.484986087300652,44.68761125585524],[1.48520633911765,44.68721267050226],[1.485524575698969,44.68692528040513],[1.485060628455302,44.686388566566876],[1.485139698430389,44.68626448656194],[1.485102606531459,44.68600104794791],[1.484578846574013,44.68567061645724],[1.484542014567286,44.685209983087354],[1.48438251772754,44.68499259181882],[1.483658703731181,44.68426411929865],[1.48302355377978,44.684040207800635],[1.482929723541646,44.683868736911],[1.482886091684331,44.683567389160544],[1.482427177395797,44.683501667491164],[1.48229047804783,44.68342235432862],[1.482119056261944,44.683039113791125],[1.481698943439679,44.68265786400794],[1.480925121644555,44.68153969382222],[1.480565464001649,44.68121059505619],[1.480497339842978,44.68102236656407],[1.479582249298501,44.680323656575986],[1.479547949924419,44.680144896705684],[1.479625982028773,44.67996587932831],[1.480104965850112,44.67956725782777],[1.480104798459389,44.67947991215275],[1.479892393905322,44.6793536333335],[1.479253885849881,44.67874246123714],[1.47855188469334,44.678426659537486],[1.478374962793857,44.678201816421755],[1.477874724964573,44.677892386361776],[1.477663963520034,44.67733211031524],[1.476709922199219,44.676210530772735],[1.476405966474001,44.67545717430442],[1.475732092040245,44.67489682012702],[1.47576912890264,44.67404100577364],[1.475205525302104,44.673556904385514]]]}},{"type":"Feature","properties":{"CdOH":"05C0000002000885225","TopoOH":"Ruisseau de Bellefont","StatutOH":"Validé","SourceNomOH":"IGN"},"geometry":{"type":"MultiLineString","coordinates":[[[1.467156490971379,44.49000944809492],[1.467311669465577,44.48976039815608],[1.467275974267788,44.48959243119662],[1.467131744538832,44.489391442551025]],[[1.467156490971379,44.49000944809492],[1.466902614518554,44.48958454103927],[1.467131744538832,44.489391442551025]],[[1.467131744538832,44.489391442551025],[1.467018595312191,44.489157571604416],[1.467054227601894,44.48891046203419],[1.466955374151395,44.48865968250553],[1.466503264614173,44.48812397340134],[1.466469759723174,44.48773634378687],[1.466495736937207,44.48761335281537],[1.46672328599006,44.48733919919728],[1.466859148172769,44.48696742998203],[1.466982069408748,44.486423508192736],[1.467014745565717,44.485728869018395],[1.467256624328495,44.48497231036735],[1.467315665533492,44.48488219256254],[1.467656573129769,44.48478698759691],[1.468079868316543,44.48452905700602],[1.468311696560434,44.48386419573599],[1.468714837067189,44.4838391811157],[1.469082889854298,44.48362369807221],[1.469427621503503,44.48357265946087],[1.469744504124159,44.48338887774269],[1.469926049503908,44.48304745214507],[1.470185789017658,44.483023143743104],[1.470376932803084,44.48241984068948],[1.470361719105848,44.48233139264628],[1.470152293823361,44.482123201530314],[1.470356467473779,44.48187482829863],[1.470260101666746,44.481624987406654],[1.470354719511244,44.48142821678937],[1.470147427432244,44.48132720020357],[1.470240281894172,44.48124205204556],[1.470256166260824,44.481119821060965],[1.470140696922217,44.48101827738332],[1.469861388042436,44.48102250570284],[1.469761498070179,44.480763611745004],[1.469582364231027,44.48059815763243],[1.469320009667638,44.48058011040349],[1.469299428302015,44.48050419303296],[1.469382113839067,44.480376586748434],[1.469050934342674,44.48002084248512],[1.468944447271593,44.47977356114008],[1.468997581371355,44.47957621586686],[1.469272783459501,44.47930542126006],[1.469108960210931,44.47880703951262],[1.468715554752709,44.47870613744907],[1.468975331286746,44.47821543764445],[1.468470766806662,44.47804006080427],[1.468430809247345,44.47761182702022],[1.468159299476842,44.47742167780379],[1.468149981776317,44.47716223998218],[1.467897454694802,44.4770605906888],[1.468064018661015,44.476854017490204],[1.468332478931837,44.476738897067364],[1.468402273511307,44.47662281760374],[1.468298336404887,44.476467409636385],[1.468372156767433,44.47629556282213],[1.468387194171264,44.475879798059076],[1.468624390753989,44.47524742724181],[1.468488296582658,44.4746080713849]],[[1.477608661612037,44.51024355906714],[1.47726780162726,44.51014521515934],[1.476492135315449,44.509699620536466],[1.475781502561022,44.509455705117055],[1.475003335146983,44.50947646585952],[1.474659537151541,44.509347460024784],[1.474250207689452,44.509455249181286],[1.473979399310692,44.509419090033916],[1.473852109320561,44.509147213194254],[1.473494514233139,44.50878391212676],[1.473326402682247,44.50881219926371],[1.473121819366874,44.508653601238755],[1.472879757050098,44.50857822010764],[1.472456515569928,44.50813027096415],[1.472248277759101,44.50801393890294],[1.472131832269863,44.50776021798968],[1.471689654376092,44.50764064498765],[1.471534099378651,44.50753044363719],[1.471459788318799,44.507300715781675],[1.471140420222209,44.50715312913195],[1.470922820136431,44.50682507380964],[1.470277273011048,44.5064100504861],[1.470028462267058,44.506166197028385],[1.469180768909666,44.50578257844491],[1.469418742482801,44.5054509361817],[1.46937643582958,44.50524776218961],[1.469188090584964,44.50504796426512],[1.468954888369168,44.50459993716136],[1.469059986933648,44.504342984665826],[1.469024928954324,44.5039652362148],[1.469173971137311,44.503711594666385],[1.469085411913421,44.50345105454203],[1.469093542967169,44.50310451869658],[1.468964837957372,44.50283981987763],[1.469109264996631,44.5026635477156],[1.468688663907392,44.50188878081335],[1.468551555826701,44.50179503822506],[1.46848444420809,44.501578914380616],[1.468221973033867,44.50123672527259],[1.468022157751242,44.5011358086059],[1.467935197371863,44.50100224427791],[1.467900824033017,44.50083159403825],[1.467978523429273,44.50065709794519],[1.467777133013946,44.50038238457037],[1.467728559684229,44.50013230317518],[1.467176193608543,44.498790258749956],[1.466860254851336,44.49842571432578],[1.46676642813573,44.498128183681644],[1.466773303312721,44.49764297193003],[1.466344262154137,44.49685727486274],[1.466276957745018,44.496602430729304],[1.466376466433307,44.49590241504005],[1.466621692161525,44.495395306556766],[1.466961016063905,44.494943528527024],[1.467172620901009,44.49395964921872],[1.467167710197832,44.49321316357345],[1.466893285368337,44.49289601647527],[1.466670235210494,44.49244722664032],[1.466849546081131,44.49167989222676],[1.466820443521332,44.4913616528013],[1.467257387192684,44.49041692232966],[1.46721308591841,44.490334371962945],[1.466955057166197,44.490247950760256],[1.467156490971379,44.49000944809492]],[[1.481504665265297,44.51135339983436],[1.481421382198897,44.51126851769271],[1.48109352331402,44.51115415771244],[1.480739587814129,44.51116729258989],[1.480033227213554,44.5108100150114],[1.479452547561272,44.510785807237696],[1.477608661612037,44.51024355906714]],[[1.481504665265297,44.51135339983436],[1.480643989821849,44.51130643655799],[1.478640534719093,44.511034825742335],[1.478330379012432,44.51068389977846],[1.477720715113718,44.51042788366165],[1.477608661612037,44.51024355906714]],[[1.477816331075024,44.53877625530171],[1.477982194751626,44.538554343292134],[1.479423163712923,44.53731004411727],[1.480168016828221,44.53582834516618],[1.480353568380276,44.53529516420867],[1.480856489492631,44.53475644703004],[1.481111506458161,44.534214316835715],[1.481201530107257,44.53381578010713],[1.481014577354553,44.533184731825926],[1.480552517902682,44.53257960963072],[1.4807971204023,44.53219040445512],[1.480588352574193,44.531481621566684],[1.479864136514465,44.530702713015145],[1.479124299707329,44.53013067509439],[1.478654777005266,44.52966410294906],[1.478267276922668,44.52900327420667],[1.478456156427312,44.52773902434524],[1.479049053571774,44.52633447978908],[1.47916080936772,44.525876819589556],[1.479413700029362,44.52527253928822],[1.479899269039618,44.52462734450398],[1.480447002438122,44.524197297058755],[1.48149700602547,44.52371653411524],[1.482585723219299,44.52301209653183],[1.482637542290137,44.52272288322645],[1.48282249752145,44.52230314294063],[1.484103846582698,44.52098457254533],[1.484858534768319,44.52057805638687],[1.485610630146946,44.52026784132831],[1.485831572811082,44.519772057649796],[1.486769053799774,44.519070908839495],[1.486832785465612,44.51889980859653],[1.486627757799682,44.51866109531642],[1.487402655449077,44.517873975953684],[1.488113041169459,44.51564084673337],[1.48812852188601,44.51520347093812],[1.488019195281407,44.514915650056594],[1.487346003038637,44.51406816390371],[1.486915983137595,44.513679603890424],[1.486629677731863,44.51351630914496],[1.486068845168932,44.51340777247204],[1.484370427415437,44.51325390036869],[1.482144630258213,44.51319899429122],[1.481555628226392,44.51306213502827],[1.481014828100194,44.511834667087335],[1.481547746058921,44.511435927889515],[1.481504665265297,44.51135339983436]]]}},{"type":"Feature","properties":{"CdOH":"05C0000002000885177","TopoOH":"","StatutOH":"Validé","SourceNomOH":""},"geometry":{"type":"MultiLineString","coordinates":[[[1.474133005261207,44.602454637767785],[1.47369364789903,44.602296399264866],[1.472932039345863,44.60226336727344],[1.472709757763554,44.60218736133294],[1.472632433776818,44.60211065722248],[1.472571119159315,44.601768549868964],[1.47240459544294,44.601355655766184],[1.472265727065973,44.60117815383086],[1.472344468596409,44.600876700691735],[1.472646057786222,44.60039734309394],[1.472653654165078,44.600163338543666],[1.473294173386439,44.59936091014558],[1.473221833021302,44.59886738053226],[1.473026243570387,44.59859725307451],[1.47300759542277,44.59761013456813],[1.472152967386682,44.596035192018434],[1.471248473967193,44.5949070618456],[1.470858581119705,44.59422815299742],[1.470764369752967,44.59398463632424],[1.470766152873941,44.593407492186]]]}},{"type":"Feature","properties":{"CdOH":"05C0000002000885231","TopoOH":"Ruisseau d'Auronne","StatutOH":"Validé","SourceNomOH":"IGN;BDCarthage"},"geometry":{"type":"MultiLineString","coordinates":[[[1.3590583517100083,44.45],[1.358843000230558,44.450331687103365],[1.357865390040452,44.45101312856759],[1.357571839726743,44.451382417118396],[1.35664735273266,44.451748602608525],[1.355657204503356,44.452340699898336],[1.355218429107175,44.45247281366849],[1.355015427115932,44.45262375135817],[1.35429671730367,44.454038345116416],[1.353875061533455,44.45461820508219],[1.353899690560294,44.45480855595468],[1.353983195822578,44.45491965099498],[1.353797289060078,44.4556056760732],[1.353720582119277,44.4557792069354],[1.353596363465046,44.45585748674116],[1.353544623418775,44.45625288742546],[1.353283088895238,44.45655691562629],[1.353131395632537,44.45693101438115],[1.353633872313186,44.45698714157984],[1.353715284077086,44.457170237196706],[1.353362662412406,44.45848675025603],[1.353648398270602,44.45903575726801],[1.353989750184881,44.459401913346234],[1.354138683347409,44.45968416007416],[1.354423574264537,44.45983067568632],[1.354676499137224,44.46012527872846],[1.354687204828665,44.46036224257754],[1.35511501962925,44.46108444154904],[1.355381148405924,44.461227973495305],[1.356778855629059,44.46262372085489],[1.357702876425096,44.463102094311964],[1.35810489434399,44.46354567493625],[1.358161372491839,44.464111964922694],[1.358536866796172,44.46568604724569],[1.358553356220286,44.4660275432056],[1.358723227593286,44.466369521905],[1.358649949605992,44.46694468524987],[1.359267838066599,44.467793052659125],[1.359409631083667,44.46823635750815],[1.359546662856872,44.46836715335332],[1.359552252569773,44.46886785771191],[1.359787632965212,44.46929274586386],[1.360645691591928,44.46970888568978],[1.361205381174685,44.47009447280452],[1.362436530367568,44.470567465915124]]]}},{"type":"Feature","properties":{"CdOH":"05C0000002000886376","TopoOH":"Ruisseau de Bondoire","StatutOH":"Validé","SourceNomOH":"IGN;BDCarthage"},"geometry":{"type":"MultiLineString","coordinates":[[[1.3003669948412806,44.45],[1.300377040518942,44.4504765784293],[1.300138154566684,44.45131477325399],[1.300055556163946,44.45197169575807],[1.300068935142439,44.45223752177079],[1.300311324692727,44.453081338466994],[1.300273117258635,44.45347422674017],[1.300564315093233,44.454367417791325],[1.30033838121315,44.455359783956595],[1.300262215931546,44.45626261820288],[1.300352563764005,44.45677004025312],[1.300727682089147,44.456795632545244],[1.300816304112452,44.45736065373535],[1.300716984047685,44.45828114025123],[1.300554012394686,44.45847491681542],[1.300249178153679,44.45866200377443],[1.300114240086596,44.45888502508749],[1.300708247134789,44.460203377344186],[1.300753047341532,44.460469688506684],[1.30061022199504,44.46145703636458],[1.300656634659074,44.462088038363554],[1.300777648961191,44.462328512229924],[1.300623433408761,44.462607062887926],[1.300636962999389,44.462993547227576],[1.300420627089223,44.463665519742094],[1.300545896136771,44.46405732850482],[1.300477181832578,44.46450287277012],[1.300400530467017,44.464626848155625],[1.299938280406879,44.46494656997817],[1.299610103122715,44.46503064946143],[1.298839916498199,44.465053883755836],[1.296996491313667,44.4644752718512],[1.296459898684144,44.46413202852664],[1.296031435693138,44.46424786285891]]]}},{"type":"Feature","properties":{"CdOH":"05C0000002000886375","TopoOH":"Ruisseau de la Combe de l'Île","StatutOH":"Validé","SourceNomOH":"IGN;BDCarthage"},"geometry":{"type":"MultiLineString","coordinates":[[[1.282340301521896,44.45167273716699],[1.283097163054816,44.45274521225518],[1.284480451178294,44.454385687998794],[1.285203078945471,44.45538738388202],[1.285141189923405,44.45572857713214],[1.285328156714479,44.456278935475076],[1.286016309749859,44.4569676473273],[1.285973361018856,44.45747211016513],[1.286139112468467,44.45793479754734],[1.287157886683629,44.458998711281176],[1.288528856760679,44.46005817954186],[1.288682989061208,44.46040723090682],[1.289339785363062,44.461054916533776],[1.289420397909806,44.46154869275653]]]}},{"type":"Feature","properties":{"CdOH":"05C0000002000882937","TopoOH":"l'Alzou","StatutOH":"Validé","SourceNomOH":"IGN;BDCarthage"},"geometry":{"type":"MultiLineString","coordinates":[[[1.57,44.79918328464467],[1.569753335505123,44.79946016393666],[1.569602520133008,44.79977068059345],[1.569614641021778,44.79984107333894],[1.569880968839103,44.800011094647864],[1.57,44.80028972430412]],[[1.57,44.80159205975428],[1.569945282914188,44.8016093523368],[1.569910518318459,44.80178269419511],[1.57,44.80210016574052]],[[1.57,44.80321865186278],[1.568419391308258,44.803320363845025],[1.567805803122374,44.80352495196788],[1.566975161935221,44.80356104610652],[1.566456853830945,44.80369932288451],[1.566126796522427,44.803647331115805],[1.565996073889825,44.80341692186684],[1.565326677488692,44.803379449157894],[1.564665440690137,44.80262620541958],[1.564456266102584,44.80249653185447],[1.56465274920164,44.80208305866735],[1.564562312145597,44.80195942440207],[1.56439904872938,44.80141883096808],[1.563975721445814,44.80125576804641],[1.563763774371588,44.80093785938175],[1.563326338776279,44.80073318967501],[1.562527393909556,44.80066880813967],[1.562230831347627,44.80054430078046],[1.562050065342949,44.800293427681076],[1.56189668531202,44.79991144106633],[1.561668521347696,44.79968426530995],[1.561435911646452,44.79923551622196],[1.55965660677193,44.7991304769746]]]}},{"type":"Feature","properties":{"CdOH":"05C0000002000885206","TopoOH":"le Foulon","StatutOH":"Validé","SourceNomOH":"IGN;BDCarthage"},"geometry":{"type":"MultiLineString","coordinates":[[[1.538150626555596,44.663613842556245],[1.538176856508596,44.66372134023866],[1.538021676034429,44.6641100760053],[1.53726074200745,44.66562174424633],[1.537105101834244,44.666319320700886],[1.536946431977647,44.66776511512421],[1.536786495147127,44.66789896512033],[1.536270737689352,44.66808123346635],[1.536028806924417,44.66831124420534],[1.536254554065179,44.66875274112471],[1.535093574292898,44.66933976434058],[1.534457439534555,44.66973473354612],[1.533884241772458,44.67023228212671],[1.533320320574215,44.670857812385286],[1.532609525799526,44.67121126239681],[1.532595148658451,44.671327227588534],[1.532741269883155,44.67177307892854],[1.531415226345072,44.67292785111836],[1.531242981359148,44.673000300860544],[1.531033913068832,44.67293629595049],[1.53033898371818,44.673308851938636],[1.529847966844973,44.67331403468886],[1.529574683527759,44.6733896415507],[1.529245371337506,44.67367790601186],[1.528660131203013,44.67400508715873],[1.52753843703135,44.67501306043337],[1.526544468258982,44.6756715541087],[1.525474197378388,44.67591752323787],[1.525097074688158,44.676102489253104],[1.524942380248873,44.67627511187782],[1.524469104402764,44.676228282295334],[1.52394481308109,44.67634645050884],[1.523407629307147,44.676715666106304],[1.522882247851538,44.67677888819377],[1.52229675980932,44.677160960352715],[1.522071105945538,44.67748840723623],[1.52210302912314,44.677618496586355],[1.521939069194748,44.67771085260256],[1.521849362023393,44.67785912696697],[1.521873815688688,44.67812958489959],[1.521644181039347,44.67822376455674],[1.521667234958787,44.678403259663675],[1.52145649413088,44.67883535559411],[1.521325260121908,44.67893084937249],[1.521173061645981,44.67881536033194],[1.521010878221937,44.67888792918381],[1.520325938130934,44.6802681492247],[1.519930469632139,44.680765305546835],[1.519958448275453,44.68109343954738],[1.520221149448929,44.68147063488916],[1.520455452847723,44.681968108807695],[1.520390787644338,44.682171643964395],[1.520498577676668,44.68296907355026],[1.520111041524859,44.68359600063678]]]}},{"type":"Feature","properties":{"CdOH":"05C0000002000885154","TopoOH":"","StatutOH":"Validé","SourceNomOH":""},"geometry":{"type":"MultiLineString","coordinates":[[[1.52376670072732,44.532557364021585],[1.524263503961118,44.53353642359488],[1.524624827257349,44.53377535398508],[1.525480335341441,44.534034391571],[1.526275795628886,44.5344240770526],[1.527200561010669,44.53502076996957],[1.528025355177287,44.536121238364395],[1.528619469366604,44.53651002236191],[1.528931017487631,44.53696976991136],[1.528985294257014,44.5371091526539],[1.528941570800789,44.53757947192163],[1.528724149724854,44.53795203540211],[1.527525866482041,44.53900751840863],[1.527339292763992,44.53959658397529],[1.52753896796662,44.540001720640966],[1.528065547167695,44.54071284603452],[1.52827711012241,44.54143507640755],[1.529033565515932,44.542698498247276],[1.529209318265831,44.542862909721265],[1.529252767807445,44.543128202685935],[1.53027448908942,44.54329577576868]]]}},{"type":"Feature","properties":{"CdOH":"05C0000002000885147","TopoOH":"","StatutOH":"Validé","SourceNomOH":""},"geometry":{"type":"MultiLineString","coordinates":[[[1.527615117299885,44.65730437669408],[1.526514691644477,44.65828289795787],[1.526021733454868,44.65836727394778],[1.525499065414213,44.65867095673179],[1.524270562926109,44.66034648425061],[1.524211900331912,44.66070767500883],[1.524137820273175,44.66079042682452],[1.523432905545897,44.66116280312786],[1.522736023249615,44.661420927537314],[1.522393648499338,44.66177562737294],[1.521436003424279,44.66245076250082],[1.521099407619438,44.66248858363132],[1.520392657203903,44.66307341896612],[1.519930935121783,44.66326353707955],[1.519407683338452,44.66382650967582],[1.518202196949849,44.66490349637151],[1.517463410496141,44.66574450904409],[1.517243298861442,44.66629352562198],[1.517225888252839,44.66695511182901],[1.516950636216622,44.66777712144766],[1.516298192319764,44.668691320193446],[1.516516325512298,44.67075804443425],[1.516548795765996,44.67168142716197],[1.516491114762003,44.67200301013619],[1.516271523017467,44.67238725353933],[1.516408419653684,44.67255567001748],[1.516330155772623,44.672940007649395],[1.515934751090715,44.67415389719327],[1.51560099619786,44.67456001988788],[1.51553916213815,44.674847330471124],[1.515601703685552,44.67525156569861],[1.515558601845741,44.67554633117261],[1.51469699988524,44.67692234495449],[1.514134176864391,44.67716060869434],[1.513848443203945,44.67746742303234],[1.513921670480141,44.679475486075376],[1.513762651088294,44.680480042398216],[1.513544664925897,44.68070582636795],[1.513522396712237,44.680927936019145]]]}},{"type":"Feature","properties":{"CdOH":"05C0000002000885219","TopoOH":"Ruisseau de Nadillac","StatutOH":"Validé","SourceNomOH":"IGN;BDCarthage"},"geometry":{"type":"MultiLineString","coordinates":[[[1.520749985942308,44.56122685637071],[1.5212848064676,44.56061814776615],[1.521653281352356,44.56030163965928],[1.522283034924068,44.5599625155043],[1.523123749855533,44.55969463953135],[1.523450697290635,44.559520733256484],[1.52375467777654,44.55916553956644],[1.523858686991047,44.5589445323076],[1.523864793891865,44.55885547481688],[1.523743928023609,44.55870979587731],[1.523198402922034,44.55842968198573],[1.522208850956313,44.557697028084746],[1.521874791556408,44.55732519581752],[1.521480617432253,44.55718125799416],[1.52123369093105,44.55694474923393],[1.521457444210241,44.55590238706208],[1.521381706694146,44.55557272891888],[1.521460013912614,44.555323467815356],[1.521626296769298,44.55508078694645],[1.522091373561272,44.554632313602724],[1.52203615951731,44.55409584021576],[1.522140536704809,44.553716370708884],[1.522306707532945,44.55342956829686],[1.522804470015846,44.55298243032097],[1.522823895786576,44.552865639085645],[1.522748502565202,44.55271516517732],[1.522902852275714,44.55259117505174],[1.522924208752051,44.55240057742405],[1.523156158705499,44.552005706394645],[1.522985115444051,44.551708990075696],[1.522855373507797,44.55108508314955],[1.523122820013794,44.55077712501087],[1.523158919425731,44.550359825858365],[1.522901984747235,44.5499773237959],[1.52251006314861,44.54970106192598],[1.522368178976943,44.54944525262931],[1.522851433898565,44.548636864433234],[1.522830998449695,44.548262928539835],[1.522696712917519,44.548101762550466],[1.52274305840485,44.547726019070204],[1.523030835881667,44.547602913998894],[1.523169891459619,44.547437301368085],[1.523247922230129,44.54710159885692],[1.523241855189096,44.54694845124949],[1.522920657599555,44.54627966611093],[1.522562872507805,44.54604707996113],[1.522355084435546,44.545615713181554],[1.522474230610289,44.5452004269752],[1.522765609280523,44.54498733205432],[1.522804547148294,44.54484649178637],[1.523127255237813,44.54478327992617]]]}},{"type":"Feature","properties":{"CdOH":"05C0000002000885221","TopoOH":"la Rauze","StatutOH":"Validé","SourceNomOH":"IGN;BDCarthage"},"geometry":{"type":"MultiLineString","coordinates":[[[1.487100464783772,44.5772736501689],[1.486889288322623,44.5762226808226],[1.48674300854941,44.575852409500676],[1.486294080243817,44.57530601286115],[1.485767028039702,44.57494852981237],[1.485614061870353,44.57473393617351],[1.485523639053381,44.5743950429909],[1.485709938965171,44.57411847036068],[1.486371081602012,44.573468432949525],[1.486525849583166,44.573240049102985],[1.48708784658564,44.572716507303134],[1.487338628010919,44.57228954694524],[1.487346188520569,44.57210146522562],[1.487240263255722,44.571776768112215],[1.486911131385706,44.570991606339206],[1.486966877064675,44.57050975157233],[1.486661659400278,44.569490811044005],[1.486660338935209,44.56907030286948],[1.486912156607209,44.56794644377004],[1.486349685396107,44.566281988987285],[1.486555946656532,44.566199277105184],[1.486747148861207,44.56559772479972],[1.486783083829357,44.56510299411148],[1.486922247319485,44.56475104148256],[1.48674641945557,44.5642155925064],[1.486763557702965,44.56390518758005],[1.486932383868896,44.56362117195531],[1.48708808479491,44.563074958552704],[1.487028213846114,44.56234841228297],[1.486738855863809,44.56167904885981],[1.486735246853922,44.56139087007135],[1.487280005094333,44.559626339104724],[1.48790642711241,44.5586669850809],[1.488065048433972,44.55824596768016],[1.48867720785046,44.55748900543507],[1.488912255055572,44.55731754409282],[1.489746733022191,44.556957994541456],[1.489779137976844,44.556546954134134],[1.490021128812412,44.556068548652505],[1.490948136158393,44.555308676956436],[1.491587070617148,44.55496084825198],[1.491634999561492,44.55453381269287],[1.492614952855299,44.55428877984403],[1.49366519048366,44.55367463294786],[1.494741692321597,44.55368030937513],[1.495215707476891,44.5534238536455],[1.495747836515491,44.55334916791421],[1.496675314328634,44.55308717759604],[1.497056770590258,44.55309056962929],[1.497780980457741,44.55294285503788],[1.499532777215125,44.55288743914816],[1.499913362516733,44.5529709449277],[1.500340489834564,44.55324596591405],[1.501512309408035,44.553313197633614],[1.501709467362532,44.553286159964756],[1.502311610462064,44.552992695728875],[1.50278041192248,44.552883802612676],[1.503627076248778,44.553008729897954],[1.504007965304285,44.552985978713934],[1.504683707292167,44.552813251725645],[1.504984923008659,44.552422956655235],[1.505677034807825,44.552059561325166],[1.506060197337531,44.551712691230506],[1.505984687263169,44.55152078551562],[1.506042651450597,44.5513288850136],[1.50592360662823,44.551164302505086],[1.506036832023171,44.55102537276949],[1.505925745149707,44.550845591217644],[1.506051333382369,44.55052494880239],[1.50631858312247,44.55022783232296],[1.50658157143984,44.55004410747684],[1.50736386321275,44.5497449498705],[1.507400132548245,44.549659002234414],[1.507218152471185,44.54949357042661],[1.507231051421358,44.54943431873541],[1.507651364948378,44.549348160326254],[1.507733828898984,44.549181801421916],[1.507882451482082,44.54913248753577],[1.508332817495767,44.549338460677895],[1.509895877515768,44.54936857077276],[1.511056579582208,44.54904298005836],[1.511289244448828,44.54891015790621],[1.511430973699177,44.54874009354347],[1.511655206458239,44.54864047155911],[1.511793632406044,44.54845235436611],[1.512262621627714,44.54852530403283],[1.512308882649606,44.54848991162698],[1.512301605146344,44.54819268362794],[1.512366933888527,44.548102624119544],[1.512664856604963,44.548073323341534],[1.512828261375886,44.547892744601036],[1.51340051321843,44.547678054080365],[1.51434440153467,44.546881305934804],[1.51441334894008,44.546653533939335],[1.51426226904003,44.54636607647635],[1.514247700290818,44.54620200897325],[1.514551703594021,44.54570187988975],[1.516081220783148,44.54494450992409],[1.517957870061865,44.544678891647855],[1.518893362217146,44.54438981482757],[1.51906261177748,44.54427323370397],[1.519169648407312,44.54403246435216],[1.519716311823228,44.5439749674031],[1.519904231401566,44.54362633465369],[1.520357651395699,44.5433794029214],[1.520296419781804,44.543169691723655],[1.52033644088302,44.54308379067928],[1.521416043418326,44.5427227926458],[1.52213483314654,44.54291879783592],[1.522569608961511,44.54338381587149],[1.522593694115678,44.543521897819616],[1.522289184734176,44.5437078046139],[1.52251718942469,44.54399177788011],[1.522437822190247,44.54418610031725],[1.522699348346348,44.54419950445604],[1.522816640180214,44.54433613239968],[1.522951732712775,44.54432173285201],[1.523127255237813,44.54478327992617],[1.523640139361536,44.54476582916046],[1.524049171785383,44.54462723583225],[1.524530446769836,44.54432573561627],[1.524837703399444,44.54403451378531],[1.524999960967854,44.54365491664107],[1.525082755591192,44.54361820643815],[1.526149856131306,44.543542418580664],[1.527714581335973,44.54384061646616],[1.529765585984131,44.54345106954402],[1.53025467715012,44.54347649001829],[1.530340125796445,44.54343440892917],[1.530345032513884,44.54334263466601],[1.53027448908942,44.54329577576868],[1.530309156288021,44.54322150507495],[1.530445579500352,44.54315579202704],[1.53119174333533,44.543365607996826],[1.53150634517006,44.543516556375394],[1.531750835507961,44.54350720278386],[1.532287544707036,44.54305694246742],[1.532844757977044,44.54283475021598],[1.533821466351913,44.54221475390705],[1.534816620899761,44.54185340514488],[1.535702243781568,44.54158873695859],[1.53594952218099,44.54156860654363],[1.536092224359563,44.54160021167911],[1.53662382807662,44.541976418031254],[1.537068280590369,44.54182924297414],[1.537716402768537,44.54179010925925],[1.537847942922567,44.54171801988359],[1.538378548935307,44.541111883629895],[1.538919123712784,44.54080120342131],[1.539402759731763,44.5405987139528],[1.540925112505898,44.54019746521239],[1.541596055412471,44.540200028338376],[1.542344486866866,44.54046832359265],[1.542950649750916,44.540542053809546],[1.543554110347183,44.54037894398621],[1.544649879075441,44.540457322441014],[1.544924042821468,44.54061490210579],[1.545213967852965,44.540991482091876],[1.546090993963811,44.54149824719378]],[[1.546090993963811,44.54149824719378],[1.546297072702493,44.541855712356444],[1.546259869565309,44.542127138482996],[1.546133334117848,44.542249725192775],[1.54578177960778,44.542408064465235],[1.545649049134407,44.54257558827809],[1.545738380326125,44.54272442812474],[1.546391412878092,44.543228239959525],[1.547034943444685,44.54341678821749],[1.548375134797379,44.54329485866657],[1.548928165660818,44.543330941265666],[1.549641077856028,44.5431224164144],[1.549954584645656,44.54326879527325]],[[1.546090993963811,44.54149824719378],[1.545842064244457,44.54168044766005],[1.545317274917144,44.54181939607856],[1.545194838390603,44.541929430344304],[1.545154927291257,44.54220802356798],[1.545026430148151,44.54250435742292],[1.545063178578235,44.542641700202616],[1.545265814448693,44.54288837479353],[1.546099543991117,44.543562040872985],[1.546744613959306,44.54373980646798],[1.548104291663392,44.5438396311582],[1.54885442155077,44.54404487707254],[1.549244634483447,44.54360701640915],[1.549954584645656,44.54326879527325]],[[1.549954584645656,44.54326879527325],[1.550258005017886,44.54321965748565],[1.550720165164093,44.54326444199363],[1.551041390530588,44.54301204910473],[1.55148185320626,44.542871967053124],[1.551795639555135,44.54290939790368],[1.5519300650271,44.543067827906846],[1.55223046848708,44.542988932518675],[1.552319302970457,44.54276500164316],[1.552215127059807,44.542507026311746],[1.552888155602708,44.542183609184406],[1.553139427210604,44.541860063669866],[1.553344598499865,44.541714189314106],[1.553492685250985,44.5412902488496],[1.553821567709937,44.54083626310507],[1.553796955666617,44.540666668842185],[1.553564357336669,44.540556476020804],[1.553410337187513,44.54032756158842],[1.553243901429022,44.54028846484715],[1.553293183767362,44.54008472397807],[1.553835883972962,44.53978570489323],[1.554321581478907,44.53935268030583],[1.555115168511193,44.538891270346255],[1.555533384270396,44.537945941232216],[1.555977800489349,44.53750156531732],[1.556188977983941,44.537119865165955]]]}},{"type":"Feature","properties":{"CdOH":"05C0000002000885213","TopoOH":"Ruisseau de Saint-Georges","StatutOH":"Validé","SourceNomOH":"IGN;BDCarthage"},"geometry":{"type":"MultiLineString","coordinates":[[[1.507237615484312,44.613239041629555],[1.507439081303199,44.613914374859505],[1.508900437375978,44.61471205963008],[1.509954182293429,44.615384475244056],[1.510609018908579,44.61560129720468],[1.511997831827322,44.615855010620784],[1.513227914025174,44.61596160427863],[1.51384968176686,44.61595105671783],[1.515199035707922,44.615789106588984],[1.51635774350279,44.61544629879261],[1.5170670142432,44.61512806463426],[1.518948027094438,44.61478501349539],[1.519212259353458,44.61465979404319],[1.519859545446197,44.614636948920264],[1.52139751898428,44.614731366708966],[1.522018695578805,44.61469465344686],[1.52464201802969,44.61392292700885],[1.528181765980287,44.6134865947011],[1.530862696069186,44.612772215985345],[1.532254712316467,44.61270967199482],[1.533594487986219,44.61281389420438],[1.534048390958035,44.612761388270776],[1.534974366190507,44.612781768977584],[1.535440845404249,44.61273032444797],[1.535695392652032,44.612636452410115]]]}},{"type":"Feature","properties":{"CdOH":"05C0000002000885237","TopoOH":"le Tréboulou","StatutOH":"Validé","SourceNomOH":"IGN;BDCarthage"},"geometry":{"type":"MultiLineString","coordinates":[[[1.504926847953591,44.45],[1.505073316315862,44.45022320949505],[1.505300918006881,44.45036225019568],[1.506327637019148,44.45070299830622],[1.506705507094681,44.45076844227907],[1.506752962877962,44.45087532738185],[1.506568911596006,44.45137163193001],[1.506072641945152,44.4535041580909],[1.505679827342062,44.454479324475585],[1.505659564792879,44.4563878120412],[1.504537937753524,44.45644733129418],[1.504389455597049,44.45654795790859],[1.504067425937091,44.45698386450716],[1.503155072451383,44.45687784217376],[1.49737925413165,44.45671732944646],[1.497243288033944,44.45677219878135],[1.496745111383883,44.45669157661945],[1.496006393348366,44.45691109263392]]]}},{"type":"Feature","properties":{"CdOH":"05C0000002000885229","TopoOH":"Ruisseau de Nouaillac","StatutOH":"Validé","SourceNomOH":"IGN;BDCarthage"},"geometry":{"type":"MultiLineString","coordinates":[[[1.527809627713105,44.52088027924285],[1.527568393147403,44.52081673536628],[1.526715983107544,44.521170012864104],[1.526226986066769,44.52129313840911],[1.525667003939118,44.520423094074054],[1.525337178544111,44.520234109177885],[1.52491091007212,44.52012396805321],[1.524564947096138,44.52011934311239],[1.523587647476105,44.519857767329405],[1.522668590310022,44.51919809387731],[1.522061224096346,44.518843314666775],[1.521514999354572,44.51879728142775],[1.520110412434175,44.517409875354865],[1.519963555718215,44.51696311785226],[1.51985521969734,44.51677528603547],[1.519707714596023,44.51668957203238],[1.519905961610201,44.51647163812898],[1.519960335362415,44.51617344123773],[1.519859759648606,44.51568948855635],[1.519835084736852,44.514758164964675],[1.519966637481192,44.51429983565578],[1.519885948297217,44.51392149443702],[1.51964071125441,44.513531941956884],[1.519607487092622,44.513263183256804],[1.519871272900282,44.51275260567386],[1.519639940548902,44.512456879216664],[1.519497888593651,44.51182740942978],[1.519191579771168,44.51131998748272],[1.51892984704103,44.510504333371635],[1.518184223916864,44.510052236532495],[1.518077289474405,44.50990764023106],[1.51815850178335,44.50973765914724],[1.518106486729505,44.50961000726233],[1.516849481614906,44.50855588198893],[1.516210533220661,44.50816373010764],[1.516049016947072,44.50794186567902],[1.515834312052806,44.5073978507266],[1.515542603235613,44.50710310432425],[1.515462500292645,44.506991280100486],[1.515457645459435,44.50684085173865],[1.515309955882948,44.50671551268999],[1.513553236249981,44.505769872047665],[1.513065990288483,44.50559133418826],[1.512524350125446,44.50523288567531],[1.512523793961853,44.5049672668417],[1.512361829071723,44.50481111849478],[1.512202916032313,44.50434798242299],[1.511555643619355,44.5037972245793],[1.511672978029904,44.50340264165845],[1.511601205574991,44.50278401486969],[1.511642071737473,44.501949016766496],[1.511618170019055,44.501662374623955],[1.511407117562737,44.50126876370759],[1.511472129750948,44.50104544727802],[1.511567872615268,44.50094499660198],[1.512204141161107,44.500526801265714],[1.513205927083841,44.49950847716866],[1.513322486698055,44.49876003572275],[1.513288573305877,44.49818423924139],[1.513567112110703,44.497399264853456],[1.513876043070373,44.49708469478641],[1.51382502870562,44.49629798108766],[1.513989951212709,44.495910341140736],[1.513942014026774,44.495389279482886],[1.514211321417053,44.494906705699755],[1.514103584711869,44.49460272911826],[1.514471422311358,44.49415209483761],[1.514574553102423,44.49376992492823],[1.513582517749437,44.492174606650465],[1.513598587219276,44.4918984089487],[1.513507234916655,44.491689191910886],[1.513659606479073,44.49067832698504],[1.512525120796446,44.48971944378856],[1.51266684191282,44.489018164956136],[1.512653615068848,44.48870825892267],[1.512818579273001,44.48850970063464],[1.512885870571291,44.488246799278244],[1.512795019986259,44.48792324154191],[1.512816005070676,44.48769933220234],[1.512952850385027,44.48742206245375],[1.51299966307476,44.48707695136116],[1.513389784113628,44.48663832793004],[1.513818596964778,44.48630646831393],[1.513922791903858,44.48602695692484],[1.514478189519521,44.48552032809279],[1.514531686900018,44.48525543968709],[1.514820182042561,44.484806439330754],[1.515366391491889,44.48417002972874],[1.516237848271787,44.483695558528716],[1.516538946649798,44.48372391898346],[1.517120906016315,44.483353590821224],[1.518744367784728,44.482592988348436],[1.519160681690376,44.482063761096036],[1.519392071108929,44.481584271188105],[1.520508955027373,44.48095549842279],[1.521141034077716,44.4804939852672],[1.521295698860537,44.48030248053771],[1.521413533198102,44.48002854852404],[1.521238080330495,44.47942835310532],[1.521369388452334,44.47916810742163],[1.521413944353443,44.478618581582694],[1.521009622752403,44.477345445597855],[1.520730725032553,44.47675826826893],[1.520741376452444,44.47663956301697],[1.521050889457108,44.4762007352435],[1.521145840837804,44.47574372325081],[1.521939754818374,44.47447675145472],[1.521941066741408,44.47428229052177],[1.522308628970134,44.47378661481725],[1.522226822232039,44.47364506183333],[1.522243660863581,44.47353004101893],[1.522389067037621,44.473403237694974],[1.523350020014249,44.47190080051604],[1.523677138790097,44.471893476108924],[1.524827745221352,44.4701558716464],[1.525166607489664,44.469842577303694],[1.52524797399883,44.469567254815125],[1.525138156986928,44.46914981919981],[1.525155567515846,44.46853060395789],[1.525670879270464,44.46786312592603],[1.525792692628356,44.467483002069784],[1.526196173497559,44.46714986093327],[1.527156790448737,44.466569360732954]]]}},{"type":"Feature","properties":{"CdOH":"05C0000002000885212","TopoOH":"Ruisseau de Puycalvel","StatutOH":"Validé","SourceNomOH":"IGN;BDCarthage"},"geometry":{"type":"MultiLineString","coordinates":[[[1.518988089837957,44.60317920934905],[1.518798108568281,44.605086438475915],[1.519151063733717,44.60618877196701],[1.519389604668903,44.60665658120406],[1.519377957081695,44.6068121966937],[1.519624062488205,44.606991974479975],[1.51991515034499,44.607042694575],[1.521064040614992,44.60817188578053],[1.522024774073736,44.608354015100595],[1.523274733238205,44.60899560991465],[1.523705156180378,44.60906889096169],[1.524246533743469,44.609044606402215],[1.52528047205831,44.60941677132706],[1.527516694403379,44.609942713506975],[1.531997362446866,44.61053806104048],[1.532939063792026,44.61121236729215],[1.534847486938319,44.61242532478464],[1.535695392652032,44.612636452410115],[1.536231739784791,44.61246707576716],[1.536965475198436,44.61241466174141],[1.537798734221389,44.61251032657377],[1.538654422870769,44.612713430601104],[1.540273092893442,44.612805951614384],[1.540404543470212,44.61284100272527],[1.540629834864366,44.61304927123631],[1.540986589892159,44.61304857843667],[1.541299563549885,44.612986078762695],[1.541493729665091,44.61283827236567],[1.541940061278823,44.61273701203232],[1.542277312031528,44.61251545718534],[1.542604440859584,44.61239281306159],[1.542978298411361,44.612413048830966],[1.54418411206577,44.61204266122146],[1.545377050988629,44.611486606892754]]]}},{"type":"Feature","properties":{"CdOH":"05C0000002000885138","TopoOH":"","StatutOH":"Validé","SourceNomOH":""},"geometry":{"type":"MultiLineString","coordinates":[[[1.540066864486635,44.62827143925827],[1.541005654660718,44.62829373622544],[1.541329122647336,44.628218767633605],[1.542087187668059,44.627769554113236],[1.543786636616767,44.62650885868206],[1.544176397478269,44.62596563888784],[1.544642657779283,44.62499842928026],[1.545100716000822,44.624446201288734],[1.5456870901062,44.62356250653585],[1.546487812012788,44.62155250952497],[1.547103506833267,44.62045849793093],[1.547514830590758,44.619515769044135],[1.548109065520211,44.618715005474996],[1.548636430791977,44.618209596555026]]]}},{"type":"Feature","properties":{"CdOH":"05C0000002000884076","TopoOH":"","StatutOH":"Validé","SourceNomOH":""},"geometry":{"type":"MultiLineString","coordinates":[[[1.566294977542164,44.60579743766951],[1.56545416981771,44.60605034539106],[1.564363168506343,44.606129820845624],[1.563801356931629,44.60606759695368],[1.563369389776787,44.606152923536264],[1.562859087683159,44.60654246687544],[1.562431765411301,44.60664315714842],[1.562185283607989,44.60676960907988],[1.561541308287002,44.607309575937954],[1.561409496941822,44.60758518502012],[1.561120914331322,44.607879462451564],[1.560812844085004,44.60799880683606],[1.560329358777869,44.608373381525055],[1.559661156190374,44.60862669365133],[1.559225962466998,44.60888664114027],[1.558953821065749,44.60907938174599],[1.558847203776881,44.60925627199625],[1.558608193796446,44.609385514978264],[1.558048929222037,44.60986353911647],[1.557424847029056,44.61011561301198],[1.556693298467298,44.610281641964676],[1.556407839131465,44.61025540381392],[1.556005309866793,44.61037080023457]]]}},{"type":"Feature","properties":{"CdOH":"05C0000002000884052","TopoOH":"","StatutOH":"Validé","SourceNomOH":""},"geometry":{"type":"MultiLineString","coordinates":[[[1.57,44.61488249032976],[1.569423833679962,44.614769091520465],[1.569292424861707,44.614681852188085],[1.568235469180013,44.614407048928186],[1.567503974952136,44.61432193742097],[1.567019778104527,44.61437688900609],[1.567060373203035,44.61426756572269],[1.566926405298783,44.61423161350595],[1.566474055862208,44.61427346949278],[1.56593798199422,44.61418728015963],[1.565680263601933,44.61396153592395],[1.565344969218485,44.61381221917314],[1.564646892338559,44.613702310970375],[1.56368073204163,44.61332869761138]]]}},{"type":"Feature","properties":{"CdOH":"05C0000002000884087","TopoOH":"Ruisseau de Nougayrol","StatutOH":"Validé","SourceNomOH":"IGN;BDCarthage"},"geometry":{"type":"MultiLineString","coordinates":[[[1.57,44.621091801002045],[1.568560946793537,44.62090319875298],[1.567937975210694,44.620314367182075],[1.56731995090871,44.619878665546075],[1.56625251678371,44.61926875629112],[1.564988021924042,44.618378052556764],[1.563972589734289,44.617361811628584],[1.563565661217786,44.61670823092383],[1.563443449829569,44.616359085407],[1.563722712399845,44.616283478440856],[1.563766087204986,44.6162138102309],[1.563734838232172,44.615906365276985],[1.56387786340913,44.61548773335694],[1.563840667786463,44.614225779920005],[1.563719763413245,44.61407294064247],[1.56368073204163,44.61332869761138],[1.562797678349396,44.61315694697994],[1.56055890118664,44.61315842866912],[1.559311347257027,44.6133897871859],[1.559077030642183,44.61338403165791],[1.558457812879467,44.6132471995119],[1.557741804769317,44.612853385217925],[1.557528245023516,44.61287400903534],[1.556025457348001,44.61214396548749],[1.555882495558931,44.61181975182786],[1.555843385693771,44.61152570798901],[1.555930059448632,44.61045445536351],[1.556005309866793,44.61037080023457],[1.555765358713417,44.610142563376485],[1.555435266180272,44.6090046374249],[1.554939963964819,44.60841199800362],[1.554338790288863,44.60791791672099],[1.554169567475461,44.60724219913778],[1.553772989167237,44.60638882779957]]]}},{"type":"Feature","properties":{"CdOH":"05C0000002000884088","TopoOH":"le Vers","StatutOH":"Validé","SourceNomOH":"IGN;BDCarthage"},"geometry":{"type":"MultiLineString","coordinates":[[[1.55646878735498,44.51258198663927],[1.556458531314997,44.51249091499939],[1.556613009884819,44.51225613832747],[1.556576135938283,44.51197564065948],[1.55665385026482,44.5116426197549],[1.556815051870979,44.511390823830844],[1.557245245531486,44.511002087550274],[1.557531095353625,44.51084555899689],[1.557523809924216,44.5103916772759],[1.557423332967985,44.51028592075057],[1.556857631622456,44.51006873695884],[1.55686846333555,44.50979246508169],[1.556573973439757,44.509450073881276],[1.556489739574624,44.50900418926599],[1.555864760995251,44.508596246755715],[1.555832295846532,44.50853729779965],[1.555963388541056,44.508035707095914],[1.555960948828646,44.507835793181094],[1.555864359803337,44.50762744404785],[1.555437376971748,44.50720228238634],[1.555017807155309,44.506930278896306],[1.554421900200615,44.50642006680627],[1.554355413061872,44.5062157122505],[1.554412013124969,44.505822992663745],[1.554311337634636,44.50562719384826],[1.554235465686109,44.50510128469402],[1.55408173283017,44.50481565392381],[1.554205836036109,44.50468582653442],[1.55457959249847,44.50463310030048],[1.555054045893602,44.50423414958901],[1.555720428902926,44.50405379802145],[1.556170555795847,44.50322775009942],[1.556156666895923,44.503131229015594],[1.555846901817252,44.502895780135326],[1.555752468901208,44.502701865326905],[1.555557179102624,44.50217169336344],[1.555498823651454,44.501452436393116],[1.555308953147435,44.501104209234015],[1.555545128157831,44.50087140573557],[1.556120460016243,44.500560207565385],[1.556320910261586,44.50034674300887],[1.556611072412676,44.49972388501004],[1.556555973024699,44.49902448014146],[1.5561943592794,44.49855425885577],[1.556370340520529,44.49831346326699],[1.556444802332086,44.498057833532975],[1.556368349205711,44.49784974900853],[1.556056579192607,44.497447707063465],[1.555903395416697,44.497387178103644],[1.555084324307221,44.49734313909928],[1.554366938748443,44.49701230966783],[1.553600084029341,44.49679607366217],[1.553332795059807,44.496819579613735],[1.553143094536634,44.496908028568946],[1.553058763330375,44.49705728351138],[1.553082721941661,44.49730069652905],[1.552954744481022,44.497434973075954],[1.552200979942021,44.49768979047491],[1.551816064498143,44.497737859596654],[1.551533332029442,44.4973821043329],[1.5516990727149,44.49709976479981],[1.551830046442971,44.49635778209502],[1.551796147946268,44.49601159665205],[1.551697310129309,44.49579421127525],[1.551805616042136,44.495593050991346],[1.554147048530425,44.494150769117745],[1.55434643491414,44.494174991165686],[1.554590043148302,44.494437488516205],[1.554836124915729,44.49455415869823],[1.555166169971434,44.49448645307664],[1.55612432400284,44.49391016106732],[1.556883701123224,44.49323582218519],[1.556916753034362,44.493123709170156],[1.556667981238407,44.49296469139613],[1.556602561551266,44.492866596110474],[1.556604207504413,44.492703651883296],[1.556873636786765,44.49225069309182],[1.556925691026259,44.49193624706871],[1.557120013607223,44.49146879981554],[1.556996018212173,44.49105391125905],[1.556996133034218,44.49070457210038],[1.556444163215045,44.490006771539186],[1.555906315489728,44.48974132701634],[1.555484372775612,44.48966557358216],[1.554860192899435,44.48908746783599],[1.554036360726748,44.48898843513206],[1.553686391024827,44.488803774051235],[1.552602101801634,44.4874318039497],[1.552786293914162,44.486525755824566],[1.552652879706929,44.48598919030518],[1.552562941092523,44.48591598107747],[1.552552287419843,44.48559531257552],[1.553399463935588,44.48423967973733],[1.553303539748518,44.4838107501852],[1.553264630078516,44.48302152405209]],[[1.554588440449757,44.571420770692086],[1.554601107484143,44.5711229062918],[1.554469476252941,44.570409873140406],[1.55408662110695,44.5700140913366],[1.554059523336559,44.56984266195266],[1.554113351685028,44.56906902891929],[1.554377222575756,44.56766787105994],[1.554321440575118,44.567239454767666]],[[1.554588440449757,44.571420770692086],[1.55426666568208,44.57124638509416],[1.55413668617317,44.57091153819563],[1.554135139697746,44.57048022964438],[1.553810009990338,44.57004378441238],[1.553579066189983,44.56927452598185],[1.553285927463262,44.56896635397468],[1.553429264608171,44.56873052773594],[1.553429217106958,44.56838837796672],[1.55405760167608,44.568098576500944],[1.554146519475618,44.56797098447267],[1.554250748699754,44.5677373465518],[1.554321440575118,44.567239454767666]],[[1.554321440575118,44.567239454767666],[1.554305326533661,44.56659006142081],[1.554093991594275,44.566038956444615],[1.554139815093208,44.565577655593295],[1.553653912224178,44.5654200275715],[1.553620005707212,44.56531783931276],[1.553713679592138,44.565201114803244],[1.553968604734877,44.565082900071275],[1.553994814217871,44.56484644038582],[1.553741261305647,44.56461622178706],[1.553794676776147,44.564448548162744],[1.553740174087087,44.56431457658896],[1.553453685802205,44.564190172147725],[1.553122387931693,44.56389770720475],[1.55303442939595,44.563152832071914],[1.552916676412695,44.562931593898675],[1.552507597013091,44.562676824701086],[1.552499371544376,44.56260468564853],[1.552632955053389,44.56220846389638],[1.552577435130386,44.561819668035604],[1.55282079572271,44.56121869566463],[1.552846810254203,44.56049872473714],[1.552651426372059,44.560358404558414],[1.552747568566647,44.559899565518954],[1.552855829508604,44.55960655694403],[1.553151439034516,44.559325006985276],[1.553238855045383,44.558518503338796],[1.553491127504117,44.55835523622302],[1.553746373282509,44.558075857372906],[1.553656079636392,44.557815362877804],[1.553887352661103,44.55743932826385],[1.553876641525708,44.55682512324133],[1.554028361080866,44.556752377832574],[1.554354627007879,44.556944830742246],[1.555390291011783,44.556973690908706],[1.555599196903832,44.556388470497275],[1.556333816637469,44.55597669588959],[1.557290940574374,44.55523468076818],[1.557512558803042,44.55454517875346],[1.557870553831937,44.55408705625899],[1.55820312157287,44.55398335286545],[1.558632399334826,44.553988056872825],[1.559585859880092,44.554374158867795],[1.559848314554011,44.554353271786546],[1.560598146599721,44.55388584440351],[1.560700077814307,44.55334514103957],[1.561045061481223,44.55290214586052],[1.561531886667864,44.552575346574024],[1.562068569412688,44.55241666610918],[1.562542086338074,44.55211760117578],[1.563699174911782,44.551923769473625],[1.565263504283446,44.55205575482922],[1.565621952634017,44.551874032405394],[1.56581597741267,44.55152270193902],[1.565753328892489,44.55116353551465],[1.565539290856501,44.55091495033996],[1.564965345418148,44.55050952287293],[1.564799351016452,44.550253457212456],[1.564844114896428,44.55007756392869],[1.565283314012876,44.54974022581203],[1.565335423173559,44.54962205235079],[1.565211767097033,44.54928550305254],[1.565401324118688,44.5490106482496],[1.565332893729718,44.54882968253882],[1.565501986686594,44.54841860396068],[1.565967893263414,44.54787182149029],[1.565827532773734,44.54759808290992],[1.565931977090013,44.547501297908624],[1.566263051284906,44.547454275888974],[1.566572379298171,44.54727191326569],[1.566730313459361,44.546853485317975],[1.567170508825379,44.54657467834722],[1.567199452977259,44.546476012008945],[1.566955644311611,44.546011852401534],[1.566987855274158,44.54578447401809],[1.568212304818703,44.54521241136763],[1.568455455356047,44.545007576487684],[1.568510253291095,44.54488223372081],[1.568462306807556,44.544489046112325],[1.568079405725792,44.54394925454964],[1.567737531376565,44.543628786352876],[1.567529040384646,44.54360897411216],[1.567360578025977,44.54369862695205],[1.567168976196945,44.543707845371536],[1.565761342532036,44.543264587833065],[1.565624494817428,44.54295217862776],[1.565337058103329,44.5427692679789],[1.564978869862473,44.542645762422104],[1.564595672404896,44.5426146697204],[1.564569334009033,44.54251168388025],[1.564786858054428,44.54242357354005],[1.56479530134248,44.542339047542015],[1.564354304271985,44.54225408010293],[1.564251790400479,44.54202765181758],[1.563917773379051,44.54189455292994],[1.563807023294976,44.54174454942918],[1.56265707950205,44.541863740151086],[1.562475553228847,44.541823560587716],[1.562262707026563,44.541629007733036],[1.562124130403117,44.54163260519773],[1.561953166777859,44.541820358680084],[1.561627668106166,44.54169906870134],[1.561339714092067,44.5412901451661],[1.561432135519899,44.54087447329353],[1.561113026124903,44.54000865036491],[1.561020701161817,44.53958066669926],[1.56071194498705,44.53909944011879],[1.560651859653188,44.53874030546098],[1.560273020108167,44.538341899229096],[1.559690879600933,44.53831359660444],[1.559389867830345,44.538171010245954],[1.559264058566004,44.53801990526157],[1.559231738338045,44.5376584310878],[1.559158739380358,44.537509816008935],[1.55858038851033,44.53743203598813],[1.55757918741009,44.53710292469975],[1.556463947034848,44.537197292434584],[1.556223408739198,44.53715182880422],[1.556147203782221,44.5370797020439],[1.556105388966799,44.53669649351651],[1.55646105685648,44.535635995785896],[1.556738350678934,44.53522814823707],[1.556978799071194,44.53503050720282],[1.557069980991423,44.53481200661777],[1.55695872095514,44.53443689481427],[1.556512741686124,44.53386022325976],[1.556494998556565,44.53361868966868],[1.556596444744821,44.533294079142344],[1.557068604460593,44.532747419927254],[1.557124279516066,44.53248973912027],[1.557049321544465,44.53236900892614],[1.556525714322337,44.53207224089571],[1.556254374058759,44.531755360457055],[1.555888526042045,44.53159030721131],[1.555056838161841,44.531380439161936],[1.554616235021564,44.531185590894644],[1.554481945481534,44.531022664561156],[1.554960272615196,44.530677780323906],[1.5550378509285,44.53054824112978],[1.555041390815243,44.53031148805435],[1.554914050998631,44.52977859797426],[1.554610732923914,44.52928572120374],[1.553884242285122,44.52924559222284],[1.553528170363985,44.52904374362053],[1.553485072836682,44.528908122135675],[1.553634193334841,44.528639062690566],[1.553419985656191,44.527861930727575],[1.553454421076292,44.52759857149624],[1.553566919532342,44.527530716834285],[1.553941072005691,44.52751761205062],[1.55443167372577,44.52772482288754],[1.554561518667096,44.52761847820048],[1.55477492584851,44.52714857495522],[1.554959125169457,44.52703303743756],[1.555306591423174,44.526931341761646],[1.555920972650676,44.526875455388534],[1.556059994067853,44.52640997893992]],[[1.57,44.62927951602436],[1.563752342284362,44.62848441422988],[1.563553082912372,44.627842533286554],[1.563439804609439,44.627686190691854],[1.562719032100306,44.62756967412665],[1.561667199034435,44.62698693518065],[1.561334248502039,44.62634781293713],[1.561087658953983,44.626030360246915],[1.560141699570623,44.62515454991375],[1.559255858383512,44.62399948699132],[1.559186970358687,44.623784291371734],[1.558875320425797,44.62349750021407],[1.558719428251608,44.622789545765194],[1.558233109515624,44.62223395388235],[1.557143447736693,44.621509313366595],[1.556116693846481,44.62123388817508],[1.554912037161235,44.62111189905392],[1.553410431114802,44.620770813098225],[1.552008212946581,44.62068402404032],[1.551726424423159,44.62041471132815],[1.551539461443182,44.62033122474669],[1.551534338771555,44.6201870917937],[1.551330877426214,44.619911601048805],[1.551096431012027,44.61976266182198],[1.550546084358279,44.619641995335],[1.54985376135499,44.619355588821975],[1.549524129163145,44.61888845268065],[1.549116697183774,44.61855445576443],[1.54881689157294,44.61839835089364],[1.548490113489817,44.618016788198496],[1.548519720758435,44.61760118697689],[1.548198444765343,44.61715306527882],[1.547119827806118,44.61679133516645],[1.546211055732104,44.61663892287511],[1.545291199882519,44.616281063397565],[1.544909579062387,44.61597440275713],[1.544498973409212,44.615227958450184],[1.544278966284945,44.6151071074213],[1.544144644226403,44.61449936172744],[1.543723224488022,44.61368434104412],[1.543867391896747,44.61322703090279],[1.54399609000246,44.61302703430028],[1.544591728777849,44.61280617456278],[1.54482814834026,44.61248604004776],[1.545139384873893,44.61185534808189],[1.545471591200005,44.61138880598424],[1.545769685636801,44.61048511573955],[1.546175347582742,44.6101023760244],[1.547021047954075,44.60961647109921],[1.547401154787869,44.60929551944029],[1.54756003608576,44.609293105397185],[1.547815133126257,44.609078558561826],[1.547880435294258,44.60889213162949],[1.547719766058192,44.60867032098492],[1.548284589747179,44.60768549178295],[1.548548765559314,44.607411635874115],[1.549123003697666,44.60708872614678],[1.550575351274947,44.606977223308085],[1.550947003311776,44.60688575314274],[1.55147566663716,44.606618959581176],[1.55203233521376,44.60648849186879],[1.552696656142057,44.60643596572589],[1.553660878145361,44.60648460456347],[1.553977207353656,44.606092565142525],[1.554719356718651,44.60556022857621],[1.554798183213711,44.605435202603466],[1.555193834945604,44.60445533228969],[1.555149621219891,44.60377044648607],[1.554903311932221,44.60339806004696],[1.555159271418075,44.602901682117974],[1.555386819000498,44.60213661188706],[1.55527629843953,44.60167866220222],[1.555370591448199,44.60134314376361],[1.555359854870588,44.60087659421233],[1.555291870966246,44.600578572239804],[1.554930115705744,44.60013804697997],[1.554770549592823,44.59947956612821],[1.55451713212409,44.599139500741806],[1.554299534836534,44.59922129216397],[1.554170636047805,44.59913676866181],[1.553937417814551,44.59835306740209],[1.553719865739547,44.598089103397974],[1.553586638767995,44.597780322193664],[1.553578391016863,44.597315606310765],[1.553955576625052,44.597153067890794],[1.554089434508818,44.59665059401221],[1.553986978249689,44.596173840829515],[1.553624230980239,44.59597010439782],[1.553515875443803,44.59582192045846],[1.553584346683033,44.59482246995011],[1.553832051469193,44.59435210074028],[1.553660358791724,44.594020306494485]],[[1.553660358791724,44.594020306494485],[1.55362521750071,44.59381815654122],[1.553705023383035,44.593408618061346],[1.553661648128028,44.59279037498589],[1.553750649485829,44.59207121908224],[1.553889766132931,44.591805620837626],[1.553645166640903,44.591073995080144],[1.553767712975896,44.59061909611214],[1.554187638385458,44.590311252509665],[1.554331325816473,44.590063721793],[1.554159892886741,44.58986969336604],[1.554115935145902,44.58966742852223],[1.554451640759099,44.58910546964929],[1.554464857171103,44.5888355226569],[1.554630889292622,44.58860088969682],[1.554440612224202,44.58840481445645],[1.554414164511048,44.58825680290825],[1.554510347858288,44.58814190979703],[1.554798354349757,44.58801511952872],[1.555706174117235,44.58794145260258]],[[1.553660358791724,44.594020306494485],[1.553685719732173,44.593866669770854],[1.554088453037339,44.5931489181776],[1.554155661969324,44.592591548917945],[1.553970084146665,44.592309996103864],[1.553939902993244,44.59216013455711],[1.554235002466779,44.59156072769961],[1.554289020946389,44.59097707454644],[1.554156370319534,44.59059717063903],[1.554403650878625,44.59019162450483],[1.554352730392091,44.59011352385998],[1.554405941009154,44.589807183636914],[1.554842720521422,44.58918531877138],[1.555463266269999,44.58861987919505],[1.555500309643294,44.588403367272626],[1.555650476210285,44.58824686019283],[1.555706174117235,44.58794145260258]],[[1.554725379746795,44.57177911837387],[1.554710833692639,44.57156013245361],[1.554588440449757,44.571420770692086]],[[1.558675302590713,44.57904018574802],[1.558649292672222,44.57857884407108],[1.558482552626306,44.5781525823116],[1.558461877567043,44.57792631339369],[1.558584042134182,44.577631677641456],[1.55888585325686,44.57735649309728],[1.559018699976799,44.577136729074155],[1.559052230339445,44.57656361526619],[1.558934880623034,44.57637390203488],[1.558222487447996,44.57585678374064],[1.558086304166906,44.57561550132017],[1.55814468854595,44.57480951045823],[1.557597701220939,44.57408115377465],[1.556696496195658,44.57331395160049],[1.556340095683984,44.572916722487605],[1.556174236881358,44.572802005412406],[1.55580759348746,44.57280531577861],[1.554910891702256,44.572208332098015],[1.554725379746795,44.57177911837387]],[[1.558675302590713,44.57904018574802],[1.558298272009621,44.578807465832746],[1.557912388812818,44.578329721562014],[1.557824447213715,44.578073761684585],[1.55812414156655,44.57753653656081],[1.558317350285358,44.576877268243585],[1.557894598246824,44.575575182163995],[1.557645442115163,44.57443112993155],[1.557212278249765,44.57388253549627],[1.556715945060453,44.57373558994391],[1.555579511112833,44.572956300724094],[1.555207894806764,44.572563370875024],[1.554764174619048,44.572379288061825],[1.554670026884388,44.572268208141345],[1.554725379746795,44.57177911837387]],[[1.556059994067853,44.52640997893992],[1.555816064359926,44.525957499589595],[1.555641944430694,44.52543300289924],[1.555872249588248,44.524596866418555],[1.555846265246198,44.52443175766997],[1.555533708743446,44.523759588669314],[1.555342258695514,44.5235193836322],[1.555387448732234,44.52273664875428],[1.556032883748558,44.52259653370468],[1.556185495491211,44.522189760253404],[1.556075763559253,44.52205146764775],[1.556103777549474,44.52179252629505],[1.556032380135744,44.521680846066864],[1.556047805898501,44.52147126065146],[1.555859284235536,44.52126440883683],[1.555721562684059,44.52064585013705],[1.55557645732249,44.51987323079694],[1.555673120243251,44.51973493801176],[1.555677124651698,44.51957832537786],[1.555472225238652,44.51942167954258],[1.555458864339994,44.519009133497995],[1.555604275385662,44.518539241138605],[1.555366618405124,44.51828582640567],[1.555263915885705,44.51802067248147],[1.555292476007706,44.51778965046987],[1.555209864793615,44.51747703979324],[1.555052168087038,44.51508178446401],[1.555221846925871,44.51484360686757],[1.555403529949237,44.514332773521424],[1.555851443499727,44.514039713146346],[1.55563660812839,44.51363263438591],[1.555557691006811,44.51312649296803],[1.555608529148927,44.51286064855143],[1.555758648069819,44.5127473660158],[1.55646878735498,44.51258198663927]],[[1.556059994067853,44.52640997893992],[1.556231557752441,44.526000751462185],[1.556698172422508,44.52576735450651],[1.556745881910351,44.52567343894251],[1.556656297664983,44.525189665993],[1.556694656146348,44.52472287269428],[1.556623336632547,44.52450945136528],[1.556433528620628,44.52425396333272],[1.556551774214543,44.523911566566554],[1.556449560080933,44.5234789499387],[1.556473016601312,44.52325056148766],[1.556611044749805,44.52292192921044],[1.556551096855293,44.52270685593958],[1.55665722914349,44.52259209569158],[1.556759268768948,44.52229270503354],[1.556720103928319,44.52215083403789],[1.556514962278391,44.52200319070623],[1.556521135684876,44.521860111908104],[1.556960865026074,44.52090426297736],[1.557142243779422,44.52065182872746],[1.557465213537118,44.52037423393036],[1.558057846369924,44.520033534457404],[1.558250398611048,44.51919510161393],[1.558464536666065,44.51879273122938],[1.558517997112139,44.51852241734037],[1.558303634934372,44.51784883935843],[1.558173525489904,44.517720186920165],[1.557240867075186,44.51733254163831],[1.557122454652759,44.5173372960183],[1.556941437949683,44.517526708387265],[1.556631970246573,44.51752266103925],[1.556083143273638,44.5171841439047],[1.555991631346233,44.51702268009008],[1.556163597969016,44.51679353448991],[1.556178360868727,44.51641287006096],[1.556546761619152,44.51578472795322],[1.556811863595675,44.51550547860434],[1.556899434959502,44.515033028268],[1.55733511171353,44.5147262962055],[1.557586275666663,44.51445046449418],[1.557550320796487,44.514084443711745],[1.557393955747473,44.51385100413113],[1.557343256595295,44.513618945888645],[1.557083896231681,44.5132797161961],[1.557077842501407,44.51287627081457],[1.556601396868635,44.51271067371771],[1.55646878735498,44.51258198663927]],[[1.555706174117235,44.58794145260258],[1.555889679029519,44.58781149262453],[1.555991464636519,44.58757601806773],[1.556070780203663,44.586593819323724],[1.556517509107163,44.58494112353444],[1.556969509266254,44.584263626496345],[1.557239111688653,44.58352522026862],[1.557532698249558,44.58303113440463],[1.557363805115172,44.582935287782924],[1.557315935299497,44.5828365194075],[1.557403674147018,44.58255854213076],[1.557329743229306,44.58229646165576],[1.556907547489651,44.58200642209346],[1.556777898625998,44.581804840390426],[1.556941253775568,44.580984011994225],[1.557257103734559,44.580357860111654],[1.557443818701675,44.58015050619382],[1.557907017373816,44.58001879326219],[1.558172449292605,44.57983677642658],[1.558748556609011,44.57967411940793],[1.558943844779153,44.5795254006608],[1.558921397415577,44.57936843905082],[1.558675302590713,44.57904018574802]]]}}]}
