{"type":"FeatureCollection","name":"Spectaculaire officiële wandelroutes rond Thédirac","generatedFrom":"Officiële GPX-downloads; bronlinks staan per route in Detect","features":[{"type":"Feature","id":"autoire-reculee","properties":{"routeId":"autoire-reculee","geometryKm":5.62,"pointCount":325},"geometry":{"type":"LineString","coordinates":[[1.8206453846209731,44.853552660430175],[1.8205443465096451,44.85346800482919],[1.8204196778876494,44.85337663654184],[1.8202927405381142,44.85339329624291],[1.8201678833767376,44.8533109300187],[1.8200430265815537,44.85322856365623],[1.819945562524716,44.85304744048223],[1.81984809909646,44.85286631723327],[1.819672935954793,44.85276840832617],[1.8194977734237965,44.8526704991458],[1.8193226115034697,44.85257258969209],[1.8192157043721393,44.852439388648115],[1.8191087977478595,44.85230618750692],[1.8190018916306316,44.85217298626846],[1.8188515385078585,44.852099351625114],[1.818547046050378,44.85213212847411],[1.8183460711759172,44.85205795431594],[1.8181709763167506,44.85195704228561],[1.817995882086732,44.85185612998238],[1.8178187041420755,44.85185424309274],[1.8176917694616648,44.85187089981146],[1.8175414188650525,44.851797263400805],[1.8174549149783858,44.85169729395091],[1.8173684113996385,44.85159732443682],[1.8172947531830936,44.851488487373615],[1.8172738655682545,44.85127816323938],[1.8172529781098408,44.85106783911551],[1.8172320908078505,44.850857515002026],[1.817209434251673,44.850731212653486],[1.8171599505294473,44.850676659227744],[1.81706060416677,44.850585556973506],[1.8168722920510518,44.850511515057754],[1.816683980431791,44.85043747282431],[1.8165226869644144,44.850282679190244],[1.8163613943860188,44.85012788532956],[1.8162129475730964,44.849964223886865],[1.816128536126982,44.84976522787002],[1.8160441252789548,44.849566231801795],[1.815909095020478,44.84936669567159],[1.815774065721331,44.849167159390035],[1.815675103916736,44.84905805129298],[1.8155761424965906,44.84894894311154],[1.8153915079927354,44.84882091179542],[1.8152068743305507,44.848692880177495],[1.8150222415100294,44.848564848257766],[1.8148376095311716,44.848436816036255],[1.8146529783939693,44.84830878351294],[1.8144777118468238,44.848216868098824],[1.8142765663129194,44.84815168898573],[1.8140754212458114,44.8480865095095],[1.8138924802879182,44.847958493764345],[1.813709540163859,44.84783047772297],[1.813526600873632,44.84770246138542],[1.8133442963797934,44.84754443703462],[1.8131619929116614,44.8473864123925],[1.812979690469231,44.8472283874591],[1.8128565701235482,44.84706499235764],[1.8126573335645095,44.846909787209505],[1.8124580981064335,44.84675458171155],[1.8122282267519254,44.84661165408249],[1.8119983565671776,44.846468725983975],[1.811768487552185,44.846325797416036],[1.8115386197069405,44.84618286837868],[1.8113087530314402,44.84603993887191],[1.811285361157509,44.84594968900639],[1.8112853496839187,44.845949644739235],[1.8113627990180552,44.84587843945314],[1.8111886886063238,44.84573250507953],[1.8110145790992227,44.84558657043969],[1.8108404704967453,44.845440635533684],[1.8106663627988875,44.84529470036147],[1.8105851793733403,44.84514375791671],[1.8105807934020783,44.84513560315833],[1.8105851793733403,44.84514375791671],[1.8106663627988875,44.84529470036147],[1.8108404704967453,44.845440635533684],[1.8110145790992227,44.84558657043969],[1.8111886886063238,44.84573250507953],[1.8113627990180552,44.84587843945314],[1.8114145587931436,44.8458249676955],[1.8116168354342188,44.845836138102555],[1.811819112155739,44.845847308141],[1.8119949381579779,44.84591222075823],[1.812170764566568,44.84597713309831],[1.8123728515668536,44.845997304436665],[1.8121993092620077,44.84582436471746],[1.8120257680256973,44.84565142473665],[1.8119266292859977,44.845551315729175],[1.811827490899647,44.84545120663639],[1.8116648919804335,44.84535942233613],[1.8115022935925598,44.84526763780041],[1.811679831445598,44.84525153015661],[1.8115053412030993,44.84512360091964],[1.8115567192134892,44.84508813371823],[1.8116322624711887,44.84510695131152],[1.8116080971590025,44.84505266649343],[1.8113762837502803,44.84494213192539],[1.811144471253821,44.84483159687717],[1.8109126596696232,44.844721061348764],[1.8106808489976856,44.84461052534019],[1.8106325206858873,44.84450195530298],[1.810560409816325,44.84432109561309],[1.8106140750712072,44.84417760124998],[1.8108441307815606,44.84407201436846],[1.8107689703586918,44.84403519164427],[1.8107187363998858,44.84401664466692],[1.8105151320785058,44.84406848872952],[1.8103356910395294,44.84417461750338],[1.8101800315299446,44.84435303571192],[1.8101044897725544,44.84433421713484],[1.8100059289186026,44.844207099555334],[1.8099300059668835,44.8442062854595],[1.8098011787771147,44.844312956110315],[1.809725255685296,44.84431214187439],[1.8096765479468122,44.8442215760297],[1.8096792186533153,44.84409554384542],[1.8095741726358057,44.84427450405038],[1.809497868011269,44.84429169425705],[1.809394347539216,44.84439863590821],[1.8093912945553468,44.84454267269704],[1.809391265123409,44.84454272928948],[1.8093121271396972,44.84469489727381],[1.8092329592949918,44.84484712180166],[1.8090531316113934,44.84497125312979],[1.8090995486688508,44.84516984687837],[1.8091459660545017,44.84536844062036],[1.8091760205285057,44.84554284718737],[1.8092060751891326,44.84571725375613],[1.8092361300363813,44.845891660326615],[1.8093343104517363,44.84603678326681],[1.8093444839685093,44.8461539489727],[1.8093546575277213,44.84627111468211],[1.8094095129477323,44.84646979888637],[1.8094643687557874,44.84666848307631],[1.8095192249518872,44.84686716725198],[1.8095410994733616,44.8470294802394],[1.8095629741212484,44.84719179323104],[1.8096615392097264,44.84731891132714],[1.809760104744304,44.84744602934094],[1.8099852165617394,44.84757450415279],[1.8101476284468319,44.84767529328962],[1.8103100409147461,44.84777608219208],[1.8104707381126612,44.847957891661245],[1.8106314363508134,44.848139700908476],[1.8107066021754998,44.848176523774896],[1.8108686359197816,44.84829531650182],[1.811030670349401,44.848414108996764],[1.8111284787154593,44.848577235096826],[1.8111287205467432,44.848577324375654],[1.811329431604866,44.848651422238454],[1.8114824325121779,44.848599034575805],[1.8116339094047194,44.84861866522447],[1.8116565525721793,44.848744968624324],[1.8116791958414666,44.848871272024745],[1.8118034593653687,44.848980654627645],[1.8118261030599885,44.84910695800774],[1.8119764389628843,44.84918060209515],[1.8120243930854363,44.849307176347835],[1.8122109813843892,44.849462247326244],[1.8123975707135709,44.84961731799878],[1.8125841610729858,44.84977238836546],[1.812770752462642,44.849927458426265],[1.8128931177545582,44.85012686306153],[1.8130181474202736,44.8502002350607],[1.8131431774126263,44.850273606920766],[1.8133165461668885,44.850455547737056],[1.8134899160442735,44.850637488293295],[1.813626842309107,44.850747004198105],[1.81376376910788,44.85085651993793],[1.8138493145337953,44.851001503866684],[1.8139348522656047,44.85114647394786],[1.8138493145337953,44.851001503866684],[1.81376376910788,44.85085651993793],[1.813626842309107,44.850747004198105],[1.8134899160442735,44.850637488293295],[1.8133165461668885,44.850455547737056],[1.8131431774126263,44.850273606920766],[1.8130181474202736,44.8502002350607],[1.8128931177545582,44.85012686306153],[1.812770752462642,44.849927458426265],[1.8125841610729858,44.84977238836546],[1.8123975707135709,44.84961731799878],[1.8122109813843892,44.849462247326244],[1.8120243930854363,44.849307176347835],[1.8119764389628843,44.84918060209515],[1.8118261030599885,44.84910695800774],[1.8118034593653687,44.848980654627645],[1.8116791958414666,44.848871272024745],[1.8116565525721793,44.848744968624324],[1.8116339094047194,44.84861866522447],[1.8114824325121779,44.848599034575805],[1.811329431604866,44.848651422238454],[1.8114119942861755,44.848733439037055],[1.8114699321238195,44.8487909936266],[1.8116104333409833,44.84893056484324],[1.8117509352563654,44.84907013588833],[1.8118568026323432,44.84925135633527],[1.8119626706914251,44.84943257669188],[1.8120685394336162,44.849613796958145],[1.8122760303120262,44.84977809589901],[1.812483522404259,44.849942394460776],[1.8126910157103184,44.850106692643394],[1.81278997356591,44.85021580343786],[1.8127876901228912,44.8503238313026],[1.812886648548818,44.850432942018536],[1.813085707997819,44.8505971492557],[1.813161259176851,44.85061596584193],[1.81331007923063,44.85076162675128],[1.8134589000562582,44.85090728746797],[1.8136337930232367,44.851017209222135],[1.8137070632426973,44.851144053350204],[1.8137028800882389,44.851342104532435],[1.8136239049313874,44.851485330192794],[1.8136338982269182,44.8516114980395],[1.8136438915673438,44.85173766589046],[1.8136933728093059,44.851792220902276],[1.8137566860272907,44.85199099348486],[1.8138199996933884,44.8521897660441],[1.8138833138076071,44.85238853857998],[1.8138804620205744,44.852523573534434],[1.8138776102198302,44.85265860849467],[1.8137744629409183,44.85274754985855],[1.8137733221157826,44.85280156384477],[1.8139482215964293,44.85291148517078],[1.8139474611557602,44.85294749449792],[1.813881520444173,44.85307285097991],[1.8138155794382484,44.85319820742782],[1.8136742732751048,44.85329574530701],[1.813532966621187,44.853393283009375],[1.8135065137194368,44.85344702644801],[1.8135801671637284,44.85355586609361],[1.8136262269932142,44.8537724631679],[1.8137236719295877,44.853953591931976],[1.8137206295287736,44.854097629285256],[1.8137946645192253,44.854188464141224],[1.8138545226076552,44.854351182396556],[1.8139143810429135,44.85451390062816],[1.8139360811260326,44.85468521548731],[1.8139577813415286,44.854856530351675],[1.8139301874389049,44.85496428794237],[1.8139302355232103,44.85496436812093],[1.8140280156329291,44.85512741183253],[1.8140015623881376,44.85518115541917],[1.8140990109789763,44.855362283935975],[1.8140974902236509,44.85543430264962],[1.8141726680830552,44.85547112325562],[1.814256891104973,44.85567912346652],[1.8143411147507122,44.85588712362743],[1.8144653989812363,44.85599650349802],[1.8145505739983254,44.85615949181074],[1.8146357495097678,44.856322480066666],[1.8146572624835016,44.856502797227904],[1.8147558554422842,44.85662991118229],[1.8147896456191575,44.85682836816126],[1.8148234360348299,44.85702682514258],[1.8149715175449772,44.8572084935081],[1.814917471032505,44.85736999527505],[1.814863424209202,44.857531497024056],[1.8147602695420593,44.857620439443515],[1.8146555944449834,44.85778140054531],[1.8145509187479139,44.857942361556745],[1.8145476882211513,44.858095401465334],[1.8145444576767826,44.85824844138138],[1.814617359344432,44.858393289901315],[1.81460223200261,44.85851018528322],[1.814587104597816,44.85862708066743],[1.8146857011270154,44.858754194770896],[1.8147842981025326,44.85888130879197],[1.8148067624996078,44.85901661431791],[1.814829227004926,44.85915191984516],[1.8150041483286978,44.85926183973211],[1.8150781922028516,44.8593526738829],[1.8152958120006804,44.859439037371246],[1.8155134324678084,44.859525400435416],[1.8157310536042393,44.8596117630754],[1.8156793104291449,44.85942391998625],[1.815627567600181,44.85923607688431],[1.8155758251173462,44.85904823376956],[1.8155240829806332,44.85886039064204],[1.8154723411900406,44.85867254750171],[1.8154625323944193,44.85853737718298],[1.8154527236460136,44.85840220686924],[1.8154941126120399,44.858240569735656],[1.8155355013398293,44.85807893259502],[1.8156719117156896,44.85791380706052],[1.8158083212894247,44.85774868136716],[1.8159447300610407,44.85758355551495],[1.8160811380305435,44.857418429503916],[1.8161540425839986,44.85756327697613],[1.8163001433656123,44.85743877374684],[1.8164462434994701,44.85731427033027],[1.816592342985577,44.85718976672642],[1.816810068511393,44.85707052858391],[1.8170277931127243,44.856951290018955],[1.8172455167895736,44.85683205103158],[1.817463239541943,44.85671281162176],[1.8177337591559706,44.856611242415894],[1.818004277791562,44.856509672554125],[1.8182747954487126,44.8564081020365],[1.8185453121274249,44.856306530862994],[1.818815827827695,44.85620495903363],[1.8191006948610644,44.856203487668225],[1.819385561879504,44.85620201557185],[1.8196704288830081,44.8562005427445],[1.819955295871567,44.85619906918618],[1.8201585572014867,44.85616521230666],[1.8202633395875518,44.855998244532664],[1.8203681213506182,44.85583127666875],[1.8204729024906916,44.855664308714914],[1.8206404608582618,44.85552201928936],[1.8208080183768438,44.85537972961745],[1.820910025337791,44.85534479574656],[1.8209134273715701,44.85518275343847],[1.820916451385116,44.85503871583828],[1.8210460379818803,44.85489602251806],[1.8211767576662716,44.85469931495708],[1.8211801588914158,44.85453727267451],[1.8211306679592987,44.85448272095191],[1.8210313084240461,44.85439162213956],[1.8209319492111051,44.854300523240966],[1.820820501254405,44.85418228276938],[1.82070905376694,44.8540640421904],[1.8207105660075913,44.853992023418236],[1.8208152166901435,44.85383105680418],[1.8207700188211104,44.853705837219536]]}},{"type":"Feature","id":"moulin-du-saut","properties":{"routeId":"moulin-du-saut","geometryKm":4.57,"pointCount":284},"geometry":{"type":"LineString","coordinates":[[1.673558756137266,44.788723256364484],[1.673555360561185,44.78886718808788],[1.673476965837069,44.78897430329904],[1.6733235740131276,44.78904450339246],[1.6733222995700499,44.78909851470705],[1.673537410235344,44.789092084002895],[1.6737525208514341,44.78908565288146],[1.6739185533104832,44.78901560338468],[1.6740845853558592,44.78894555364095],[1.6743382552082429,44.78891256923055],[1.6744402324122576,44.7888777707744],[1.6744410813220383,44.788841763225385],[1.6745169274476424,44.78884266998363],[1.6744882498893372,44.78898639793689],[1.6744364123047912,44.78903980475033],[1.6746618295628257,44.789132543763],[1.674659707628757,44.78922256264951],[1.6745067410411831,44.78927476060765],[1.674432592175309,44.78920183873512],[1.674357170050796,44.78918292814283],[1.6742042032902005,44.78923512568292],[1.6740242556402967,44.78935903576276],[1.6738978442847225,44.78935752390824],[1.6738717127328027,44.78939322907104],[1.6736171909927056,44.789462219969444],[1.6734654971016045,44.78946040516981],[1.6734393652273394,44.78949611023197],[1.6733378110955963,44.78951290400067],[1.673284697441972,44.789620321609654],[1.6732080005767058,44.78965542155743],[1.6729294692411079,44.78967009701339],[1.6728274896652082,44.78970489408955],[1.6725999478884626,44.78970217019157],[1.672396200644457,44.78976276175904],[1.6721924529613468,44.78982335295338],[1.6719143458000436,44.78982002208846],[1.6716362386716919,44.789816690526074],[1.67134828591503,44.789873269840044],[1.6710603325788818,44.78992984840733],[1.6707723786632556,44.78998642622796],[1.6705446939432829,44.789989699368036],[1.670317009196805,44.789992972040594],[1.670089324423825,44.78999624424567],[1.6698347953136699,44.79006522647623],[1.6696321087847674,44.79008080356107],[1.6694791351955938,44.79013299459877],[1.669363020022965,44.79023064996983],[1.669246904447012,44.79032830522256],[1.669145347560255,44.79034509515632],[1.6689649589901878,44.790487000836606],[1.6689116229436063,44.79060341826854],[1.668858286676168,44.79071983567946],[1.668906081821579,44.79083746720989],[1.6689538771669679,44.790955098724446],[1.6690284474436203,44.79101002053704],[1.6692319897668368,44.79095843701561],[1.6694595364640177,44.79096116782595],[1.6695850992544043,44.790998692278876],[1.66981392398911,44.7909474110554],[1.6700427483064308,44.790896129360625],[1.6702325832840548,44.79088940179642],[1.670422418216251,44.79088267390725],[1.6705475557569551,44.79093820104115],[1.670633491991936,44.791047284666725],[1.6707194285603513,44.791156368229764],[1.6707177259032482,44.79122838332803],[1.6705540243704573,44.791199407326374],[1.6703903230063875,44.791170431083316],[1.6704357800843666,44.79138708273051],[1.6703843622106753,44.79142248391839],[1.6701829484544004,44.79138405069343],[1.670181245103295,44.79145606578904],[1.6703029772838225,44.791655623409],[1.670274713330244,44.7917813466336],[1.6703471570524515,44.79192628646029],[1.6703171898643783,44.79212402482185],[1.670200220359509,44.792257688694754],[1.670083250298516,44.792391352450366],[1.669965214892421,44.792570025538666],[1.6698471787361575,44.79274869851217],[1.6696832141083067,44.79290881146377],[1.669519248546628,44.79306892418164],[1.669355282051117,44.7932290366658],[1.6693540037012136,44.793283048011745],[1.669249884606453,44.79340786075361],[1.6690699126840323,44.793531762969366],[1.6688145137338442,44.7936367505073],[1.6686433945415795,44.793742749438806],[1.668472274704114,44.793848748110065],[1.668301154221444,44.793954746521095],[1.6681738796875782,44.793989235703414],[1.6680710362678548,44.794060036020795],[1.6679433347795944,44.79411252872198],[1.6677406331366151,44.79412810237093],[1.6675750045776516,44.79418013895817],[1.6674093757121091,44.79423217529895],[1.6671565314518328,44.79422913635857],[1.6669323868378738,44.79408237059405],[1.66672396101658,44.79398381713566],[1.666515535925953,44.79388526328884],[1.6663071115659949,44.793786709053606],[1.6660152750665256,44.79382822076405],[1.6657234381361306,44.79386973170706],[1.6654705955969378,44.793866688923046],[1.665241755020425,44.79391796123469],[1.6650630551232342,44.79398784565651],[1.6648843547818206,44.794057729792044],[1.6646795143900763,44.79416331669559],[1.6644748359056099,44.79426881937227],[1.6644746732289821,44.79426890322455],[1.6642499459268434,44.79435984269693],[1.6640252178977497,44.794450781716705],[1.6638004891416989,44.79454172028388],[1.6635757596586958,44.79463265839846],[1.663351029448737,44.79472359606042],[1.663271322889451,44.79488471557506],[1.6632683263442325,44.795010741957405],[1.6631710490708107,44.7952016644919],[1.663073771136734,44.79539258695347],[1.6629764925419925,44.795583509342066],[1.6628732114511604,44.79567230864934],[1.6627677888098784,44.795851126724216],[1.6626375085765746,44.79601163598607],[1.662507227599409,44.796172145103625],[1.6623769458783773,44.79633265407686],[1.662271306215746,44.796520473607366],[1.6621656658473094,44.7967082930492],[1.6620619529308627,44.796815095410835],[1.6619582396203831,44.79692189767933],[1.6618798115709708,44.79702900498387],[1.661751240398151,44.79711749816062],[1.661602526635175,44.79698964069603],[1.6615279556819653,44.796934713778185],[1.6614272419235143,44.796915489132246],[1.66129824157306,44.79702198555484],[1.6612193833755948,44.79714709617061],[1.6610655251494901,44.79723528327617],[1.6610700275467154,44.79704624365128],[1.6610745299136636,44.79685720403831],[1.661079032250335,44.796668164437264],[1.6610835345567296,44.79647912484818],[1.6609292491057746,44.79658531551511],[1.6607749630720077,44.79669150597121],[1.660620676455426,44.796797696216515],[1.6604528884707588,44.79693974106617],[1.6602850996382656,44.79708178566882],[1.6601547021922345,44.79724679302373],[1.6600243039807916,44.797411800234556],[1.659893905003931,44.79757680730129],[1.6597635052616468,44.79774181422394],[1.6596092138523475,44.79784800309986],[1.6596049211165729,44.79802804083002],[1.6594026323877717,44.798025595485086],[1.6593276328464526,44.79798867084091],[1.6593263447548736,44.79804268215814],[1.6591746281762012,44.798040847802916],[1.6592273473478159,44.79795144041823],[1.659381639762232,44.797845252069855],[1.6593855038566125,44.79768321813003],[1.6595145093473542,44.797576723908534],[1.6595419416945991,44.79748701071988],[1.6596705171898074,44.797398520093395],[1.6596988076799528,44.79727279933272],[1.659777454830936,44.797156691677294],[1.6598561016570825,44.79704058397067],[1.659858676774007,44.79693256136161],[1.6599623940925137,44.79682576105627],[1.6599388251746179,44.796753440420815],[1.6599911127829303,44.796682036478664],[1.6599941167632533,44.796556010113484],[1.6600459749958008,44.79650260991593],[1.6600742641955777,44.79637688909767],[1.6602032653843106,44.79627039412218],[1.660256410312285,44.79616298253745],[1.6603095550371993,44.79605557093117],[1.6604372680653754,44.79600308698633],[1.6605414115289758,44.79587828240946],[1.6606691239380027,44.79582579820078],[1.6608579789226179,44.79568400754559],[1.6610468329546912,44.795542216575605],[1.6612356860342228,44.79540042529086],[1.6614662509314508,44.7952771461637],[1.6616968148175901,44.79515386656232],[1.661927377692643,44.79503058648677],[1.6620829423654042,44.79487038319526],[1.6620109446335785,44.79470743406257],[1.6618864499131687,44.79462489158163],[1.6617619555582948,44.794542348963255],[1.661688244856808,44.79445141467852],[1.6617418137911388,44.79432599868929],[1.6618965200198144,44.794201803214314],[1.662051225565032,44.79407760752874],[1.6623066391456802,44.79397263555202],[1.6624840574558395,44.79395676685134],[1.6626614756658509,44.7939408978669],[1.6629164593035675,44.7938539282503],[1.6630958036302619,44.79375704164926],[1.663275147338874,44.79366015476136],[1.663376283932196,44.79366137394635],[1.6635297007699827,44.79359118750359],[1.6637075454585684,44.79355731308607],[1.6637851093806915,44.793486212139],[1.6638862456721892,44.793487430858825],[1.6639890933139398,44.7934166344363],[1.6641294389228516,44.79336429860835],[1.6642697842704932,44.79331196260372],[1.6645003339510411,44.793188677256005],[1.6647064539395655,44.79302907942986],[1.664760014786493,44.792903662043436],[1.664863715363089,44.792796857300615],[1.665055908569891,44.79269111790581],[1.6652481010538203,44.79258537818171],[1.665402794748326,44.79246117788888],[1.6655574877594241,44.79233697738552],[1.6658613177890476,44.79232262465465],[1.666062945535079,44.79235206385955],[1.6662645205123496,44.79238149496283],[1.6662645734922445,44.79238150269815],[1.6663635725116295,44.792472737983225],[1.6663854396508417,44.7926170722135],[1.6665328716758356,44.792798934378645],[1.666633152821403,44.792836158129816],[1.6667317262853734,44.792945396869904],[1.6668075778218476,44.79294630890273],[1.6669575733747988,44.793020147897124],[1.6671842746854726,44.79305889092119],[1.6672862638368098,44.793024098995296],[1.6675133920946383,44.7930448375738],[1.6677435069375686,44.79293954926764],[1.6678729123014784,44.79281504172232],[1.6680023170922817,44.792690534031244],[1.668131721309982,44.79256602619445],[1.6683626858919194,44.79242472907599],[1.6684410951695836,44.792317617354776],[1.6685195041485121,44.792210505582005],[1.6685220624003154,44.792102482949794],[1.6686257543531144,44.79199567471817],[1.6684361286488993,44.79199339764871],[1.6682465029600442,44.791991120255],[1.6680459416798121,44.79191667560178],[1.6679700915122464,44.79191576441633],[1.6678325259565305,44.79185108058795],[1.6676949607173237,44.79178639659035],[1.6676469539733363,44.79167776638272],[1.667547954271237,44.79158653226812],[1.6675522210822915,44.79140649462555],[1.6676824766157226,44.79124597984179],[1.6676871696041535,44.791047938452856],[1.6676378835594012,44.79099331955323],[1.6676659396930058,44.79087659891499],[1.6676939957101315,44.7907598782743],[1.6678409623446568,44.79060556712489],[1.6679879281725283,44.79045125578883],[1.6681348931937547,44.790296944266096],[1.668189296723912,44.7901355178237],[1.66814214339515,44.789990880376436],[1.66817169062603,44.7898111465028],[1.6681224051947017,44.789756527841575],[1.6680221285555485,44.78971930547622],[1.6679985522503593,44.789646986728926],[1.668165659708202,44.78953193644783],[1.6683327664822174,44.78941688591944],[1.668511447788986,44.78934699633756],[1.6686901286515798,44.78927710646943],[1.6688803845634088,44.78925237746893],[1.6690706403078948,44.789227648142194],[1.669249107036516,44.789166759254044],[1.669427573378632,44.78910587007994],[1.669638399829609,44.78910239699831],[1.669849226254542,44.789098923515816],[1.670060052653425,44.78909544963249],[1.6702361759778925,44.789133579833404],[1.670539987503746,44.78911921429912],[1.6708437988743612,44.78910484793252],[1.6710726147542734,44.78905356414479],[1.67130143021681,44.789002279885786],[1.6715542511977748,44.78900530937023],[1.6718462712196056,44.788954781268814],[1.6721382907166205,44.7889042523992],[1.6723405471826713,44.788906674506336],[1.6726369213361862,44.788850193525555],[1.6729332948943072,44.78879371175371],[1.6732296678570313,44.78873722919079],[1.673433591532111,44.788667644923414]]}},{"type":"Feature","id":"canyon-alzou","properties":{"routeId":"canyon-alzou","geometryKm":12.35,"pointCount":663},"geometry":{"type":"LineString","coordinates":[[1.6223882853138871,44.80201404090281],[1.622468739737143,44.80185910702163],[1.6225616580493396,44.80168016987077],[1.6226144388563133,44.801590779790224],[1.622617085740995,44.80148275789154],[1.622718235512108,44.801484014160486],[1.6230108052114394,44.80141561081656],[1.6233033741988012,44.801347206702424],[1.6235198599796994,44.80128686205137],[1.6237363452958455,44.80122651697897],[1.6238896118799468,44.80116538703178],[1.6240428781307346,44.80110425687404],[1.6242314025777889,44.80098053200669],[1.6244199261950436,44.80085680682408],[1.6246084489824983,44.800733081326165],[1.6247591664444245,44.800569266645425],[1.6249098830280118,44.80040545176896],[1.6250605987332682,44.80024163669673],[1.6252113135601973,44.800077821428786],[1.6253620275088074,44.79991400596508],[1.6255933498276458,44.79976379577048],[1.6258246709103743,44.79961358510102],[1.6260054909923158,44.79945974674781],[1.6261863100846823,44.79930590810779],[1.626367128187479,44.79915206918098],[1.6265479453007132,44.79899822996736],[1.6267287614243913,44.798844390466954],[1.6269095765585184,44.79869055067979],[1.6270382061579418,44.79860209785788],[1.6271668353526179,44.798513644889454],[1.6273961689248102,44.79844444742529],[1.6276734370597088,44.79848389725565],[1.62783823630694,44.79846792749831],[1.6280030354605477,44.798451957496184],[1.6281817955940812,44.79838213269649],[1.6282088389993705,44.798310430893096],[1.6280460175440759,44.798245384768386],[1.627883196465539,44.79818033840606],[1.627757206012707,44.79816077029567],[1.6277079525307443,44.79810613352344],[1.6277114684406955,44.797962104334104],[1.6277662151813184,44.79779169550102],[1.6278209615900658,44.797621286650745],[1.6277237739836636,44.79745800222593],[1.6276784765941872,44.79724133265416],[1.6277077175057595,44.797079612785694],[1.6277369582491137,44.7969178929184],[1.6279137364719087,44.79692908497509],[1.6280905147650848,44.79694027675004],[1.6282431059668068,44.79690614634025],[1.6285031757453738,44.79678630122576],[1.6287632444152023,44.79666645550625],[1.629023311976297,44.79654660918171],[1.629283378428658,44.796426762252196],[1.6295434437722844,44.79630691471767],[1.6298035080071822,44.79618706657814],[1.6300478415309658,44.79609489467738],[1.6302921742536345,44.79600272224119],[1.6305365061751875,44.795910549269564],[1.6307808372956247,44.79581837576251],[1.6310251676149432,44.795726201720015],[1.6312694971331436,44.795634027142114],[1.631513825850225,44.7955418520288],[1.6317251642695254,44.795431903436025],[1.6319365018622627,44.79532195444463],[1.632147838628439,44.795212005054594],[1.632359174568056,44.79510205526592],[1.632464473538395,44.79493226798138],[1.6325697718727707,44.79476248060667],[1.632771271675366,44.79460779546038],[1.6329727703692352,44.794453109956066],[1.6331742679543855,44.79429842409379],[1.6333757644308229,44.7941437378735],[1.6335772597985545,44.79398905129524],[1.633778754057588,44.793834364358986],[1.6339802472079274,44.79367967706479],[1.6341817392495799,44.79352498941259],[1.6343832301825525,44.79337030140244],[1.6345847200068515,44.79321561303431],[1.634786208722484,44.79306092430826],[1.6350637795440106,44.79299230541257],[1.635341349688037,44.7929236858237],[1.6356189191545618,44.7928550655417],[1.6358964879435773,44.792786444566495],[1.6359011053733896,44.79278530303126],[1.636174056055083,44.79271782289815],[1.636451623489071,44.792649200536616],[1.636729190245539,44.792580577481935],[1.637006756324481,44.7925119537341],[1.637284321725895,44.79244332929309],[1.637561886449774,44.79237470415895],[1.6378394504961162,44.79230607833164],[1.6381212734727237,44.79228702891006],[1.638403096258368,44.79226797877239],[1.638684918853042,44.792248927918564],[1.6389667412567384,44.79222987634866],[1.6392485634694505,44.79221082406264],[1.6395303854911711,44.7921917710605],[1.6398122073218937,44.792172717342254],[1.6400940289616108,44.79215366290789],[1.6403314581852695,44.792096544650356],[1.6405688869265451,44.79203942588555],[1.6408063151854326,44.791982306613484],[1.6410770187960846,44.791943603661714],[1.641347722034066,44.79190490004961],[1.6416184248993748,44.79186619577717],[1.641808039495173,44.791694431650505],[1.6419976529325084,44.79152266720965],[1.6421872652113858,44.79135090245463],[1.642391268116162,44.791281364533575],[1.6425952705163527,44.79121182623886],[1.6427992724119564,44.791142287570516],[1.6429915014487895,44.79103658648062],[1.6431837297628975,44.790930885061336],[1.643375957354283,44.79082518331262],[1.6435681842229481,44.79071948123447],[1.6436444667072283,44.790702405444065],[1.643790653286022,44.79051329847477],[1.6439368388815212,44.79032419132494],[1.6440830234937314,44.790135083994606],[1.6442292071226654,44.78994597648375],[1.644375389768328,44.78975686879238],[1.6444388671441104,44.7895715521946],[1.6445023441014905,44.78938623557221],[1.6445658206404699,44.78920091892522],[1.644662789042917,44.78902501615673],[1.6447597568386814,44.78884911331403],[1.644856724027771,44.78867321039707],[1.6449536906101896,44.7884973074059],[1.6450506565859404,44.788321404340515],[1.6451476219550334,44.7881455012009],[1.645332945905112,44.788010897628304],[1.645518268967955,44.78787629375216],[1.6457035911435645,44.787741689572485],[1.6458889124319485,44.78760708508926],[1.6460742328331093,44.7874724803025],[1.6462272209009166,44.78742032160272],[1.6464294709026421,44.78742279097113],[1.6466317209221293,44.787425259970625],[1.6468614185857757,44.78733801886039],[1.6470170048967279,44.78717783712637],[1.6471725903212822,44.78701765518282],[1.6472771797192156,44.78687485978936],[1.6473817685859666,44.78673206430419],[1.647491267674115,44.78653530181696],[1.6476007659959768,44.78633853923489],[1.6477102635515577,44.78614177655791],[1.6478197603408662,44.785945013786055],[1.6479292563639094,44.78574825091933],[1.6480387516206976,44.78555148795774],[1.6481482461112347,44.78535472490127],[1.6482727639510675,44.785171651627024],[1.6483972809801533,44.784988578224414],[1.6485217971984998,44.78480550469345],[1.6486463126061133,44.78462243103416],[1.648811825242218,44.784469571646234],[1.6489773369785183,44.78431671201923],[1.6491428478150238,44.784163852153206],[1.649308357751737,44.784010992048096],[1.649473866788667,44.78385813170394],[1.64966580405408,44.78393850832021],[1.6498577418681595,44.78401888460644],[1.6500496802309081,44.78409926056262],[1.6500453579397432,44.78427929707753],[1.6499647635479082,44.78447641375762],[1.6499857209830548,44.78465675813224],[1.650165111432551,44.78482102269625],[1.6503445029300714,44.784985286979285],[1.6505238954756245,44.785149550981295],[1.6507032890692166,44.78531381470231],[1.6507767540266491,44.78541375783509],[1.6508502192452175,44.78551370092263],[1.6510749355943897,44.785633493264164],[1.6512996529009711,44.78575328515518],[1.6515631555526917,44.78583753048311],[1.6518266589939354,44.78592177518725],[1.6520979427265832,44.78603312722583],[1.6523692275336122,44.78614447860492],[1.6526405134150208,44.78625582932451],[1.652911800370809,44.78636717938458],[1.65318308840098,44.786478528785146],[1.6534543775055293,44.78658987752619],[1.6535860475502282,44.78672354201429],[1.6537177182208875,44.78685720635216],[1.6538493895175075,44.78699087053977],[1.6541430428584765,44.787048462357696],[1.6544366968009465,44.78710605339904],[1.6547303513449145,44.78716364366381],[1.6549060275239584,44.78721980187674],[1.655081704053892,44.78727595981242],[1.6553688487414258,44.78735405101774],[1.6556559942264908,44.78743214148159],[1.6559431405090836,44.78751023120389],[1.6562302875891983,44.78758832018466],[1.6565174354668337,44.78766640842389],[1.656804584141983,44.7877444959216],[1.657091733614644,44.78782258267774],[1.6573855379222031,44.787874164690805],[1.65767934276878,44.78792574592626],[1.6579731481543707,44.78797732638414],[1.6582490972103483,44.788070710747135],[1.6585250471828714,44.788164094426385],[1.658766859677908,44.788275073357454],[1.6590086731274358,44.788386051765386],[1.659250487531459,44.78849702965019],[1.659402178362456,44.788498863895676],[1.659580867850817,44.78842898872698],[1.6597595568950814,44.788359113272],[1.6599260337357484,44.78827108103093],[1.660092510055162,44.78818304854255],[1.6602347767180288,44.78804970102164],[1.660377042706151,44.78791635332428],[1.660582726187758,44.78777476716393],[1.6608517303295909,44.7876879721552],[1.6611207336409923,44.78760117649642],[1.6613897361219598,44.78751438018761],[1.6616587377724912,44.787427583228784],[1.6617051702975547,44.787412601064354],[1.6619277385925821,44.78734078561991],[1.6621967385822336,44.787253987361],[1.662465737741442,44.7871671884521],[1.662734736070204,44.787080388893166],[1.6630037335685182,44.786993588684226],[1.6632944667975966,44.78699709429617],[1.6635852000629208,44.78700059914579],[1.6638759333644824,44.78700410323314],[1.6641666667022739,44.78700760655815],[1.6644203336280199,44.786974644859065],[1.6646740002563793,44.786941682580014],[1.6649536601711739,44.7868790179385],[1.6652333194626672,44.78681635259297],[1.6655129781308544,44.786753686543456],[1.6657747817335402,44.7866822292754],[1.6660365846708525,44.78661077139092],[1.6662983869427899,44.78653931289006],[1.6665601885493473,44.786467853772784],[1.6668219894905238,44.78639639403912],[1.6670837897663136,44.78632493368904],[1.6673455893767162,44.786253472722564],[1.6675103414935608,44.786237444082026],[1.667675093516483,44.786221415196785],[1.6678340832077467,44.786413019000506],[1.6679930739824722,44.78660462258881],[1.6681520658406703,44.78679622596169],[1.6683110587823489,44.78698782911917],[1.66847005280752,44.78717943206122],[1.6686290479161927,44.78737103478785],[1.6687880441083767,44.78756263729904],[1.668947041384082,44.78775423959478],[1.6691060397433175,44.7879458416751],[1.669265039186094,44.78813744353999],[1.6694240397124207,44.7883290451894],[1.669583041322306,44.78852064662336],[1.6697420440157626,44.78871224784188],[1.669901047792799,44.78890384884491],[1.670060052653425,44.78909544963249],[1.6702361759778925,44.789133579833404],[1.670539987503746,44.78911921429912],[1.6708437988743612,44.78910484793252],[1.6710726147542734,44.78905356414479],[1.67130143021681,44.789002279885786],[1.6715541973644492,44.789005308725244],[1.6715542511977748,44.78900530937023],[1.6718462712196056,44.788954781268814],[1.6721382907166205,44.7889042523992],[1.6723405471826713,44.788906674506336],[1.6726369213361862,44.788850193525555],[1.6729332948943072,44.78879371175371],[1.6732296678570313,44.78873722919079],[1.6734336228749545,44.78866763422836],[1.6735343259645041,44.78868684791649],[1.6735587584596712,44.78872315792211],[1.673555360561185,44.78886718808788],[1.673476965837069,44.78897430329904],[1.6733235740131276,44.78904450339246],[1.6733222995700499,44.78909851470705],[1.673537410235344,44.789092084002895],[1.6737525208514341,44.78908565288146],[1.6739185533104832,44.78901560338468],[1.6740845853558592,44.78894555364095],[1.6743382552082429,44.78891256923055],[1.6744402324122576,44.7888777707744],[1.6744410813220383,44.788841763225385],[1.6745169274476424,44.78884266998363],[1.6744882498893372,44.78898639793689],[1.6744364123047912,44.78903980475033],[1.6746618295628257,44.789132543763],[1.674659707628757,44.78922256264951],[1.6745067410411831,44.78927476060765],[1.674432592175309,44.78920183873512],[1.674357170050796,44.78918292814283],[1.6742042032902005,44.78923512568292],[1.6740242556402967,44.78935903576276],[1.6738978442847225,44.78935752390824],[1.6738717127328027,44.78939322907104],[1.6736171909927056,44.789462219969444],[1.6734654971016045,44.78946040516981],[1.6734393652273394,44.78949611023197],[1.6733378110955963,44.78951290400067],[1.673284697441972,44.789620321609654],[1.6732080005767058,44.78965542155743],[1.6729294692411079,44.78967009701339],[1.6728274896652082,44.78970489408955],[1.6725999478884626,44.78970217019157],[1.672396200644457,44.78976276175904],[1.6721924529613468,44.78982335295338],[1.6719143458000436,44.78982002208846],[1.6716362386716919,44.789816690526074],[1.67134828591503,44.789873269840044],[1.6710603325788818,44.78992984840733],[1.6707723786632556,44.78998642622796],[1.6705446939432829,44.789989699368036],[1.670317009196805,44.789992972040594],[1.670089324423825,44.78999624424567],[1.6698347953136699,44.79006522647623],[1.6696321087847674,44.79008080356107],[1.6694791351955938,44.79013299459877],[1.669363020022965,44.79023064996983],[1.669246904447012,44.79032830522256],[1.669145347560255,44.79034509515632],[1.6689649589901878,44.790487000836606],[1.6689116229436063,44.79060341826854],[1.668858286676168,44.79071983567946],[1.668906081821579,44.79083746720989],[1.6689538771669679,44.790955098724446],[1.6690284474436203,44.79101002053704],[1.6692319897668368,44.79095843701561],[1.6694595364640177,44.79096116782595],[1.6695850992544043,44.790998692278876],[1.66981392398911,44.7909474110554],[1.6700427483064308,44.790896129360625],[1.6702325832840548,44.79088940179642],[1.670422418216251,44.79088267390725],[1.6705475557569551,44.79093820104115],[1.670633491991936,44.791047284666725],[1.6707194285603513,44.791156368229764],[1.6707177259032482,44.79122838332803],[1.6705540243704573,44.791199407326374],[1.6703903230063875,44.791170431083316],[1.6704357800843666,44.79138708273051],[1.6703843622106753,44.79142248391839],[1.6701829484544004,44.79138405069343],[1.670181245103295,44.79145606578904],[1.6703029772838225,44.791655623409],[1.670274713330244,44.7917813466336],[1.6703471570524515,44.79192628646029],[1.6703171898643783,44.79212402482185],[1.670200220359509,44.792257688694754],[1.670083250298516,44.792391352450366],[1.669965214892421,44.792570025538666],[1.6698471787361575,44.79274869851217],[1.6696832141083067,44.79290881146377],[1.669519248546628,44.79306892418164],[1.669355282051117,44.7932290366658],[1.6693540037012136,44.793283048011745],[1.669249884606453,44.79340786075361],[1.6690699126840323,44.793531762969366],[1.6688145137338442,44.7936367505073],[1.6686433945415795,44.793742749438806],[1.668472274704114,44.793848748110065],[1.668301154221444,44.793954746521095],[1.6681738796875782,44.793989235703414],[1.6680710362678548,44.794060036020795],[1.6679433347795944,44.79411252872198],[1.6679410412487006,44.794112704937],[1.6677406331366151,44.79412810237093],[1.6675750045776516,44.79418013895817],[1.6674093757121091,44.79423217529895],[1.6671565314518328,44.79422913635857],[1.6669323868378738,44.79408237059405],[1.66672396101658,44.79398381713566],[1.666515535925953,44.79388526328884],[1.6663071115659949,44.793786709053606],[1.6660152750665256,44.79382822076405],[1.6657234381361306,44.79386973170706],[1.6654705955969378,44.793866688923046],[1.665241755020425,44.79391796123469],[1.665241698447796,44.79391798335869],[1.6650630551232342,44.79398784565651],[1.6648843547818206,44.794057729792044],[1.6646795143900763,44.79416331669559],[1.6644746732289821,44.79426890322455],[1.6642499459268434,44.79435984269693],[1.6640252178977497,44.794450781716705],[1.6638004891416989,44.79454172028388],[1.6635757596586958,44.79463265839846],[1.663351029448737,44.79472359606042],[1.663271322889451,44.79488471557506],[1.6632683263442325,44.795010741957405],[1.6631710490708107,44.7952016644919],[1.663073771136734,44.79539258695347],[1.6629764925419925,44.795583509342066],[1.6628732114511604,44.79567230864934],[1.6627677888098784,44.795851126724216],[1.6626375085765746,44.79601163598607],[1.662507227599409,44.796172145103625],[1.6623769458783773,44.79633265407686],[1.662271306215746,44.796520473607366],[1.6621656658473094,44.7967082930492],[1.6620619529308627,44.796815095410835],[1.6619582396203831,44.79692189767933],[1.6618798115709708,44.79702900498387],[1.661751240398151,44.79711749816062],[1.6616470973247273,44.79724230392609],[1.6615450970319945,44.79727709071532],[1.661467525047199,44.79734819018715],[1.66149238217854,44.79736649918134],[1.6614115948144694,44.797572626948636],[1.6613308068580122,44.797778754671484],[1.6612648050654628,44.79789501608697],[1.6611988029999405,44.79801127746776],[1.6611707298796312,44.798127996752406],[1.661142656642758,44.79824471603456],[1.6611567975202777,44.79844748754579],[1.6611709384998006,44.79865025906915],[1.6611850795813285,44.798853030604626],[1.661199220764862,44.799055802152225],[1.6611833616533915,44.799190677908285],[1.6611675024658272,44.79932555366824],[1.6610384960933207,44.79943204987564],[1.660851344523911,44.79950182586806],[1.6606641924899437,44.79957160154631],[1.6604770399914228,44.799641376910394],[1.6602747454196423,44.79963893315491],[1.6601723108237187,44.79969172249597],[1.6599691577420415,44.79972528575503],[1.6598161489409105,44.79977746363278],[1.659663139855763,44.79982964130037],[1.6595101304865996,44.79988181875778],[1.659307405707324,44.799897377022155],[1.6591783944991352,44.80000387108644],[1.659038027706523,44.800056200766115],[1.6588976606526016,44.80010853026909],[1.658871085051113,44.80016223581036],[1.6587185036171583,44.800196408397476],[1.6585637738717678,44.80032059969123],[1.6584090434427645,44.80044479077434],[1.658230958907164,44.80048765866502],[1.6580528740999798,44.80053052627037],[1.6578265788178723,44.80047376069898],[1.6576632869255952,44.80042676179513],[1.6574999953063407,44.80037976265165],[1.657299848362539,44.80028729457197],[1.6570718344079691,44.80030254257832],[1.6568464013846982,44.80020976745703],[1.6567469739803444,44.800136527211755],[1.6565712555997838,44.80008037166882],[1.656547259410574,44.80002605400682],[1.6565507015569196,44.79988202381918],[1.656453856903283,44.799700760685724],[1.6564566538267715,44.79958373617297],[1.6564594507386168,44.79946671166478],[1.656387033104752,44.799321762396424],[1.6564140409881263,44.79925005369698],[1.6563167675278454,44.79908679425017],[1.6562940630372125,44.798978465251345],[1.6563729347638614,44.798853358060406],[1.6564260894513942,44.79874594821733],[1.6564029545827827,44.7986556230183],[1.6562786745255786,44.7985640722493],[1.6561779596435178,44.79854484282565],[1.6561535341059532,44.798508528869874],[1.6559853133294478,44.79850649015783],[1.6558753849379366,44.79850515776867],[1.6557755313088358,44.7984499204564],[1.6556482389163651,44.79848439531505],[1.655417648109165,44.79860766247974],[1.6553644916257546,44.798715071834444],[1.6552611927595444,44.79880386414638],[1.6552106199251266,44.79880325086379],[1.6550466889614441,44.79878325377562],[1.6548827581143792,44.798763256445234],[1.6547203353401008,44.79868024571697],[1.6545579130454608,44.79859723475313],[1.654306773755786,44.7985221514814],[1.6540911937718317,44.7985465486546],[1.6538756136007762,44.798570945408954],[1.6536210257817026,44.798639890621985],[1.6534039356192154,44.79872729960066],[1.6531868447816895,44.79881470815699],[1.653032538006574,44.79892088792138],[1.6528782306486023,44.79902706747487],[1.6527616367983256,44.79914270950898],[1.6526450424683956,44.799258351425046],[1.6525657303384513,44.799401459736366],[1.6525502819628546,44.7995183305175],[1.6525348335230292,44.79963520130111],[1.6524821021294633,44.79972460555505],[1.6523796600607996,44.79977738769992],[1.6520875663365453,44.79982786471907],[1.6517954720877808,44.79987834096976],[1.651580317672753,44.79988472951876],[1.6513651632088289,44.799891117650375],[1.6512162497435074,44.79977224801511],[1.6510673369079025,44.799653378184686],[1.6508039862968238,44.79956012940773],[1.6505406365593547,44.799466880008374],[1.6503876197119929,44.79951904487327],[1.6503610362598882,44.79957274836432],[1.6503340205009438,44.79964445559731],[1.6502577279156545,44.79966153604146],[1.6500445197265075,44.79958690474904],[1.6498313121034232,44.79951227304862],[1.649629883422103,44.79947380238763],[1.6494781632989215,44.79947195476653],[1.6493253617410644,44.79951511629424],[1.6491725599485882,44.799558277612064],[1.6489682469358686,44.79963983069861],[1.6487639333303934,44.79972138341103],[1.6485596191321632,44.79980293574929],[1.6483058850302577,44.79983586130601],[1.6481290936135806,44.79982470174452],[1.64795230226709,44.79981354190124],[1.6477508737922117,44.79977506782363],[1.64754944559303,44.79973659338067],[1.6474997383330177,44.7996999691077],[1.6472293135499365,44.7996381412779],[1.6469588893616567,44.79957631279002],[1.6466884657681826,44.799514483644046],[1.6464180427695188,44.79945265383998],[1.6461398895163801,44.79944925832068],[1.6458617362968444,44.79944586210377],[1.6456008746491708,44.799424667355076],[1.645340013198186,44.79940347199293],[1.645079151943898,44.7993822760174],[1.644789440884793,44.7993337133192],[1.6444997303261928,44.79928514986503],[1.6442100202681034,44.79923658565485],[1.6439203107105322,44.799188020688675],[1.6438444511273276,44.79918709299875],[1.6436406385313043,44.79924763192052],[1.6434368254963447,44.79930817046898],[1.6432593849272936,44.79932400872445],[1.643009126680781,44.799212892417025],[1.6427829967863048,44.79915009493824],[1.642556867396998,44.79908729699975],[1.6423307385128632,44.79902449860151],[1.642080918328494,44.7988953764992],[1.6419326795415232,44.79874948887506],[1.641948584711038,44.79861461589597],[1.641964489804241,44.79847974292077],[1.642068026520266,44.798381961151094],[1.642171562876142,44.79828417928802],[1.6422770555846231,44.79810538065106],[1.6422874176086253,44.79788579735833],[1.6422977795516867,44.797666214080984],[1.642308141413807,44.79744663081901],[1.6423185031949892,44.79722704757243],[1.642328864895233,44.79700746434121],[1.64238247944842,44.79688205759864],[1.642504535963359,44.7967154676758],[1.6426265917549838,44.796548877628055],[1.6427486468233032,44.79638228745538],[1.6428297182136604,44.79616717152389],[1.6429107889836456,44.79595205554886],[1.642839280060579,44.7957710902193],[1.642640043016778,44.79564258844224],[1.6424408068837044,44.795514086312856],[1.6422415716613532,44.79538558383113],[1.6420423373497224,44.79525708099706],[1.641843103948807,44.79512857781068],[1.6416682861001684,44.795036391379554],[1.6414934688247973,44.79494420467575],[1.6412547880242776,44.79487824867016],[1.6410161077837433,44.79481229215234],[1.6407390660427186,44.79476387388965],[1.6404620247788493,44.794715454935634],[1.6402464533865566,44.79473982516471],[1.6400308818073899,44.79476419497495],[1.6398136765879432,44.79485607815432],[1.639596470658577,44.794947960911124],[1.63937926401929,44.79503984324538],[1.6391620566700829,44.79513172515707],[1.6388737534432938,44.79520022268858],[1.6385854495140317,44.795268719472176],[1.6382971448823045,44.79533721550784],[1.6380525792944012,44.795409849840794],[1.637808013074603,44.795482483636185],[1.637563446222915,44.79555511689403],[1.637318878739337,44.7956277496143],[1.637074310623873,44.79570038179699],[1.6368612747380615,44.79579381132573],[1.6366482381442264,44.79588724044816],[1.6364352008423695,44.79598066916434],[1.6362799967545039,44.79612283285821],[1.6361247918817539,44.79626499634172],[1.636032362498008,44.79642594085312],[1.635939932585083,44.79658688529627],[1.6359107156091732,44.79674860730739],[1.6358814984651815,44.79691032931968],[1.6358522811531049,44.79707205133315],[1.6358995757777004,44.79720770100972],[1.6359468706305151,44.797343350672364],[1.6360556327544962,44.797551792587825],[1.6361643956849472,44.79776023441133],[1.6361604646608667,44.79792226753929],[1.6361565336141277,44.798084300676],[1.6360757251341858,44.79828740941264],[1.6359949160703735,44.79849051810438],[1.6359141064226843,44.798693626751216],[1.6358369369651709,44.79874670464],[1.6357449395997599,44.79888964536119],[1.6356529417665422,44.79903258601299],[1.6354737518338311,44.79912042655618],[1.6352189932689019,44.79919533076543],[1.634964234025128,44.79927023439138],[1.6347094741025123,44.79934513743402],[1.634531593644728,44.79937896541011],[1.6343537129728811,44.799412793101276],[1.6340682547132472,44.79944979774278],[1.6337827960778337,44.79948680165],[1.6334973370666475,44.799523804822954],[1.6332118776796953,44.7995608072616],[1.6329958467583223,44.799603167116],[1.6327798155114064,44.79964552655017],[1.632588632690082,44.799706201050085],[1.6323974494560956,44.7997668752217],[1.6322077990275239,44.79976453619476],[1.632018148614734,44.79976219684353],[1.6318402652180795,44.799796020507735],[1.6316609208158637,44.79988985613846],[1.631481575814965,44.79998369148215],[1.631302230215381,44.8000775265388],[1.631098181677968,44.80014704426621],[1.630894132635926,44.80021656161984],[1.6306900830892561,44.80028607859967],[1.6304101721020714,44.80035465832625],[1.6301422458431314,44.80045039903949],[1.6298743186716407,44.80054613910856],[1.6296029807256278,44.80060881972064],[1.629331642174569,44.800671499670194],[1.629060303018467,44.800734178957256],[1.6287787242443053,44.80076546840513],[1.6284971451567136,44.80079675713846],[1.6282155657556978,44.80082804515722],[1.6279178233072447,44.80086112833642],[1.6276200805083676,44.800894210716685],[1.627322337359077,44.800927292297985],[1.6270245938593786,44.80096037308033],[1.6267268500092826,44.80099345306373],[1.626497725165312,44.801053647372356],[1.626268599830686,44.80111384120886],[1.6260516776223954,44.801192194883],[1.625834754809441,44.801270548134944],[1.6255952178882846,44.80141165261288],[1.6253556797646784,44.80155275658017],[1.6251161404386198,44.80169386003686],[1.6249484683501578,44.80182684955964],[1.6247807954683997,44.801959838834904],[1.6246131217933426,44.80209282786266],[1.6244454473249814,44.802225816642895],[1.6243296695700327,44.80230542158023],[1.6242138914871962,44.802385026398845],[1.623971893979472,44.802454060490305],[1.6237298958774085,44.802523094055374],[1.6235280334183384,44.802502579610284],[1.6232891211418259,44.80244558659946],[1.623050209349734,44.802388593075115],[1.6228749586764322,44.80231438045005],[1.6227014729678997,44.80216815293322],[1.6225013769141254,44.80207562200756],[1.6224503602935594,44.80209299743804],[1.6224503595481643,44.802092996888504]]}},{"type":"Feature","id":"andre-breton","properties":{"routeId":"andre-breton","geometryKm":9.65,"pointCount":526},"geometry":{"type":"LineString","coordinates":[[1.6443124405468212,44.48401703598802],[1.6443126841016236,44.484017142623166],[1.6444735399689898,44.48412716084507],[1.6446343964624845,44.484237178837624],[1.6447882916774446,44.4841130220787],[1.6449421862163893,44.48398886511172],[1.6450973746071942,44.483810703320025],[1.6452525620197898,44.48363254132368],[1.6454077484541825,44.483454379122676],[1.6454683157462702,44.48328855979408],[1.6455288826830317,44.48312274044408],[1.6455894492644694,44.482956921072685],[1.645650015490587,44.4827911016799],[1.6457048342581633,44.48260270315699],[1.6457596526603504,44.48241430462215],[1.6457841675925675,44.482230936027854],[1.6458086823657467,44.482047567442635],[1.645833196979891,44.48186419886648],[1.645857711434998,44.48168083029942],[1.6458822257310715,44.481497461741405],[1.6459361800249677,44.48134506625362],[1.6459901340279681,44.481192670749465],[1.6459741142982283,44.48101302705022],[1.6459596282398143,44.48085058081981],[1.6459451422646536,44.4806881345989],[1.645930656372743,44.48052568838747],[1.6459351122821912,44.48033967272541],[1.6459395681623157,44.4801536570781],[1.645944024013117,44.47996764144558],[1.6459086236685967,44.47976553055804],[1.645873223577194,44.47956341967681],[1.6458378237389089,44.47936130880186],[1.645802424153736,44.47915919793324],[1.645767024821675,44.47895708707092],[1.6457082636728155,44.47878530087259],[1.6456495028810636,44.47861351465573],[1.645564521065198,44.478486423362504],[1.645479539631417,44.47835933201079],[1.6454090712261085,44.478151388290506],[1.6453386033391895,44.47794344454393],[1.6453716881238032,44.477743525394274],[1.6454047726744285,44.47754360625199],[1.6454378569910673,44.477343687117106],[1.6454709410737227,44.477143767989595],[1.6455040249223962,44.47694384886948],[1.645537108537091,44.47674392975675],[1.6455701919178092,44.47654401065143],[1.6456032750645535,44.4763440915535],[1.6456921136311904,44.4761351035613],[1.6457809515410442,44.47592611551645],[1.6458697887941187,44.47571712741899],[1.6459920040449412,44.47551455138033],[1.6461142184199538,44.475311975224024],[1.6462364319191678,44.47510939895008],[1.6463491145910685,44.474954723614424],[1.6464617966464177,44.47480004817398],[1.6465744780852174,44.47464537262882],[1.6466901999812844,44.47453875233077],[1.6468059214408906,44.47443213191626],[1.6469593543546908,44.474325974126224],[1.6471127866923105,44.474219816127615],[1.6472662184537525,44.474113657920434],[1.6474957907888983,44.47397842218041],[1.647725362025806,44.47384318597041],[1.6479549321644797,44.47370794929044],[1.6481211466622008,44.47359294331286],[1.6482873604837271,44.47347793709047],[1.6484139256892243,44.473443475010974],[1.6485929240467594,44.47331962167879],[1.6488460532221707,44.473250696678406],[1.6490991817804186,44.47318177109905],[1.6493523097214993,44.47311284494076],[1.6495668659809137,44.47307945931241],[1.6497814219869418,44.473046073267085],[1.6499838372636868,44.472994531431915],[1.6501862521713837,44.472942989226404],[1.6504385182684638,44.47291006352894],[1.650690784071728,44.4728771372549],[1.6509430495811719,44.47284421040426],[1.651195314796791,44.47281128297702],[1.65144757971858,44.472778354973194],[1.6515737120692868,44.47276189075506],[1.6518301461043658,44.47276502631969],[1.6520865801678846,44.47276816128803],[1.652343014259836,44.47277129566008],[1.6525994483802184,44.47277442943584],[1.6528558825290238,44.472777562615306],[1.6531236201202948,44.47279883998911],[1.6533913579130752,44.47282011671309],[1.6536590959073614,44.47284139278722],[1.6539648308099624,44.47285112756477],[1.6542705658178383,44.472860861494766],[1.6545763009309824,44.472870594577174],[1.654882036149384,44.472880326812],[1.6551877714730334,44.47289005819923],[1.6554935069019234,44.47289978873889],[1.65574480663545,44.47290735426543],[1.6559961064362272,44.47291491921933],[1.6562474063042487,44.47292248360058],[1.6564987062395107,44.4729300474092],[1.6567633250856006,44.47290626114952],[1.6570279437090372,44.47288247425508],[1.6572925621098138,44.47285868672594],[1.6575571802879254,44.47283489856208],[1.6578171095313703,44.47283206051422],[1.6580770387487194,44.472829221853715],[1.6583369679399638,44.472826382580536],[1.6586388693840486,44.472821052163155],[1.6589407707712045,44.472815720919286],[1.6591803541450578,44.47278712272344],[1.6594199372765428,44.47275852400743],[1.6596595201656554,44.472729924771286],[1.6598991028123922,44.472701325014995],[1.660087870709299,44.47269461564512],[1.6602766385614036,44.472687905952135],[1.6604796827757335,44.47260934259455],[1.660682726425794,44.47253077886582],[1.660885982709253,44.47244321401014],[1.6610892383631355,44.472355648783186],[1.6612581618060087,44.47220078439168],[1.6614270843235166,44.47204591975185],[1.661596005915666,44.47189105486369],[1.6616899084913372,44.47180496585748],[1.6617649265824639,44.47173618972718],[1.6619338463239133,44.47158132434237],[1.6621027651400222,44.471426458709225],[1.6622716830307964,44.471271592827776],[1.6620982591411813,44.47116144865879],[1.66194216391581,44.47102750559997],[1.6617860694299955,44.470893562327994],[1.6616299756837374,44.470759618842855],[1.661534104606416,44.470560381718016],[1.6617633443180275,44.47043711748686],[1.6619789481729546,44.470358704002116],[1.6621945514298744,44.47028029009851],[1.6623098090107018,44.4701916551135],[1.662425066230176,44.470103020011436],[1.6626033845743284,44.47000614636751],[1.662781702307458,44.4699092724393],[1.6629218846918759,44.46982994245719],[1.6630620666829383,44.46975061229963],[1.6632636068182127,44.46973504916122],[1.6634161449468563,44.469664871691606],[1.6635448200318903,44.46954038481001],[1.6636734945503326,44.469415897785034],[1.6639033630742583,44.46926562692035],[1.6641332303763727,44.46911535558633],[1.664253664737082,44.468984765883505],[1.6643740985414923,44.468854176056574],[1.6644945317896107,44.46872358610554],[1.6647191549843765,44.46858225343479],[1.6649437770562394,44.46844092031517],[1.6651683980052063,44.46829958674671],[1.6653930178312788,44.4681582527294],[1.6656176365344628,44.468016918263245],[1.66570795803127,44.46791897482873],[1.6657982556583144,44.46782105686933],[1.66570795803127,44.46791897482873],[1.6656176365344628,44.468016918263245],[1.6653930178312788,44.4681582527294],[1.6651683980052063,44.46829958674671],[1.6649437770562394,44.46844092031517],[1.6647191549843765,44.46858225343479],[1.6644945317896107,44.46872358610554],[1.6643740985414923,44.468854176056574],[1.664253664737082,44.468984765883505],[1.6641332303763727,44.46911535558633],[1.6639033630742583,44.46926562692035],[1.6636734945503326,44.469415897785034],[1.6635448200318903,44.46954038481001],[1.6634161449468563,44.469664871691606],[1.6632636068182127,44.46973504916122],[1.6630620666829383,44.46975061229963],[1.6629218846918759,44.46982994245719],[1.662781702307458,44.4699092724393],[1.6626033845743284,44.47000614636751],[1.662425066230176,44.470103020011436],[1.6623098090107018,44.4701916551135],[1.6621945514298744,44.47028029009851],[1.6619789481729546,44.470358704002116],[1.6617633443180275,44.47043711748686],[1.661534104606416,44.470560381718016],[1.6616299756837374,44.470759618842855],[1.6617860694299955,44.470893562327994],[1.66194216391581,44.47102750559997],[1.6620982591411813,44.47116144865879],[1.6622716830307964,44.471271592827776],[1.6622715535234176,44.47127171156207],[1.6622716830307964,44.471271592827776],[1.6620982591411813,44.47116144865879],[1.66194216391581,44.47102750559997],[1.6617860694299955,44.470893562327994],[1.6616299756837374,44.470759618842855],[1.661534104606416,44.470560381718016],[1.6617633443180275,44.47043711748686],[1.6619789481729546,44.470358704002116],[1.6621945514298744,44.47028029009851],[1.6623098090107018,44.4701916551135],[1.662425066230176,44.470103020011436],[1.6626033845743284,44.47000614636751],[1.662781702307458,44.4699092724393],[1.6629218846918759,44.46982994245719],[1.6630620666829383,44.46975061229963],[1.6632636068182127,44.46973504916122],[1.6634161449468563,44.469664871691606],[1.6635448200318903,44.46954038481001],[1.6636734945503326,44.469415897785034],[1.6639033630742583,44.46926562692035],[1.6641332303763727,44.46911535558633],[1.664253664737082,44.468984765883505],[1.6643740985414923,44.468854176056574],[1.6644945317896107,44.46872358610554],[1.6647191549843765,44.46858225343479],[1.6649437770562394,44.46844092031517],[1.6651683980052063,44.46829958674671],[1.6653930178312788,44.4681582527294],[1.6656176365344628,44.468016918263245],[1.66570795803127,44.46791897482873],[1.665798279215176,44.46782103132442],[1.6659185653878996,44.46769644037466],[1.666038851030543,44.467571849300455],[1.6661591361431127,44.467447258101814],[1.6663255075204022,44.4673232242569],[1.6664918781678069,44.4671991901677],[1.6666184182212762,44.467164707290365],[1.666746231589092,44.467076219791615],[1.6668923595813385,44.466921929309926],[1.6670384867761323,44.46676763864497],[1.6671846131734813,44.46661334779674],[1.6673385169785089,44.46648466015666],[1.667492420083025,44.466355972308996],[1.667646322487034,44.466227284253755],[1.6678002241905385,44.46609859599093],[1.6679514745862793,44.46608241682323],[1.668205395793701,44.465977444629196],[1.66835834161974,44.465889258949794],[1.6685112869687326,44.465801073061634],[1.6687652058735507,44.465696099591334],[1.6690191238356136,44.46559112554115],[1.669220647505795,44.465575551543544],[1.6694221710649686,44.46555997717774],[1.669624541635841,44.46550839946187],[1.6698269118375384,44.46545682137576],[1.670103423705241,44.465460157057116],[1.67023080439955,44.46538966707683],[1.6704327503208105,44.46535608937331],[1.6706346960022378,44.465322511300435],[1.6708776907428766,44.46532544091338],[1.6711206855086898,44.465328369990836],[1.6713636802996759,44.46533129853278],[1.6716640603092,44.46538893771159],[1.671964440931085,44.46544657607356],[1.672264822165324,44.46550421361867],[1.6721416713511856,44.46539469094968],[1.671917971510356,44.46528395700005],[1.6718199591738825,44.46517473677791],[1.671797359048964,44.465066424977735],[1.6716725220459878,44.46502890885954],[1.6716725184736858,44.46502890778598],[1.6715966837631224,44.46504600069143],[1.6716993473224957,44.46495720465877],[1.671701461801403,44.46486719718842],[1.6714500899251472,44.4648641684234],[1.6715024790904198,44.464774766759334],[1.6714304514966543,44.464629846122946],[1.6713558862585103,44.46459293438759],[1.6713718387750751,44.46444907393235],[1.6713877912104722,44.46430521348382],[1.6711104387564997,44.4643378839993],[1.6709583476751846,44.464390070461754],[1.67071848843375,44.46443219525566],[1.6704786288349553,44.46447431952856],[1.6703009764351942,44.46454420344427],[1.6701512126781948,44.46449738062602],[1.6700014491692114,44.46445055760531],[1.6698996307960166,44.46450334906924],[1.669947364126941,44.4646119644823],[1.6699205332203966,44.464683667172395],[1.6697701341467395,44.464663846061455],[1.6696071446153888,44.464629890071095],[1.669494896980596,44.46460650509521],[1.6692313815317112,44.46458531811323],[1.668967866280295,44.46456413050164],[1.66871607205465,44.46457909698502],[1.6686389654497065,44.46465019229394],[1.6684868712476135,44.46470237535442],[1.668363305541362,44.46461084998322],[1.6683632965758148,44.46461084826254],[1.6682631813027835,44.46459163402361],[1.6681928582795977,44.464374705376315],[1.668118719522977,44.46431978997994],[1.6679159277359188,44.46438936638071],[1.6678153799130415,44.4643881514917],[1.6677672267229648,44.464297536640395],[1.6676423905191442,44.46426001489836],[1.6676428147017412,44.46424201342507],[1.6675448124286458,44.4641327894527],[1.6675724944931762,44.46402508441524],[1.6677275567916536,44.46384689233502],[1.6678574814772915,44.46366839632944],[1.6677562059619357,44.46370314339205],[1.6677560866534287,44.46370318432605],[1.6675890927698593,44.46385422233814],[1.6674220979942231,44.46400526010727],[1.6673202780148746,44.46405804917908],[1.6673156108771943,44.46425606536335],[1.6673109437068272,44.46445408156453],[1.6673846575884073,44.464526998981654],[1.6673561263670573,44.464670706946244],[1.6671401273098654,44.46476713222503],[1.6669241275160267,44.464863557084726],[1.6667475306824187,44.4648884315977],[1.6665709336934458,44.46491330582812],[1.66633064435904,44.46497342256123],[1.6660903545137218,44.46503353877226],[1.6659998259320075,44.465140483133645],[1.665909297007869,44.46524742742569],[1.6658292125875198,44.465444531118905],[1.6657491276088725,44.46564163477092],[1.665620041410649,44.46578412549053],[1.6655437789955552,44.46581921571638],[1.6655139678244932,44.46601692772197],[1.6655131180769638,44.466052930680206],[1.6654108677213773,44.4661237195157],[1.6654095929988042,44.466177723954566],[1.6654330311348362,44.46625003415497],[1.6655570205422732,44.46632356139381],[1.6654807573605441,44.46635865158433],[1.665280079770941,44.46633821579055],[1.6651531157598463,44.466390698600044],[1.6651267029301426,44.46644439869815],[1.6648864055540196,44.466504512324086],[1.6646461076669794,44.466564625427935],[1.6643700159627524,44.46654327458072],[1.6641951139497788,44.46649613910952],[1.6640202122283956,44.46644900336188],[1.6638936721921815,44.46648348324677],[1.6638165569272958,44.466554575242334],[1.663851285924707,44.46668104254537],[1.6638860150774648,44.46680750984443],[1.6638832499866951,44.466924519460285],[1.6638804848844817,44.46704152908201],[1.6638280815684077,44.46713092721266],[1.663598434268867,44.46727219703987],[1.6633198711340438,44.4673552521504],[1.6630413071808967,44.46743830656022],[1.6627627424094298,44.46752136026931],[1.662484176819646,44.46760441327769],[1.6622056104115495,44.46768746558535],[1.6619240362503809,44.46774578586752],[1.6616424615083805,44.46780410543215],[1.6613608861855567,44.467862424279254],[1.6610793102819137,44.46792074240881],[1.6607977337974562,44.46797905982085],[1.660516156732189,44.46803737651533],[1.6602345790861195,44.46809569249228],[1.6599868559103543,44.46815030340245],[1.659739132256085,44.46820491375739],[1.6594914081233128,44.4682595235571],[1.659243683512044,44.468314132801595],[1.6589961203170067,44.4683687058029],[1.6589959584222809,44.46836874149086],[1.6587424364287118,44.46845569111383],[1.6586150345067703,44.468526167915826],[1.6583616536116133,44.4686071161784],[1.6581082719909754,44.4686880638616],[1.6578548896448584,44.46876901096541],[1.657633428815653,44.46882933834813],[1.6574119675138865,44.468889665287655],[1.6571905057395615,44.46894999178398],[1.6569690434926803,44.469010317837125],[1.656703801414322,44.46906110675324],[1.6564385588594697,44.469111895032434],[1.6561733158281273,44.46916268267477],[1.6559080723202997,44.469213469680206],[1.6556647762954166,44.469222508050144],[1.6554214801927558,44.469231545883304],[1.6551781840123192,44.4692405831797],[1.6548672792469432,44.46927280408118],[1.654556374127234,44.469305024106525],[1.654245468653204,44.46933724325574],[1.6539838410193486,44.4694120787237],[1.6537222126929574,44.469486913573334],[1.6534605836740364,44.469561747804704],[1.6532164281287451,44.469606783694786],[1.6529722721945208,44.46965181904516],[1.652728115871365,44.46969685385582],[1.6525265729742107,44.469712397738505],[1.6522822163506663,44.46967789952312],[1.652037860025301,44.46964340076679],[1.6517935039981195,44.46960890146949],[1.651549148269125,44.46957440163125],[1.6514494503355763,44.46953716891006],[1.6512479076561275,44.46955271045468],[1.6512206212415572,44.469642410198944],[1.6511404793938396,44.46983950359804],[1.6510603369874104,44.47003659695577],[1.650980194022264,44.47023369027222],[1.6508647038118258,44.4703313141442],[1.6507492132025827,44.47042893789937],[1.6506473660915175,44.470481711721355],[1.650385728400083,44.470556538689706],[1.6501240900161516,44.470631365039715],[1.6498624509397277,44.47070619077141],[1.6496730435413234,44.470739884813845],[1.649483635917178,44.47077357853146],[1.6493306474451426,44.47086173821527],[1.649153809082372,44.47089558534176],[1.6490519596416704,44.470948357700955],[1.648947959084926,44.47109113723828],[1.6488439580029308,44.471233916686366],[1.64880302141098,44.471368465507666],[1.6487620846241975,44.471503014321634],[1.648658082315217,44.47164579362002],[1.6485290827815615,44.47178226421438],[1.648400082625179,44.47191873466595],[1.6482710818460669,44.4720552049747],[1.6481176575572976,44.47216136448504],[1.6479642326923913,44.47226752378679],[1.647796299522459,44.472454535303434],[1.6476283652416133,44.47264154657954],[1.6475497138756952,44.47277563250601],[1.6474710621367266,44.47290971838419],[1.647213507732595,44.472953376484604],[1.6469559529307138,44.47299703398432],[1.6466983977310907,44.47304069088336],[1.646440842133725,44.4730843471817],[1.6461832861386245,44.47312800287934],[1.6459565884826357,44.473143226107936],[1.64565489975157,44.47313952107757],[1.645353211060048,44.47313581522188],[1.6451152370507065,44.47309687792332],[1.644877263369141,44.473057940111886],[1.6446757063335464,44.47307346966826],[1.6444741491872306,44.47308899885635],[1.6442457244342172,44.47317622438004],[1.644079719155111,44.47328222376926],[1.6439137132535524,44.47338822291347],[1.643711291034353,44.473439753615615],[1.643534873172152,44.47345559031661],[1.6434321499546154,44.47354436044881],[1.6434419126770903,44.473661524537334],[1.6434516754400277,44.47377868863099],[1.643434353361155,44.47397654998841],[1.6434170311610419,44.4741744113601],[1.6434638578658554,44.4743190416055],[1.6435106848102439,44.474463671840084],[1.6434073117586645,44.47457944417869],[1.6433039382837316,44.474695216426205],[1.6431377107468543,44.474810215198055],[1.6429714825337558,44.47492521372508],[1.642793547217644,44.47500405436572],[1.6426156114052763,44.47508289472198],[1.6426125857713345,44.47520890495237],[1.642539339843085,44.475379067750914],[1.642495292239595,44.47548139734466],[1.6424660934739304,44.47554923051338],[1.642392846663866,44.47571939323975],[1.6423195994128883,44.47588955593004],[1.6422902421457883,44.47606476067995],[1.6422608846967333,44.47623996543532],[1.6422315270657215,44.47641517019623],[1.642202169252751,44.476590374962605],[1.642146984313919,44.47679377248167],[1.64209179897801,44.476997169991044],[1.6420366132450195,44.477200567490755],[1.641948480262398,44.47737955017385],[1.6418603467217392,44.4775585328004],[1.6417722126230412,44.4777375153704],[1.6417171691977066,44.47793491228215],[1.6417502337578522,44.478128892720264],[1.6417832985448997,44.478322873164785],[1.6418163635588523,44.478516853615695],[1.6418494287997119,44.47871083407293],[1.6418451037443202,44.478890848942754],[1.6418407786613856,44.47907086382643],[1.6418873891414065,44.47922449579317],[1.6419339998747606,44.47937812775043],[1.6420178937277512,44.479550225623306],[1.6421017880915225,44.47972232344517],[1.6421856829660786,44.479894421216024],[1.6422695783514243,44.48006651893588],[1.6422901822105387,44.480255844235494],[1.6423107862076571,44.48044516954676],[1.6421829043719927,44.480533629230955],[1.6420550221361174,44.480622088770254],[1.6418647118341705,44.48069177255047],[1.641674401063054,44.480761456004416],[1.641411902400551,44.48069519863585],[1.6411494043533645,44.480628940644436],[1.640886906921499,44.4805626820302],[1.6406244101049579,44.48049642279307],[1.640383228006703,44.48041542001505],[1.640142046599611,44.48033441671244],[1.6399008658836811,44.48025341288528],[1.6397504359244013,44.48023355069424],[1.6398978339218386,44.48037942332324],[1.6400073001582294,44.48053383140448],[1.6401167669925993,44.48068823938736],[1.640314022348787,44.48085273307468],[1.640385557850512,44.48101567654628],[1.6402823829288546,44.48112244553439],[1.6402802178173506,44.481212453030686],[1.6403773310298895,44.48135770504249],[1.6405248418128837,44.481499076528856],[1.6406723533336602,44.48164044782657],[1.6408198655922237,44.481781818935616],[1.640967378588579,44.481923189856005],[1.6412288006150224,44.482034452091554],[1.641490223670514,44.482145713712804],[1.6417024396820534,44.482211351569525],[1.6419146561864022,44.4822769890198],[1.6421260082958111,44.48237862909516],[1.6423373611652317,44.482480268769976],[1.642560206480246,44.482627066590126],[1.6428023439307324,44.482756094528334],[1.6430444824865618,44.48288512194216],[1.6432866221477385,44.48301414883161],[1.6435287629142643,44.48314317519663],[1.6436761782481344,44.48328904295927],[1.6436970039688703,44.48346936749427],[1.6437178298224722,44.48364969203936],[1.6437390877505111,44.483812015061126],[1.6438895286337791,44.483831871842604],[1.6441011060209827,44.483924507433954],[1.644178098875501,44.483958217281916]]}},{"type":"Feature","id":"trois-gouffres","properties":{"routeId":"trois-gouffres","geometryKm":8.54,"pointCount":456},"geometry":{"type":"LineString","coordinates":[[1.6097077644845499,44.78956167758199],[1.609632446174185,44.789542743709184],[1.6093407012626657,44.78957960531874],[1.6090489559686416,44.78961646616117],[1.6087572102921195,44.789653326236476],[1.6084654642331075,44.78969018554463],[1.6081639306073894,44.78973930249116],[1.6078623964548924,44.78978841861854],[1.6075608617756232,44.789837533926764],[1.60725932656959,44.78988664841585],[1.6069577908368,44.789935762085804],[1.6066562545772605,44.78998487493658],[1.6063547177909792,44.7900339869682],[1.606053180477963,44.790083098180695],[1.60575164263822,44.79013220857399],[1.6054501042717564,44.79018131814815],[1.6051485653785809,44.790230426903136],[1.6048470259587007,44.790279534838966],[1.6045454860121227,44.790328641955625],[1.6042439455388546,44.79037774825311],[1.603942404538904,44.790426853731425],[1.6036408630122778,44.79047595839057],[1.6033554299318757,44.79051288386511],[1.6030699964765898,44.79054980860539],[1.6027845626464265,44.790586732611395],[1.6024991284413925,44.79062365588316],[1.6022704675040558,44.790665796423134],[1.6020418062239818,44.79070793649218],[1.6018643811591524,44.79072370846977],[1.6018399941018495,44.79068738265696],[1.6018178456820606,44.79056103934114],[1.6017956973618044,44.790434696026345],[1.6017207457947829,44.79039773252959],[1.601530680445995,44.790413344549854],[1.601340614991665,44.790428956244426],[1.601240829301214,44.790373669995596],[1.6011548047843733,44.79027353440676],[1.6010687805739257,44.790173398754625],[1.600891804936882,44.790171165679176],[1.6007148293138964,44.79016893232127],[1.6004629033220594,44.790129734337334],[1.6001961669546443,44.79007594147698],[1.5999294310975871,44.790022147975925],[1.5996626957508957,44.78996835383425],[1.5993959609145716,44.78991455905194],[1.5991292265886226,44.78986076362899],[1.598914553213282,44.78984904650042],[1.5986998799274106,44.78983732895628],[1.5983958966905931,44.78985749881463],[1.5980919132356988,44.78987766783977],[1.5977879295627366,44.78989783603172],[1.5975716845641559,44.78994912848009],[1.5973554391710594,44.79000042050764],[1.5971497167530722,44.790136745594225],[1.596943993337556,44.790273070305496],[1.5967382689245067,44.79040939464143],[1.5965325435139193,44.790545718602026],[1.5963268171057894,44.79068204218728],[1.5961210897001128,44.79081836539719],[1.595915361296885,44.79095468823177],[1.5956784060438591,44.791075500359106],[1.59544144977259,44.79119631198506],[1.595204492483075,44.791317123109636],[1.5949675341753113,44.79143793373285],[1.5947305748492977,44.791558743854665],[1.594493614505031,44.7916795534751],[1.5942566531425093,44.791800362594145],[1.5940196907617303,44.791921171211804],[1.5938634901009856,44.792099282280496],[1.5937095401024792,44.79218737575614],[1.5934720631760992,44.79224439418255],[1.5932345857680827,44.7923014121015],[1.592997107878434,44.79235842951301],[1.5927430143852463,44.79240563063944],[1.592488920465451,44.7924528311844],[1.5922348261190526,44.792500031147895],[1.5919807313460552,44.79254723052991],[1.591726636146463,44.79259442933046],[1.5914808780742753,44.79264533530285],[1.5912351195570873,44.79269624073151],[1.5909893605949001,44.792747145616374],[1.5907861913857773,44.792780582056224],[1.5905830219350174,44.79281401812422],[1.5903638994708085,44.792811232600094],[1.5901447770283137,44.792808446643],[1.5899256546075338,44.79280566025292],[1.5896987818525257,44.792775761039884],[1.5894719093388034,44.79274586136301],[1.5892317177595503,44.79274280557061],[1.5889915262064067,44.792739749257954],[1.5887513346793778,44.79273669242506],[1.5885111431784673,44.79273363507191],[1.5882334788237613,44.792712090871355],[1.5879558146818422,44.792690545975695],[1.587712012545168,44.79266342862005],[1.587468210643662,44.79263631072868],[1.5872244089773255,44.79260919230154],[1.5869915570053932,44.79256570442547],[1.586758705393655,44.7925222160611],[1.5865258541421132,44.792478727208426],[1.5862930032507723,44.792435237867466],[1.5861176057532282,44.792369969143984],[1.5859422086628896,44.79230470014451],[1.5857803592559114,44.79220358521937],[1.5856185104310487,44.79210247006148],[1.585533869930587,44.79194831197034],[1.5854492298942389,44.79179415382267],[1.5852503646699472,44.791656547427934],[1.5850515004190209,44.791518940683],[1.5848763337969423,44.791444668298205],[1.584726450317452,44.79137071835826],[1.5845530976035902,44.79122443172975],[1.584423092153909,44.79103067367133],[1.584293087600198,44.790836915473264],[1.5841630839424519,44.79064315713559],[1.5840899572787004,44.79053416800929],[1.584015924059945,44.79046118569141],[1.5840434733806037,44.79037149143605],[1.5842705600959193,44.790392400481146],[1.5843703291315634,44.79044770200035],[1.584393798200854,44.79052003850772],[1.5845689613051017,44.79059431163133],[1.5845647641473273,44.79042617204337],[1.584560567014653,44.79025803246491],[1.5845563699070804,44.79008989289593],[1.5844331323758667,44.78996225506876],[1.5842823467715,44.78992431141532],[1.5839798693209952,44.789884430340024],[1.583701540499383,44.78988987994677],[1.5834232116238247,44.7898953288549],[1.5832446497505632,44.78995607958717],[1.5830660874914628,44.79001683003314],[1.582810090275113,44.7901396227267],[1.5827342439301528,44.790138653240014],[1.5825319870230465,44.79013606768854],[1.5822755622106262,44.790075159640715],[1.5820191379537303,44.79001425100116],[1.581762714252365,44.78995334176989],[1.5815062911065298,44.78989243194691],[1.5812498685162306,44.78983152153223],[1.5809814059043166,44.789780061345475],[1.5807129437837897,44.789728600509655],[1.5804444821546517,44.78967713902479],[1.5801862520364525,44.78963781405832],[1.579928022279449,44.789598488491],[1.5796697928836454,44.78955916232285],[1.5794115638490467,44.789519835553875],[1.579208854369752,44.78953524734335],[1.5790061447793384,44.78955065876236],[1.578770939543102,44.789517628651666],[1.578535734583191,44.78948459804242],[1.578300529899612,44.78945156693465],[1.5780729938905085,44.78944864906603],[1.5778454579050216,44.78944573073052],[1.577572881762321,44.78947375026818],[1.577300305347973,44.78950176913605],[1.577027728661983,44.78952978733417],[1.5767551517043568,44.7895578048625],[1.5765508460514397,44.78963622366288],[1.576346539828668,44.78971464208895],[1.5761752583777306,44.78982049811932],[1.5760039762818963,44.78992635388893],[1.5758326935411595,44.7900322093978],[1.5756031028171946,44.79011030171737],[1.5753735114555105,44.79018839356364],[1.5752452760846671,44.79025878280185],[1.5751170403927663,44.79032917189342],[1.5749242299226285,44.7904527586449],[1.574731418604926,44.79057634506634],[1.574531601172495,44.79072685498122],[1.5743317826703411,44.79087736454376],[1.5741319630984585,44.79102787375395],[1.5739321424568407,44.79117838261178],[1.5737505976239186,44.79135614011776],[1.5735968465356325,44.791435203950535],[1.5734430950149583,44.79151426757225],[1.5732776154387063,44.79155716154164],[1.5731121356099793,44.791600055264695],[1.5728277050716915,44.791596394545095],[1.5725432745704422,44.791592733095925],[1.57225884410624,44.7915890709172],[1.571974413679092,44.791585408008906],[1.5717234161217384,44.79151013794766],[1.5714724192363876,44.79143486732021],[1.571322324668202,44.791369900954074],[1.5711722304468576,44.791304934386204],[1.571073388011967,44.79121361422089],[1.570964421474304,44.79102311247253],[1.570855455674996,44.790832610629465],[1.570718919950237,44.79073179965052],[1.5705823847150604,44.79063098850693],[1.5704550578641832,44.7906653654708],[1.5703249840273408,44.79080776252059],[1.5701949095316823,44.79095015942472],[1.5700928641430705,44.790984862003484],[1.569915887195878,44.79098257948987],[1.5696463607407505,44.79097309970726],[1.5693768343765082,44.79096361926958],[1.5691073081031555,44.790954138176794],[1.5690981034014932,44.79081894977948],[1.569088898744092,44.79068376138763],[1.5691314040365039,44.79050421714396],[1.5691739090574692,44.79032467289501],[1.569125177562853,44.79025200690168],[1.5690502477224686,44.79021502132753],[1.5688222508233853,44.790230087839106],[1.568680907775581,44.790318309677495],[1.56853956428425,44.79040653133839],[1.5684090277780367,44.79056692949146],[1.5682538959340913,44.79069999598522],[1.5680987633558983,44.79083306226798],[1.567993965569572,44.79097578309647],[1.5679530612774184,44.791092315157535],[1.5679121568157175,44.791208847208146],[1.5679080295681673,44.79137087749549],[1.567954009037981,44.79155156425173],[1.5680762741303036,44.79171519849502],[1.567954009037981,44.79155156425173],[1.5679080295681673,44.79137087749549],[1.5679121568157175,44.791208847208146],[1.5679530612774184,44.791092315157535],[1.567993965569572,44.79097578309647],[1.5680987633558983,44.79083306226798],[1.5682538959340913,44.79069999598522],[1.5684090277780367,44.79056692949146],[1.56853956428425,44.79040653133839],[1.568680907775581,44.790318309677495],[1.5688222508233853,44.790230087839106],[1.5690502477224686,44.79021502132753],[1.569125177562853,44.79025200690168],[1.5691739090574692,44.79032467289501],[1.5691314040365039,44.79050421714396],[1.569088898744092,44.79068376138763],[1.5690981034014932,44.79081894977948],[1.5691073081031555,44.790954138176794],[1.5693768343765082,44.79096361926958],[1.5696463607407505,44.79097309970726],[1.569915887195878,44.79098257948987],[1.5700928641430705,44.790984862003484],[1.5701949095316823,44.79095015942472],[1.5703249840273408,44.79080776252059],[1.5704550578641832,44.7906653654708],[1.5705823847150604,44.79063098850693],[1.570718919950237,44.79073179965052],[1.570855455674996,44.790832610629465],[1.570964421474304,44.79102311247253],[1.571073388011967,44.79121361422089],[1.5711722304468576,44.791304934386204],[1.571322324668202,44.791369900954074],[1.5714724192363876,44.79143486732021],[1.5717234161217384,44.79151013794766],[1.571974413679092,44.791585408008906],[1.57225884410624,44.7915890709172],[1.5725432745704422,44.791592733095925],[1.5728277050716915,44.791596394545095],[1.5731121356099793,44.791600055264695],[1.5732776154387063,44.79155716154164],[1.5734430950149583,44.79151426757225],[1.5735968465356325,44.791435203950535],[1.5737505976239186,44.79135614011776],[1.5739321424568407,44.79117838261178],[1.5741319630984585,44.79102787375395],[1.5743317826703411,44.79087736454376],[1.574531601172495,44.79072685498122],[1.574731418604926,44.79057634506634],[1.5749242299226285,44.7904527586449],[1.5751170403927663,44.79032917189342],[1.5752452760846671,44.79025878280185],[1.5753735114555105,44.79018839356364],[1.5756031028171946,44.79011030171737],[1.5758326935411595,44.7900322093978],[1.5760039762818963,44.78992635388893],[1.5761752583777306,44.78982049811932],[1.576346539828668,44.78971464208895],[1.5765508460514397,44.78963622366288],[1.5767551517043568,44.7895578048625],[1.577027728661983,44.78952978733417],[1.577300305347973,44.78950176913605],[1.577572881762321,44.78947375026818],[1.5778454579050216,44.78944573073052],[1.5780729938905085,44.78944864906603],[1.578300529899612,44.78945156693465],[1.578535734583191,44.78948459804242],[1.578770939543102,44.789517628651666],[1.5790061447793384,44.78955065876236],[1.579208854369752,44.78953524734335],[1.5794115638490467,44.789519835553875],[1.5796697928836454,44.78955916232285],[1.579928022279449,44.789598488491],[1.5801862520364525,44.78963781405832],[1.5804444821546517,44.78967713902479],[1.5807129437837897,44.789728600509655],[1.5809814059043166,44.789780061345475],[1.5812498685162306,44.78983152153223],[1.5815062911065298,44.78989243194691],[1.581762714252365,44.78995334176989],[1.5820191379537303,44.79001425100116],[1.5822755622106262,44.790075159640715],[1.5825319870230465,44.79013606768854],[1.5827342439301528,44.790138653240014],[1.582810090275113,44.7901396227267],[1.5830660874914628,44.79001683003314],[1.5832446497505632,44.78995607958717],[1.5834232116238247,44.7898953288549],[1.583701540499383,44.78988987994677],[1.5839798693209952,44.789884430340024],[1.5842823467715,44.78992431141532],[1.5844331323758667,44.78996225506876],[1.5845563699070804,44.79008989289593],[1.584560567014653,44.79025803246491],[1.5845647641473273,44.79042617204337],[1.5845689613051017,44.79059431163133],[1.5846434486372254,44.79064929015311],[1.5848822715928435,44.790706366175385],[1.5851210950333028,44.7907634416844],[1.5853734661522876,44.79078467109751],[1.5856244787399913,44.79085991024218],[1.585773003456638,44.790987869265386],[1.5858461339727274,44.79109685729859],[1.585919264772317,44.79120584528762],[1.585965754787124,44.79136852112078],[1.5860397917313356,44.79144150215942],[1.5862894500425913,44.79157075013961],[1.5864415993729313,44.79155468075546],[1.5865404673651864,44.791645987230964],[1.5866411460355776,44.79166527984221],[1.5867657499610344,44.79173890495257],[1.5870181260791658,44.79176013062961],[1.5872705023878362,44.79178135573243],[1.5875228788870408,44.79180258026102],[1.587781397496683,44.79178066033959],[1.5880399159047598,44.791758739815634],[1.5882984341112638,44.79173681868914],[1.5885569521161933,44.79171489696013],[1.5888154699195407,44.79169297462861],[1.5889793565994148,44.79171306956056],[1.5891432433964299,44.791733164250445],[1.5892701094888058,44.79171676927178],[1.5894964131490554,44.79176917367196],[1.589722717231136,44.79182157761124],[1.5899490217350438,44.79187398108961],[1.5901753266607772,44.79192638410706],[1.5904290590415628,44.791893591640985],[1.5905825620473832,44.79182350619004],[1.5907360646705326,44.79175342052829],[1.5909426142867948,44.79158495822727],[1.5911491626653869,44.791416495551196],[1.5914293777102548,44.791336012821795],[1.5917095919529427,44.791255529386504],[1.5919898053934458,44.79117504524534],[1.5922700180317608,44.791094560398285],[1.592550229867885,44.791014074845336],[1.5928304409018137,44.790933588586526],[1.5928586522800674,44.79081688693027],[1.5928868635412168,44.79070018527148],[1.5930415616416318,44.79058208720926],[1.593196259092219,44.790463988935976],[1.593350955892981,44.79034589045163],[1.593355460175653,44.790165855819666],[1.5933599644294811,44.7899858211986],[1.5933378353401142,44.78985947621995],[1.5933157063501928,44.78973313124234],[1.5932439145046575,44.78957013781036],[1.5932470677019615,44.78944411360326],[1.5933021358086927,44.78926472056506],[1.5933572035640537,44.789085327510485],[1.5934122709680474,44.78890593443957],[1.5934673380206767,44.7887265413523],[1.5934576247369614,44.788609358539745],[1.5934479114937294,44.78849217573103],[1.593499825467142,44.78843880681709],[1.5937038779775332,44.788369358548785],[1.593907929983892,44.78829990990662],[1.5939837740405765,44.7883008717499],[1.5942505786353725,44.78825022742886],[1.5945173827495738,44.788199582466696],[1.5947453645188052,44.788184463134044],[1.594981173411398,44.78819345473523],[1.5952169823794047,44.78820244583492],[1.5954527914228174,44.78821143643319],[1.5957122622188356,44.78820121631132],[1.595971732920533,44.78819099558233],[1.5962312035279032,44.78818077424619],[1.5964906740409406,44.788170552302944],[1.5967440862400748,44.7881497477379],[1.59699749825169,44.78812894259388],[1.5972509100757815,44.78810813687084],[1.5974949576764186,44.7880571968695],[1.5977390048348892,44.78800625633191],[1.597983051551187,44.787955315258074],[1.5982270978253112,44.787904373648],[1.5984711436572558,44.787853431501674],[1.5987452572244927,44.78781367432932],[1.5990193704041158,44.78777391647984],[1.5992934831961203,44.78773415795328],[1.5995675956004978,44.78769439874964],[1.599841707617244,44.78765463886888],[1.6001077567951205,44.78763398625452],[1.6003738057775667,44.78761333300194],[1.6006398545645768,44.78759267911115],[1.6009059031561443,44.78757202458214],[1.6011719515522642,44.78755136941495],[1.6014379997529304,44.78753071360953],[1.6016149671014959,44.787532945811236],[1.6017919344641103,44.787535177730504],[1.6020357211524103,44.78756226408271],[1.6022795080755667,44.78758934989915],[1.6025232952335775,44.787616435179864],[1.6027749877061872,44.787664630191784],[1.6030266806102356,44.78771282463316],[1.6032794920212676,44.787716009784276],[1.6034913606511345,44.78767065433396],[1.603703228939223,44.787625298479526],[1.6039150968855278,44.78757994222095],[1.6042062763135772,44.787565599274814],[1.6044974555930807,44.78755125556408],[1.6047746539395793,44.787590762495505],[1.6050518526755793,44.7876302687345],[1.6053290518010743,44.78766977428104],[1.6056062513160585,44.787709279135115],[1.6058834512205258,44.787748783296756],[1.6061096428080686,44.78780565459528],[1.606403995173802,44.7878333670163],[1.6066983478296593,44.787861078656164],[1.6069927007756364,44.787888789514895],[1.6072504956335045,44.787946055534],[1.6075082910164469,44.78800332095485],[1.607561771257031,44.78801520070759],[1.6077660869244592,44.78806058577748],[1.6080238833575375,44.788117850001875],[1.6083277051951972,44.78810365493167],[1.6084798388404526,44.78808755532889],[1.6086576992420905,44.78805376926903],[1.6088355594299961,44.78801998292425],[1.608975942868045,44.787967717007334],[1.6091163260451267,44.78791545091361],[1.6093871802927,44.787870824208646],[1.6096580341103564,44.78782619684274],[1.609928887498092,44.7877815688159],[1.6101069685833096,44.787738778677536],[1.6102850493975003,44.7876959882538],[1.6104254306794015,44.787643720507546],[1.6105658117003316,44.78759145258449],[1.6105658201024757,44.78759144214482],[1.6105658117003316,44.78759145258449],[1.610421871139108,44.78778774863952],[1.6102779295729313,44.78798404452088],[1.6101787857155367,44.788158390437985],[1.610079641243346,44.78833273627682],[1.609980496156353,44.788507082037405],[1.6098813504545522,44.78868142771973],[1.6098267809558764,44.78884282543077],[1.6098134571121339,44.789040758503525],[1.6098001331745884,44.78923869158806],[1.6097868091432417,44.78943662468437],[1.609756214858441,44.789536390061556]]}},{"type":"Feature","id":"micoque","properties":{"routeId":"micoque","geometryKm":12.28,"pointCount":489},"geometry":{"type":"LineString","coordinates":[[1.009927734,44.938030152],[1.009830811,44.938038548],[1.009501585,44.938321895],[1.009202754,44.938595518],[1.009081726,44.938714937],[1.009039433,44.93877038],[1.008914108,44.938978616],[1.008872464,44.939101483],[1.008853519,44.939185039],[1.008812273,44.939296701],[1.00877597,44.939386971],[1.008647694,44.939560433],[1.008491375,44.939698674],[1.008280617,44.939880791],[1.008133277,44.939980419],[1.007624436,44.940328901],[1.007410648,44.940478403],[1.007345905,44.940523176],[1.007270251,44.940457513],[1.006978833,44.940200873],[1.006921248,44.940162014],[1.006300104,44.93953875],[1.00628881,44.939492615],[1.006276537,44.939474021],[1.006125362,44.939392548],[1.006084465,44.939376549],[1.005994459,44.939318734],[1.005977878,44.939292903],[1.006000384,44.9392698],[1.006061921,44.939283062],[1.006322423,44.939360417],[1.006401898,44.939393456],[1.00646341,44.939439546],[1.006471186,44.939541819],[1.006439116,44.939598525],[1.006383529,44.939663995],[1.006234892,44.939714422],[1.006141511,44.939708694],[1.006046054,44.939686447],[1.005618818,44.939847383],[1.005113554,44.939977331],[1.004272618,44.940239185],[1.003729595,44.940414381],[1.003232643,44.940588377],[1.002824777,44.940771131],[1.002453624,44.940969809],[1.001765049,44.941524571],[1.000872388,44.942307755],[1.00042315,44.942593917],[0.999904671,44.943295876],[0.99961879,44.943726962],[0.99952727,44.94387149],[0.999381811,44.944194862],[0.999212079,44.944633306],[0.99894315,44.945441886],[0.998752573,44.946346851],[0.998594698,44.947582583],[0.99868032,44.948445507],[0.998838542,44.949342566],[0.99896529,44.94989564],[0.999367914,44.950427065],[0.999800534,44.950928496],[1.000292535,44.951461526],[1.000430661,44.951546825],[1.000581229,44.95163532],[1.000923802,44.951760096],[1.001092991,44.951817312],[1.001512356,44.951997506],[1.001705353,44.952080683],[1.002559397,44.952502809],[1.002768321,44.952576948],[1.003319761,44.952735055],[1.004179906,44.952943688],[1.004574656,44.953014135],[1.004773407,44.953053503],[1.004895758,44.952972883],[1.004857311,44.952716724],[1.00477713,44.952542631],[1.004754696,44.952403213],[1.004730158,44.952119743],[1.004766291,44.952077431],[1.004818259,44.951953668],[1.00492655,44.951904545],[1.005135405,44.951937879],[1.005282844,44.952039686],[1.005331752,44.952686329],[1.005349936,44.952945232],[1.005403903,44.953043335],[1.005440864,44.953063317],[1.005700599,44.953121205],[1.005818445,44.953167225],[1.005926415,44.953244817],[1.006002065,44.953300347],[1.00605054,44.953317564],[1.006105045,44.953325701],[1.00622458,44.953313525],[1.006301524,44.953300584],[1.006346271,44.953294226],[1.006414646,44.953318959],[1.006436411,44.953348936],[1.00695323,44.953261202],[1.007202608,44.95321447],[1.007304809,44.953208196],[1.007456667,44.953196597],[1.00825401,44.953267085],[1.008417598,44.953289469],[1.00854349,44.953301857],[1.008676838,44.953318566],[1.008766131,44.953322191],[1.008945876,44.95331825],[1.009083715,44.95329424],[1.009232841,44.953263136],[1.009405523,44.953222321],[1.009647669,44.953175589],[1.009802608,44.953141481],[1.009881883,44.953137902],[1.009974615,44.953130375],[1.01004678,44.953123426],[1.010066426,44.953138098],[1.009998825,44.953209435],[1.009941909,44.953237057],[1.009834924,44.953249462],[1.009661809,44.953259603],[1.009575665,44.953295888],[1.00953445,44.953320683],[1.009514402,44.953360178],[1.009516591,44.953416418],[1.009547465,44.95347925],[1.009621376,44.953626749],[1.009640442,44.953657757],[1.009650274,44.953670227],[1.009702223,44.953739651],[1.009702514,44.953817202],[1.009632115,44.954053038],[1.009564015,44.954277702],[1.009539416,44.95443465],[1.009536463,44.954485664],[1.009484,44.954494992],[1.009329352,44.954477903],[1.009206667,44.954492998],[1.009056467,44.954543537],[1.008798628,44.954667668],[1.008505233,44.954903562],[1.008345576,44.955027423],[1.008275487,44.955179368],[1.007955401,44.955759281],[1.007710017,44.956100194],[1.007439078,44.956399848],[1.007225965,44.956603539],[1.00701197,44.956757092],[1.006698627,44.956900622],[1.006110698,44.957285511],[1.005506773,44.957595672],[1.00523743,44.957721614],[1.004997285,44.957797014],[1.004746493,44.957850741],[1.004452594,44.957939494],[1.00432334,44.957967842],[1.004232062,44.957987684],[1.004655956,44.958576752],[1.005202813,44.959143437],[1.005595973,44.95942028],[1.006198052,44.960136152],[1.006521999,44.960454712],[1.006666636,44.960796535],[1.006770953,44.961020101],[1.006979063,44.961246607],[1.007153092,44.961404143],[1.007559531,44.961511534],[1.007964812,44.961651596],[1.008180749,44.961893641],[1.008384091,44.962040352],[1.008580589,44.96218694],[1.009021116,44.962384911],[1.009563177,44.962681697],[1.009879107,44.96283042],[1.00995273,44.962868485],[1.010346219,44.962933753],[1.01084792,44.963070531],[1.011010144,44.963164353],[1.011060289,44.963370734],[1.01114388,44.963578388],[1.011439099,44.963764023],[1.011663732,44.96385815],[1.012313953,44.96374589],[1.012750972,44.96330288],[1.01309891,44.96335422],[1.01344592,44.963431751],[1.013935672,44.963519397],[1.014481088,44.963529136],[1.014980424,44.963496711],[1.015177497,44.963466455],[1.0154793,44.963455765],[1.015949368,44.963465233],[1.016076933,44.963484802],[1.016183161,44.963526551],[1.016234856,44.96357138],[1.016257411,44.963676077],[1.016275351,44.963771371],[1.01629561,44.963930202],[1.016309153,44.964074457],[1.016342973,44.964140447],[1.016385121,44.964164706],[1.016553905,44.964202572],[1.017334127,44.963954802],[1.017765996,44.963548698],[1.018015147,44.963261869],[1.01853684,44.96267228],[1.018827519,44.962470085],[1.019115049,44.962152325],[1.019166308,44.962047998],[1.019155974,44.961812744],[1.019126417,44.96166915],[1.019151514,44.961486675],[1.019212476,44.961344693],[1.019354701,44.961196999],[1.019600208,44.961045064],[1.019784688,44.960918521],[1.019900601,44.960815344],[1.020127654,44.960539331],[1.020349593,44.960375762],[1.0204837,44.960242242],[1.02060632,44.960067583],[1.020716119,44.959932684],[1.020788771,44.959879803],[1.020889002,44.959811067],[1.021106836,44.959709703],[1.021233549,44.959666971],[1.021486266,44.959569199],[1.021917708,44.959367475],[1.022364225,44.959115896],[1.022614065,44.958970112],[1.023016222,44.958789208],[1.023255764,44.958687145],[1.023487635,44.958360145],[1.023645568,44.958090191],[1.023686332,44.957991755],[1.02366616,44.957829956],[1.023570815,44.95767398],[1.023517861,44.957589279],[1.023245058,44.95740448],[1.023034687,44.957003285],[1.022821081,44.956693897],[1.022660107,44.956521488],[1.022555259,44.956440862],[1.022467644,44.956346357],[1.022408049,44.956245055],[1.022490441,44.955829612],[1.022544551,44.955557814],[1.022671739,44.954929579],[1.022793012,44.954425798],[1.022825933,44.954150516],[1.022874821,44.954026691],[1.022945212,44.953951343],[1.023066718,44.953764503],[1.023076176,44.953701311],[1.023041433,44.953629092],[1.022962173,44.953545949],[1.022801911,44.953439885],[1.022724982,44.953420144],[1.022443112,44.95344985],[1.021991903,44.953555305],[1.021798504,44.953655078],[1.021737579,44.953710195],[1.021594239,44.953739257],[1.020990079,44.953725532],[1.020632685,44.953695663],[1.020469652,44.953668173],[1.020248353,44.953577365],[1.019948711,44.953582297],[1.019729496,44.953604871],[1.019509782,44.953587718],[1.019101211,44.953541667],[1.018810937,44.953410719],[1.018410285,44.953549754],[1.018261866,44.953550216],[1.018027212,44.953471324],[1.017926483,44.953392929],[1.017766542,44.953148929],[1.017658878,44.953019208],[1.017522246,44.952976918],[1.017400718,44.952959485],[1.017192344,44.952944556],[1.017071892,44.952971994],[1.016773639,44.953066781],[1.015864802,44.953329541],[1.015042984,44.95358466],[1.014743183,44.953712243],[1.014589931,44.953730987],[1.014296735,44.95368279],[1.014164651,44.95363031],[1.01406697,44.953551965],[1.013929596,44.953519925],[1.013728975,44.95350094],[1.013296219,44.953493207],[1.012757403,44.953503978],[1.012560707,44.953492356],[1.012283864,44.953508887],[1.012111619,44.95353742],[1.011928777,44.953532125],[1.011683698,44.953511395],[1.011283464,44.95350937],[1.011093236,44.953519207],[1.010785137,44.953558683],[1.010356094,44.953564245],[1.009808401,44.953632123],[1.009677836,44.953665587],[1.009650274,44.953670227],[1.009625412,44.953673835],[1.009555407,44.953544915],[1.009466687,44.953407283],[1.009474673,44.95334312],[1.009520872,44.953295852],[1.009619528,44.953239392],[1.009834457,44.953219732],[1.009929924,44.953210228],[1.009979289,44.953191658],[1.009985444,44.953146916],[1.009940774,44.953151115],[1.00970795,44.953181802],[1.009441323,44.953232148],[1.009245372,44.953274573],[1.009087317,44.953310651],[1.00903502,44.953326061],[1.008952372,44.953338901],[1.008812451,44.953346528],[1.008488093,44.953329505],[1.008347481,44.953313747],[1.008219909,44.953295115],[1.007871453,44.953260231],[1.007547566,44.953229974],[1.00739486,44.953233317],[1.007139169,44.953254268],[1.007004818,44.953276447],[1.006752585,44.953317858],[1.006546778,44.953359156],[1.006438906,44.953364382],[1.006395398,44.953335907],[1.00638252,44.953323517],[1.006346957,44.953317746],[1.006308097,44.953319075],[1.006235682,44.953333043],[1.006111131,44.953347156],[1.006040852,44.953343869],[1.005988339,44.953322527],[1.005914243,44.953266079],[1.005798865,44.953193488],[1.005692322,44.953150643],[1.00544102,44.953091015],[1.005388584,44.953067513],[1.005325162,44.952957081],[1.005322557,44.952944741],[1.005298995,44.952676555],[1.005243586,44.952052221],[1.00512553,44.95196945],[1.004940541,44.951949783],[1.004853279,44.951974697],[1.004793305,44.952088183],[1.004760075,44.952134465],[1.004783413,44.952408862],[1.004805905,44.952535987],[1.00488183,44.95271203],[1.00491832,44.952980449],[1.004839978,44.953043349],[1.004775636,44.953065701],[1.004574113,44.953029391],[1.004176773,44.952956872],[1.003306178,44.952753184],[1.002763445,44.952596314],[1.002547518,44.952515835],[1.001690282,44.95209784],[1.001506286,44.952007664],[1.001074882,44.951834279],[1.000907542,44.95176791],[1.000562119,44.951648351],[1.00041688,44.951559817],[1.000284983,44.951470577],[0.999783057,44.950938449],[0.999346287,44.950435998],[0.9989794,44.949948042],[0.998949406,44.949903595],[0.998905166,44.949693263],[0.998818678,44.949334102],[0.998722168,44.948808051],[0.998661112,44.948418682],[0.998632502,44.948132976],[0.99861211,44.947904834],[0.998586616,44.947691732],[0.998571687,44.947577035],[0.998655236,44.947016533],[0.998716829,44.94649549],[0.998735738,44.946328175],[0.998914436,44.945436236],[0.999188222,44.944619501],[0.999358132,44.944176063],[0.999498812,44.943858684],[0.999596069,44.943713313],[0.999877662,44.943285123],[1.000401695,44.942587452],[1.000515213,44.942508705],[1.000769815,44.942356977],[1.000843858,44.942296975],[1.001759654,44.941505155],[1.002443017,44.940947193],[1.002818717,44.940738329],[1.003242551,44.940555861],[1.003704612,44.94038948],[1.004095992,44.940263573],[1.004282439,44.940198427],[1.00527532,44.939910795],[1.005962287,44.939656439],[1.006049877,44.939653823],[1.006158391,44.939683329],[1.006243095,44.93968701],[1.006372456,44.939611649],[1.006430255,44.939526764],[1.006409896,44.939446692],[1.006324287,44.939382877],[1.006129461,44.939320075],[1.006059709,44.939302477],[1.006036374,44.939306111],[1.006048719,44.939322679],[1.006121723,44.939377217],[1.006267708,44.939444142],[1.006309104,44.939488926],[1.006320287,44.939538167],[1.006936869,44.940161348],[1.006989188,44.940187819],[1.007284918,44.940451562],[1.007424926,44.940558367],[1.007559921,44.940645627],[1.007472275,44.940724709],[1.007723494,44.940860121],[1.007882488,44.940839464],[1.008061619,44.940787419],[1.008274894,44.940695187],[1.008542013,44.940543666],[1.008918701,44.94034912],[1.009390242,44.94000091],[1.009519618,44.939957159],[1.009743782,44.9399224],[1.009959333,44.939894512],[1.010067955,44.939835257],[1.011265357,44.938563947],[1.011368785,44.938490144],[1.01165933,44.938331875],[1.011926703,44.938054576],[1.011995243,44.937945428],[1.012115156,44.93784652],[1.012359242,44.937539218],[1.012426043,44.937479078],[1.012540022,44.937311435],[1.012636909,44.937132273],[1.012686889,44.937063727],[1.012784611,44.93694686],[1.012865601,44.936808348],[1.012939747,44.936669713],[1.013072151,44.936540226],[1.013269432,44.936297472],[1.013411989,44.936171273],[1.013523372,44.936108958],[1.013510683,44.936069823],[1.013371764,44.936125567],[1.013207226,44.93618504],[1.013087535,44.936234913],[1.013056179,44.936260966],[1.012782499,44.936147726],[1.012261115,44.935929003],[1.012220642,44.935933278],[1.01204247,44.936044653],[1.011901686,44.936120761],[1.011794407,44.93618531],[1.011701612,44.936249037],[1.011556227,44.936326143],[1.011466147,44.936399105],[1.011263843,44.936579486],[1.0111614,44.936711399],[1.011075372,44.936820233],[1.011005055,44.93697947],[1.01096825,44.937084052],[1.01089734,44.937184916],[1.010720305,44.937339135],[1.010599119,44.937430993],[1.010471579,44.937541111],[1.010310709,44.937657792],[1.010179724,44.937779195],[1.010088536,44.937872536],[1.010015416,44.937949853],[1.009927734,44.938030152]]}},{"type":"Feature","id":"bozouls-pr26","properties":{"routeId":"bozouls-pr26","geometryKm":13.82,"pointCount":234},"geometry":{"type":"LineString","coordinates":[[2.719669412,44.470047054],[2.71941656,44.469800627],[2.719164169,44.469621646],[2.718943175,44.469442555],[2.718596294,44.469218935],[2.718347104,44.469512073],[2.71809563,44.469467981],[2.717905732,44.469243815],[2.717656388,44.46951447],[2.71790923,44.469760901],[2.71838185,44.470006568],[2.719010848,44.470161759],[2.718509264,44.470275915],[2.718418272,44.470748364],[2.718639879,44.471017384],[2.718736509,44.471376769],[2.718486244,44.471512533],[2.718203212,44.471446069],[2.717889087,44.471424676],[2.717668394,44.471290546],[2.717572227,44.470998607],[2.717539159,44.470751414],[2.717412052,44.470527029],[2.71703256,44.470123658],[2.716653679,44.469810213],[2.71665186,44.469540429],[2.716240227,44.469024754],[2.71595494,44.468621055],[2.7157646,44.468329439],[2.715575924,44.468285125],[2.71516899,44.468466386],[2.714695944,44.46815326],[2.714159812,44.467795383],[2.713781715,44.467594338],[2.713340831,44.467393508],[2.7128998,44.467170194],[2.712646691,44.466878788],[2.712016849,44.466588669],[2.7117334,44.466454742],[2.710854055,44.466412774],[2.709974116,44.466280871],[2.709157415,44.466216195],[2.708528044,44.465993501],[2.708087487,44.465837614],[2.707992268,44.465680559],[2.707519286,44.465367401],[2.707297754,44.465098359],[2.706951389,44.46494215],[2.706477534,44.464494097],[2.706130732,44.464270439],[2.705315535,44.464430553],[2.7044085,44.464950687],[2.703875832,44.465109845],[2.703059302,44.465067605],[2.702558023,44.465226652],[2.701837712,44.465498836],[2.701243552,44.465860527],[2.700618136,44.466244801],[2.700149104,44.466538625],[2.699491699,44.466833069],[2.698866404,44.467239815],[2.698305189,44.467848689],[2.697838148,44.46845725],[2.697462695,44.468660825],[2.696084578,44.469182437],[2.695051081,44.469590495],[2.694364071,44.470177277],[2.693990732,44.470718071],[2.693427864,44.471079618],[2.693146001,44.471192945],[2.692675185,44.471216953],[2.692105357,44.470476876],[2.691661412,44.469781354],[2.691785015,44.4694662],[2.691909183,44.469240974],[2.691374034,44.469017878],[2.690804387,44.468300276],[2.689698501,44.467179711],[2.689571795,44.467000259],[2.688754124,44.466778056],[2.688312494,44.466442234],[2.687335766,44.465883293],[2.687427991,44.465568245],[2.687331711,44.465231317],[2.68714139,44.46491717],[2.687171107,44.464647286],[2.687012043,44.464310558],[2.687103149,44.463815655],[2.68716286,44.463320852],[2.687316188,44.462735821],[2.687249628,44.462129009],[2.687246972,44.461701853],[2.686583416,44.461007014],[2.686171702,44.460423783],[2.686105854,44.45992938],[2.686256257,44.458872232],[2.685314129,44.458807778],[2.684058794,44.458856718],[2.681800754,44.459201066],[2.680608051,44.459227287],[2.67941603,44.459365904],[2.678288419,44.459774097],[2.677598228,44.459843687],[2.676969596,44.459710741],[2.676782336,44.459891179],[2.67612448,44.460118036],[2.675062987,44.461088049],[2.674439196,44.461764438],[2.673972889,44.46253027],[2.67435485,44.46340591],[2.674202327,44.464148296],[2.673491967,44.466106443],[2.673713475,44.466398035],[2.674280597,44.466733531],[2.6746285,44.467159628],[2.67519712,44.467742421],[2.675701337,44.468055621],[2.675954125,44.46832463],[2.676590307,44.469694093],[2.677002261,44.470322327],[2.677382555,44.470905693],[2.677760816,44.471151827],[2.678078601,44.47178035],[2.678364586,44.472341523],[2.678178923,44.47279175],[2.677678049,44.473040612],[2.677018957,44.473087619],[2.676611729,44.473246256],[2.676770891,44.473605484],[2.676552321,44.473808502],[2.676773061,44.473965197],[2.67652404,44.474325687],[2.675992964,44.474776977],[2.675020263,44.474892388],[2.674299426,44.475119429],[2.673420913,44.475234535],[2.672794532,44.475506242],[2.672074882,44.475935607],[2.670978553,44.476388597],[2.672078628,44.476565106],[2.672393032,44.476631594],[2.672364042,44.477036368],[2.672712799,44.477597366],[2.67255834,44.478025006],[2.672496878,44.478250019],[2.67274983,44.478541519],[2.673410198,44.478696877],[2.673098599,44.479102517],[2.673100478,44.479417266],[2.673322842,44.479843754],[2.673763547,44.480022265],[2.674078376,44.480156194],[2.674205735,44.480448077],[2.674552644,44.48069432],[2.674960877,44.480693064],[2.675399297,44.480489372],[2.675868844,44.480240616],[2.676181377,44.479992343],[2.676619923,44.479811128],[2.677089867,44.479629813],[2.677654557,44.479538133],[2.678282186,44.479468737],[2.678659418,44.479535012],[2.679256873,44.479668048],[2.679853237,44.479621223],[2.680856039,44.47928085],[2.68148201,44.47894165],[2.68176311,44.47869346],[2.68182371,44.478333549],[2.682009637,44.47792828],[2.682415092,44.477477355],[2.682882512,44.476891338],[2.68325821,44.476710294],[2.683791877,44.476686128],[2.684355279,44.476392074],[2.684794464,44.476323237],[2.685140421,44.476412071],[2.685643937,44.476590334],[2.68627208,44.476610821],[2.686679446,44.47647463],[2.687115973,44.475978624],[2.687364514,44.475550663],[2.687298498,44.475033776],[2.687232203,44.474471924],[2.687544654,44.47422362],[2.687862145,44.474784669],[2.6882416,44.475210624],[2.688779183,44.475815932],[2.688720175,44.476423149],[2.688722422,44.476782863],[2.689284252,44.476241481],[2.689630919,44.476442712],[2.69054237,44.476574677],[2.691172495,44.476909885],[2.69164605,44.477313043],[2.692430924,44.477288024],[2.692870674,44.477309082],[2.69315655,44.477825254],[2.69344172,44.478229016],[2.693788842,44.478497679],[2.694103995,44.478676516],[2.694696765,44.478067558],[2.695289379,44.477436115],[2.696069378,44.476646678],[2.696727203,44.476397218],[2.697759949,44.475854249],[2.698480701,44.475627054],[2.699707026,44.475892802],[2.701434742,44.475999496],[2.703067828,44.47603903],[2.704135863,44.476102913],[2.70476533,44.476325633],[2.705112347,44.476571778],[2.705833079,44.476344535],[2.707021848,44.47566606],[2.707959395,44.474988421],[2.708961053,44.4745129],[2.709619838,44.474420737],[2.710655407,44.474327288],[2.711658377,44.474054081],[2.712944975,44.473937272],[2.714042876,44.473776131],[2.714826634,44.473593577],[2.715704885,44.473455657],[2.716741032,44.473452079],[2.717493379,44.473269615],[2.718371466,44.473109192],[2.719029151,44.472859598],[2.719529687,44.472588065],[2.719933579,44.471957147],[2.720432419,44.471438308],[2.720241587,44.471079254],[2.719987047,44.470585527],[2.719669412,44.470047054]]}},{"type":"Feature","id":"viaur-ens","properties":{"routeId":"viaur-ens","geometryKm":9.06,"pointCount":554},"geometry":{"type":"LineString","coordinates":[[2.07566,44.1887],[2.07531,44.18891],[2.07441,44.18875],[2.07436,44.18873],[2.07433,44.18872],[2.07428,44.18872],[2.07424,44.18871],[2.07419,44.1887],[2.07393,44.18865],[2.07373,44.18866],[2.07354,44.18877],[2.07341,44.18888],[2.07339,44.1889],[2.07329,44.18912],[2.07324,44.18919],[2.0732,44.1893],[2.07312,44.18942],[2.07303,44.18954],[2.07296,44.18962],[2.07295,44.18963],[2.07294,44.18966],[2.07279,44.18986],[2.07265,44.19005],[2.07255,44.19016],[2.07254,44.19017],[2.07252,44.19019],[2.07236,44.19032],[2.0722,44.19046],[2.07217,44.19059],[2.0722,44.19058],[2.07228,44.19054],[2.07245,44.19046],[2.0726,44.19039],[2.07269,44.19033],[2.07273,44.19031],[2.07296,44.19019],[2.07314,44.19005],[2.07332,44.18995],[2.0735,44.18984],[2.0737,44.18972],[2.07372,44.18972],[2.0738,44.1897],[2.07391,44.18972],[2.07395,44.18974],[2.07407,44.18975],[2.07428,44.18981],[2.0743,44.18982],[2.07448,44.18987],[2.07451,44.18987],[2.07458,44.18993],[2.07472,44.19006],[2.07484,44.1902],[2.07495,44.19033],[2.07498,44.19035],[2.07511,44.19041],[2.07523,44.19046],[2.07529,44.19048],[2.07549,44.1906],[2.07563,44.19069],[2.07582,44.19081],[2.07595,44.19091],[2.07613,44.191],[2.07619,44.19101],[2.07628,44.19104],[2.07631,44.19105],[2.07675,44.19111],[2.07734,44.19105],[2.07803,44.19111],[2.0786,44.19116],[2.07921,44.19142],[2.08006,44.1917],[2.0809,44.19194],[2.08142,44.19196],[2.08234,44.19216],[2.08309,44.19224],[2.08339,44.1927],[2.08393,44.19319],[2.08481,44.19273],[2.08562,44.19228],[2.08721,44.19256],[2.08869,44.19314],[2.08918,44.19354],[2.08923,44.19433],[2.08976,44.19399],[2.09084,44.19316],[2.09122,44.19301],[2.09234,44.19304],[2.09294,44.19262],[2.09384,44.19228],[2.09476,44.19219],[2.09541,44.19202],[2.09564,44.19173],[2.09541,44.19121],[2.09614,44.19082],[2.09651,44.19035],[2.09653,44.19033],[2.09658,44.19031],[2.09669,44.19015],[2.09682,44.19004],[2.09686,44.19],[2.09696,44.18992],[2.09705,44.18982],[2.09722,44.18973],[2.09736,44.18965],[2.09752,44.18955],[2.09767,44.18949],[2.09771,44.18947],[2.09789,44.18935],[2.09802,44.18922],[2.0981,44.18907],[2.09818,44.18897],[2.09819,44.18896],[2.09819,44.18893],[2.0982,44.18881],[2.0982,44.18867],[2.09821,44.1885],[2.09822,44.18836],[2.09822,44.18821],[2.09816,44.18806],[2.09811,44.18794],[2.09807,44.18776],[2.09801,44.18758],[2.09801,44.18755],[2.09799,44.18745],[2.09798,44.18729],[2.09798,44.18718],[2.09792,44.18705],[2.09784,44.18693],[2.09778,44.18681],[2.09773,44.18671],[2.09764,44.18658],[2.09763,44.18655],[2.09753,44.1864],[2.09748,44.18633],[2.09739,44.1862],[2.09727,44.18608],[2.0972,44.18598],[2.09714,44.18589],[2.09699,44.18577],[2.09686,44.18565],[2.09677,44.18555],[2.09675,44.1855],[2.09663,44.18543],[2.09653,44.1853],[2.09643,44.18524],[2.09624,44.18521],[2.09616,44.18517],[2.09598,44.18508],[2.09577,44.18501],[2.09554,44.18494],[2.09538,44.18486],[2.09527,44.18477],[2.09523,44.18468],[2.0952,44.18462],[2.09514,44.18447],[2.0951,44.18433],[2.09498,44.18421],[2.09481,44.18433],[2.09472,44.1844],[2.09467,44.18443],[2.09457,44.18452],[2.09446,44.18459],[2.09435,44.18462],[2.09423,44.18465],[2.09412,44.18467],[2.09402,44.18468],[2.09401,44.18468],[2.09393,44.18474],[2.09391,44.18482],[2.09389,44.18492],[2.09393,44.18496],[2.094,44.18502],[2.09406,44.18509],[2.09422,44.18519],[2.09423,44.18519],[2.09434,44.18526],[2.09438,44.18529],[2.09441,44.1853],[2.09442,44.18532],[2.09451,44.18534],[2.09461,44.18545],[2.09471,44.18552],[2.09478,44.18566],[2.09482,44.18572],[2.09494,44.18581],[2.09512,44.18598],[2.0952,44.18605],[2.09522,44.18607],[2.09536,44.1862],[2.09537,44.18621],[2.09553,44.18632],[2.0956,44.18638],[2.09574,44.18649],[2.09578,44.18654],[2.09585,44.18659],[2.0959,44.18664],[2.09601,44.1867],[2.09616,44.18675],[2.09617,44.18676],[2.09622,44.1868],[2.09634,44.18691],[2.09647,44.18704],[2.09649,44.18716],[2.09659,44.18729],[2.09668,44.18744],[2.09672,44.18753],[2.09673,44.18756],[2.09673,44.18771],[2.09677,44.18784],[2.09676,44.18789],[2.09671,44.18798],[2.09671,44.1881],[2.0967,44.18818],[2.09671,44.18835],[2.0967,44.18836],[2.09667,44.1885],[2.09662,44.18864],[2.09648,44.18878],[2.09639,44.18881],[2.09633,44.18883],[2.09625,44.18887],[2.09622,44.18888],[2.09604,44.18894],[2.096,44.18894],[2.09579,44.18899],[2.09569,44.18903],[2.09555,44.1891],[2.09542,44.18911],[2.09517,44.18913],[2.09515,44.18913],[2.09507,44.18916],[2.09494,44.18918],[2.09481,44.18916],[2.09463,44.18916],[2.09445,44.18914],[2.09435,44.18911],[2.09427,44.18908],[2.09418,44.18907],[2.09394,44.18911],[2.09386,44.18911],[2.09382,44.18911],[2.09359,44.18915],[2.09345,44.1892],[2.09336,44.18916],[2.09328,44.18913],[2.09311,44.18911],[2.09301,44.18909],[2.09285,44.18903],[2.09279,44.18902],[2.09272,44.18898],[2.09258,44.1889],[2.09243,44.18887],[2.09228,44.18877],[2.09222,44.18874],[2.09212,44.18867],[2.09203,44.18856],[2.09191,44.18841],[2.09188,44.18839],[2.0918,44.18833],[2.09171,44.18825],[2.09164,44.18809],[2.0916,44.18798],[2.09159,44.18786],[2.09153,44.18774],[2.09148,44.18762],[2.09146,44.18753],[2.09145,44.18737],[2.09138,44.18733],[2.0913,44.18726],[2.09118,44.18719],[2.09111,44.18715],[2.09107,44.18707],[2.09096,44.18692],[2.0909,44.18679],[2.09077,44.18671],[2.0906,44.18664],[2.09038,44.18663],[2.09042,44.18657],[2.09033,44.18652],[2.09016,44.18652],[2.09015,44.18653],[2.09007,44.18656],[2.09004,44.18649],[2.08988,44.18646],[2.08969,44.18642],[2.08949,44.18638],[2.08923,44.18634],[2.0891,44.1863],[2.08905,44.1863],[2.08884,44.18629],[2.08866,44.18625],[2.08843,44.18621],[2.08829,44.18619],[2.08811,44.18616],[2.08799,44.18612],[2.08782,44.18609],[2.08782,44.1861],[2.0877,44.18607],[2.08765,44.18606],[2.08759,44.18605],[2.08747,44.18602],[2.08729,44.18598],[2.08719,44.18597],[2.08698,44.18591],[2.08684,44.18586],[2.08673,44.18581],[2.0866,44.18579],[2.08657,44.18578],[2.08651,44.18577],[2.08638,44.18571],[2.08629,44.18568],[2.08618,44.18565],[2.08602,44.1856],[2.08597,44.18557],[2.08579,44.18548],[2.08561,44.18536],[2.08548,44.1853],[2.08536,44.18522],[2.08533,44.1852],[2.08521,44.18509],[2.08512,44.18503],[2.08504,44.18498],[2.08498,44.18495],[2.08496,44.18494],[2.08483,44.18484],[2.08474,44.18478],[2.08463,44.18472],[2.08454,44.18465],[2.08444,44.18461],[2.08438,44.18457],[2.08429,44.1845],[2.08423,44.18444],[2.08415,44.18439],[2.0841,44.18433],[2.08406,44.1843],[2.08391,44.18417],[2.08386,44.18412],[2.08383,44.1841],[2.08369,44.18401],[2.08366,44.18398],[2.08355,44.18384],[2.08352,44.18381],[2.08351,44.18379],[2.08349,44.18375],[2.08346,44.18369],[2.08337,44.18359],[2.08328,44.1835],[2.08315,44.18336],[2.08311,44.1833],[2.08303,44.18313],[2.08289,44.18299],[2.0828,44.18285],[2.08278,44.18285],[2.08275,44.18278],[2.08271,44.18273],[2.08269,44.18269],[2.08259,44.18253],[2.0825,44.1824],[2.08248,44.1823],[2.08247,44.18211],[2.08249,44.18204],[2.08251,44.18194],[2.08253,44.18187],[2.0825,44.18185],[2.08254,44.18185],[2.08254,44.18184],[2.08255,44.18183],[2.08257,44.18184],[2.08262,44.18178],[2.08269,44.18177],[2.08291,44.18174],[2.08292,44.18173],[2.08293,44.18171],[2.08291,44.1817],[2.08285,44.1817],[2.08252,44.18171],[2.08235,44.18169],[2.08218,44.1816],[2.08195,44.18152],[2.08194,44.1815],[2.08165,44.18146],[2.08149,44.18148],[2.08111,44.18152],[2.08082,44.18148],[2.0808,44.18147],[2.08071,44.18143],[2.08062,44.1814],[2.08041,44.18135],[2.08018,44.18136],[2.07999,44.18137],[2.07976,44.18136],[2.07973,44.18136],[2.07958,44.18135],[2.07936,44.18133],[2.07927,44.18134],[2.07901,44.18132],[2.07896,44.18133],[2.07891,44.18133],[2.07883,44.18133],[2.07874,44.18133],[2.07851,44.18133],[2.07846,44.18133],[2.07841,44.18133],[2.07812,44.18135],[2.07792,44.18138],[2.07769,44.1814],[2.07767,44.18141],[2.07746,44.18139],[2.07736,44.18132],[2.07725,44.18124],[2.0771,44.18105],[2.07684,44.18109],[2.07676,44.18113],[2.07658,44.18125],[2.07644,44.18138],[2.07622,44.18151],[2.07619,44.18153],[2.076,44.18166],[2.07581,44.1818],[2.07565,44.18194],[2.07543,44.18201],[2.07533,44.18204],[2.07508,44.18221],[2.07499,44.18229],[2.07485,44.18238],[2.07477,44.18241],[2.07459,44.18251],[2.07446,44.18259],[2.07429,44.18267],[2.07409,44.18278],[2.07407,44.18281],[2.07391,44.18287],[2.07376,44.18292],[2.07375,44.18293],[2.07367,44.18295],[2.07347,44.18302],[2.0733,44.18308],[2.07313,44.1831],[2.07291,44.18318],[2.07271,44.18323],[2.0726,44.18328],[2.07241,44.18334],[2.07223,44.18341],[2.07206,44.18348],[2.07187,44.18355],[2.07184,44.18357],[2.07159,44.18366],[2.07143,44.18371],[2.0712,44.18379],[2.07109,44.18384],[2.07105,44.18385],[2.07085,44.18395],[2.07064,44.18406],[2.07055,44.1841],[2.07052,44.18412],[2.07032,44.18422],[2.07009,44.18433],[2.06987,44.18449],[2.06975,44.18458],[2.06967,44.18465],[2.06964,44.18471],[2.06957,44.18479],[2.06952,44.18486],[2.06951,44.18489],[2.06902,44.18593],[2.06901,44.1863],[2.06916,44.18651],[2.06916,44.18652],[2.06921,44.1866],[2.06931,44.18692],[2.06974,44.18744],[2.0699,44.18773],[2.06999,44.18798],[2.07006,44.18845],[2.07002,44.18879],[2.06994,44.18901],[2.06959,44.18952],[2.06952,44.18964],[2.0692,44.18976],[2.06882,44.18992],[2.06876,44.19005],[2.06852,44.19017],[2.06839,44.19027],[2.06871,44.19024],[2.06876,44.19019],[2.06892,44.19012],[2.06914,44.18999],[2.06928,44.18989],[2.06951,44.18981],[2.06979,44.1898],[2.07001,44.18982],[2.07009,44.18972],[2.07018,44.1896],[2.07037,44.18961],[2.07048,44.18957],[2.07057,44.18945],[2.07081,44.1891],[2.07094,44.18883],[2.07114,44.18864],[2.07121,44.18847],[2.0712,44.18808],[2.07111,44.18777],[2.07102,44.18747],[2.07089,44.18716],[2.07085,44.18684],[2.07107,44.1867],[2.07143,44.1866],[2.07194,44.18654],[2.07224,44.18654],[2.07246,44.18646],[2.07253,44.18634],[2.07284,44.18642],[2.07288,44.18643],[2.07309,44.18652],[2.0731,44.18652],[2.07332,44.18661],[2.07349,44.1867],[2.07352,44.18672],[2.07373,44.18682],[2.07378,44.18685],[2.07384,44.18688],[2.0739,44.18694],[2.07404,44.18709],[2.07411,44.18716],[2.07417,44.18725],[2.07424,44.18734],[2.07428,44.18741],[2.07433,44.18749],[2.07438,44.18757],[2.07438,44.18758],[2.07446,44.18764],[2.07458,44.18768],[2.07464,44.18771],[2.07467,44.18772],[2.0748,44.18779],[2.07499,44.18786],[2.07501,44.18787],[2.07507,44.1879],[2.07521,44.18798],[2.07525,44.188],[2.07536,44.18803],[2.07552,44.18802],[2.07561,44.18801],[2.07572,44.188],[2.07573,44.18808],[2.07574,44.18814],[2.07578,44.18825],[2.07581,44.1883],[2.07583,44.18836],[2.07581,44.18843],[2.07579,44.18851],[2.07573,44.18862],[2.07569,44.18868],[2.07567,44.1887]]}},{"type":"Feature","id":"bec-aigle-puy-griou","properties":{"routeId":"bec-aigle-puy-griou","geometryKm":13.04,"pointCount":1482},"geometry":{"type":"LineString","coordinates":[[2.74169,45.08829],[2.7419,45.0883],[2.74237,45.08822],[2.74247,45.08833],[2.74258,45.0884],[2.74245,45.0885],[2.74229,45.08861],[2.74216,45.0887],[2.742,45.0888],[2.7418,45.08891],[2.74167,45.08897],[2.74159,45.089],[2.74136,45.08904],[2.74115,45.08909],[2.74099,45.08916],[2.74084,45.08923],[2.74062,45.08932],[2.7404,45.08943],[2.74025,45.08951],[2.74007,45.08961],[2.73992,45.0897],[2.73977,45.0898],[2.73967,45.08989],[2.73961,45.08997],[2.7396,45.08999],[2.73959,45.09002],[2.73987,45.08992],[2.74022,45.08979],[2.74064,45.08967],[2.7409,45.08959],[2.74108,45.08954],[2.74124,45.08952],[2.74144,45.08951],[2.74167,45.08949],[2.74171,45.08949],[2.74168,45.08954],[2.74163,45.08957],[2.74146,45.08963],[2.74115,45.08971],[2.74101,45.08977],[2.74089,45.08982],[2.74083,45.08987],[2.74082,45.0899],[2.74083,45.08993],[2.74088,45.08995],[2.74101,45.08996],[2.74116,45.08997],[2.74138,45.09001],[2.74148,45.09003],[2.74156,45.09005],[2.74169,45.09007],[2.74184,45.09007],[2.74205,45.09016],[2.74215,45.09025],[2.74246,45.0905],[2.74257,45.09075],[2.74253,45.09079],[2.74243,45.0909],[2.74219,45.09106],[2.74187,45.09129],[2.74168,45.09145],[2.74161,45.09154],[2.74159,45.09166],[2.74165,45.09194],[2.74168,45.09206],[2.74166,45.09217],[2.74151,45.0925],[2.74149,45.09264],[2.74148,45.09272],[2.74151,45.09279],[2.74153,45.09285],[2.74159,45.09291],[2.74165,45.09294],[2.74171,45.09295],[2.74178,45.09295],[2.74185,45.09293],[2.74188,45.09292],[2.74195,45.09289],[2.74205,45.09288],[2.7423,45.09286],[2.74264,45.09287],[2.74294,45.09285],[2.74312,45.09282],[2.74342,45.09272],[2.7437,45.09262],[2.7438,45.0926],[2.74396,45.09259],[2.74404,45.09259],[2.74411,45.09261],[2.74424,45.09273],[2.7442,45.09282],[2.74414,45.09297],[2.74412,45.09308],[2.74413,45.09319],[2.74412,45.09327],[2.74405,45.09341],[2.74396,45.09364],[2.74385,45.09384],[2.74379,45.09403],[2.74376,45.09415],[2.74374,45.09424],[2.74369,45.09431],[2.74363,45.09435],[2.74348,45.09439],[2.74347,45.09448],[2.7435,45.09459],[2.74355,45.09466],[2.74357,45.09472],[2.74358,45.09478],[2.74356,45.09485],[2.74345,45.09506],[2.74339,45.09514],[2.74318,45.09533],[2.7431,45.09542],[2.74302,45.09555],[2.743,45.0956],[2.74301,45.09568],[2.74302,45.09571],[2.74303,45.09577],[2.74305,45.09589],[2.74303,45.09602],[2.74301,45.09608],[2.74296,45.09616],[2.74302,45.09626],[2.74305,45.09631],[2.74307,45.09637],[2.74308,45.09641],[2.74306,45.09643],[2.74303,45.09646],[2.74302,45.09651],[2.743,45.09656],[2.74297,45.0966],[2.74293,45.09661],[2.74286,45.09662],[2.74282,45.09662],[2.74283,45.09665],[2.74289,45.09671],[2.74296,45.09677],[2.74301,45.09683],[2.74307,45.09688],[2.74311,45.09692],[2.7431,45.09695],[2.74306,45.09698],[2.74298,45.097],[2.74289,45.09702],[2.74281,45.09702],[2.7427,45.09703],[2.74258,45.09705],[2.74244,45.09706],[2.74224,45.09707],[2.7421,45.0971],[2.74192,45.09711],[2.74187,45.09712],[2.74184,45.09714],[2.7418,45.09713],[2.74178,45.09717],[2.74178,45.09717],[2.74181,45.09713],[2.7418,45.09713],[2.74174,45.09711],[2.74168,45.09709],[2.74169,45.09706],[2.74167,45.09705],[2.74164,45.09706],[2.74161,45.09707],[2.74157,45.09709],[2.74154,45.09709],[2.74152,45.09708],[2.74152,45.09705],[2.74152,45.09703],[2.74149,45.09703],[2.74146,45.09703],[2.74143,45.09704],[2.74139,45.09706],[2.74137,45.09709],[2.74139,45.09712],[2.74143,45.09716],[2.74144,45.09719],[2.7414,45.09724],[2.74138,45.09724],[2.74127,45.09724],[2.7412,45.09725],[2.74115,45.09727],[2.74113,45.09732],[2.74112,45.09737],[2.74114,45.09741],[2.74119,45.09744],[2.74121,45.09747],[2.74123,45.0975],[2.74127,45.0975],[2.74136,45.0975],[2.74142,45.0975],[2.7414,45.09753],[2.74134,45.0976],[2.74128,45.0977],[2.74127,45.09773],[2.7413,45.09778],[2.74137,45.09782],[2.74135,45.09784],[2.74131,45.09786],[2.74125,45.0979],[2.7412,45.09797],[2.74117,45.09804],[2.74117,45.09807],[2.74113,45.09812],[2.74109,45.09816],[2.74099,45.09825],[2.74089,45.09832],[2.7408,45.09839],[2.74071,45.09846],[2.74063,45.09855],[2.74056,45.09864],[2.74047,45.09869],[2.74043,45.09871],[2.74041,45.09874],[2.74037,45.09877],[2.74031,45.09883],[2.74029,45.09889],[2.74026,45.09897],[2.74021,45.09901],[2.74011,45.0991],[2.74004,45.09918],[2.73999,45.09924],[2.7399,45.0993],[2.7398,45.09935],[2.73966,45.09935],[2.73956,45.09937],[2.73948,45.0994],[2.73938,45.09943],[2.73928,45.09942],[2.73918,45.09939],[2.739,45.09935],[2.73888,45.09934],[2.73874,45.09935],[2.73857,45.09936],[2.73838,45.09935],[2.73822,45.09933],[2.73805,45.0993],[2.73799,45.0993],[2.73792,45.09931],[2.73787,45.09933],[2.73782,45.09942],[2.7376,45.09959],[2.73735,45.09972],[2.73714,45.0998],[2.73697,45.09989],[2.73697,45.09989],[2.73697,45.09989],[2.73697,45.09989],[2.73692,45.09992],[2.73681,45.09997],[2.73668,45.10001],[2.7366,45.10002],[2.73651,45.10004],[2.73628,45.10011],[2.73615,45.10018],[2.73609,45.10021],[2.736,45.10023],[2.73594,45.10023],[2.73583,45.10022],[2.73573,45.10021],[2.73563,45.1002],[2.73553,45.1002],[2.73542,45.10021],[2.73536,45.1002],[2.73525,45.1002],[2.73518,45.10022],[2.73512,45.10026],[2.73507,45.10032],[2.73494,45.10043],[2.73479,45.10053],[2.73461,45.10064],[2.7345,45.10066],[2.73436,45.10067],[2.7342,45.10068],[2.73406,45.10068],[2.73394,45.10069],[2.7338,45.10068],[2.73367,45.10066],[2.73356,45.10064],[2.73343,45.10061],[2.73337,45.10058],[2.73331,45.10057],[2.73325,45.10057],[2.73316,45.10058],[2.73307,45.10057],[2.73301,45.10058],[2.7329,45.10061],[2.73262,45.1007],[2.7323,45.10081],[2.73205,45.10087],[2.73195,45.10089],[2.7318,45.1009],[2.73169,45.10091],[2.73159,45.1009],[2.73148,45.10089],[2.73137,45.10088],[2.7313,45.10089],[2.73127,45.10089],[2.73122,45.10089],[2.73106,45.10086],[2.73087,45.10085],[2.73071,45.10086],[2.73053,45.10085],[2.73041,45.10084],[2.73021,45.10074],[2.72982,45.10046],[2.72962,45.1003],[2.72943,45.10012],[2.72905,45.09977],[2.72893,45.0997],[2.72869,45.09961],[2.72859,45.09957],[2.72845,45.0995],[2.72817,45.0994],[2.72799,45.09936],[2.72789,45.09933],[2.72785,45.09933],[2.72772,45.0994],[2.72761,45.0995],[2.72753,45.09954],[2.72724,45.09968],[2.7269,45.09984],[2.72679,45.09988],[2.72671,45.0999],[2.72645,45.09995],[2.72631,45.1],[2.72618,45.10004],[2.7261,45.10004],[2.72588,45.10003],[2.72563,45.1],[2.72559,45.09999],[2.72545,45.09995],[2.72535,45.09988],[2.72525,45.09983],[2.72504,45.09976],[2.72483,45.09966],[2.72473,45.09961],[2.72456,45.09956],[2.7244,45.09948],[2.72432,45.09944],[2.72423,45.09942],[2.72405,45.09941],[2.72398,45.0994],[2.72378,45.09936],[2.72362,45.09931],[2.72358,45.09928],[2.72347,45.09922],[2.7234,45.0992],[2.72317,45.09915],[2.72309,45.09912],[2.72293,45.09904],[2.72284,45.09896],[2.7227,45.09884],[2.72258,45.09875],[2.72244,45.09864],[2.72232,45.09856],[2.72221,45.09852],[2.72212,45.0985],[2.72199,45.09849],[2.72194,45.09848],[2.72182,45.09845],[2.72176,45.09845],[2.72156,45.09844],[2.72146,45.09843],[2.72135,45.0984],[2.72115,45.09832],[2.7211,45.09828],[2.72107,45.09823],[2.72102,45.09819],[2.72087,45.09813],[2.72074,45.0981],[2.72063,45.09808],[2.7204,45.09809],[2.7203,45.09809],[2.72006,45.09807],[2.71999,45.09804],[2.71994,45.09798],[2.71991,45.09789],[2.71986,45.0978],[2.7198,45.09768],[2.71974,45.09758],[2.71968,45.0975],[2.71963,45.09741],[2.71958,45.09733],[2.71933,45.09711],[2.71908,45.09692],[2.71899,45.09684],[2.71885,45.09665],[2.71876,45.09649],[2.71861,45.09624],[2.71853,45.09615],[2.71837,45.09603],[2.71826,45.09595],[2.71813,45.0959],[2.71808,45.09588],[2.71808,45.09588],[2.718,45.09585],[2.7179,45.09579],[2.71785,45.09575],[2.7178,45.09564],[2.71778,45.09559],[2.71773,45.09553],[2.71768,45.09545],[2.71768,45.09535],[2.71769,45.0953],[2.71768,45.09518],[2.71768,45.09513],[2.71769,45.09505],[2.71769,45.09501],[2.71769,45.09499],[2.71769,45.09495],[2.7177,45.09492],[2.71769,45.0949],[2.71766,45.09487],[2.71765,45.0948],[2.71764,45.09472],[2.71757,45.09457],[2.71749,45.09436],[2.71748,45.0943],[2.71747,45.09425],[2.71743,45.09415],[2.71733,45.09394],[2.71728,45.09388],[2.71721,45.09376],[2.7172,45.0937],[2.71719,45.09362],[2.71714,45.09347],[2.71705,45.09332],[2.71692,45.09313],[2.71683,45.09302],[2.71678,45.09297],[2.7168,45.09295],[2.71682,45.09292],[2.71684,45.09285],[2.71683,45.09278],[2.71679,45.09262],[2.71676,45.09253],[2.71676,45.09249],[2.71673,45.09243],[2.71673,45.09234],[2.71676,45.09226],[2.7168,45.09218],[2.71682,45.09207],[2.71685,45.092],[2.71694,45.09187],[2.71696,45.09181],[2.71697,45.09176],[2.71701,45.09159],[2.71702,45.09152],[2.71707,45.09143],[2.71707,45.09138],[2.71707,45.09127],[2.71707,45.09118],[2.71707,45.09107],[2.7171,45.091],[2.71713,45.09088],[2.7172,45.09077],[2.71717,45.09069],[2.71714,45.09068],[2.71711,45.09068],[2.71707,45.09068],[2.71702,45.09069],[2.71698,45.0907],[2.71694,45.09069],[2.7169,45.09068],[2.71684,45.09065],[2.71678,45.09061],[2.71676,45.09059],[2.71673,45.09057],[2.71671,45.09053],[2.7167,45.09049],[2.71669,45.09047],[2.71664,45.09041],[2.71661,45.09037],[2.71656,45.09032],[2.71653,45.09029],[2.71649,45.09026],[2.71643,45.09023],[2.71632,45.09018],[2.71627,45.09016],[2.71624,45.09015],[2.71621,45.09014],[2.71618,45.09012],[2.71616,45.0901],[2.71612,45.09006],[2.71609,45.09004],[2.71606,45.09001],[2.71603,45.08999],[2.71593,45.08991],[2.71589,45.08988],[2.71584,45.08984],[2.71579,45.0898],[2.71575,45.08977],[2.71572,45.08975],[2.71569,45.08973],[2.71564,45.08969],[2.7156,45.08967],[2.71557,45.08962],[2.71555,45.0896],[2.71551,45.08957],[2.71546,45.08952],[2.71542,45.08949],[2.71539,45.08947],[2.71537,45.08943],[2.71534,45.08939],[2.71531,45.08937],[2.71528,45.08935],[2.71524,45.08934],[2.71521,45.08932],[2.7152,45.08931],[2.71519,45.0893],[2.71516,45.08927],[2.71512,45.08923],[2.7151,45.0892],[2.71508,45.08918],[2.71505,45.08916],[2.71502,45.08914],[2.715,45.08912],[2.71498,45.08911],[2.71492,45.08908],[2.71488,45.08907],[2.71485,45.08905],[2.71482,45.08903],[2.71477,45.089],[2.71475,45.08898],[2.71472,45.08896],[2.71468,45.08893],[2.71464,45.08889],[2.71463,45.08887],[2.7146,45.08885],[2.71459,45.08881],[2.71456,45.0888],[2.71454,45.08878],[2.71451,45.08876],[2.71449,45.08874],[2.71446,45.08872],[2.71445,45.08872],[2.71443,45.0887],[2.71441,45.08869],[2.71439,45.08868],[2.71436,45.08867],[2.71432,45.08864],[2.71431,45.08863],[2.71426,45.08862],[2.71422,45.0886],[2.71419,45.08857],[2.71417,45.08856],[2.71416,45.08854],[2.71415,45.08852],[2.71413,45.0885],[2.71409,45.08849],[2.71405,45.08847],[2.714,45.08845],[2.71397,45.08844],[2.7139,45.08842],[2.71387,45.08842],[2.71385,45.0884],[2.71381,45.08839],[2.71377,45.08838],[2.71373,45.08837],[2.7137,45.08835],[2.71368,45.08833],[2.71365,45.08833],[2.71362,45.08831],[2.71357,45.0883],[2.71353,45.08829],[2.71341,45.08823],[2.71335,45.08821],[2.7133,45.08819],[2.71326,45.08817],[2.71323,45.08815],[2.7132,45.08813],[2.71316,45.08812],[2.71313,45.08811],[2.71312,45.08809],[2.71309,45.08806],[2.71305,45.08802],[2.71301,45.08799],[2.71299,45.08796],[2.71296,45.08793],[2.71291,45.0879],[2.71289,45.08788],[2.71287,45.08786],[2.71283,45.08784],[2.71279,45.08783],[2.71275,45.08781],[2.7127,45.08778],[2.71263,45.08774],[2.7126,45.08772],[2.71257,45.0877],[2.71255,45.08768],[2.71249,45.08766],[2.71241,45.08762],[2.71239,45.08761],[2.71236,45.0876],[2.71225,45.08753],[2.7122,45.08749],[2.71217,45.08747],[2.71214,45.08745],[2.71213,45.08743],[2.71212,45.08742],[2.71212,45.0874],[2.71213,45.08739],[2.71214,45.08737],[2.71216,45.08732],[2.7122,45.08726],[2.71222,45.08722],[2.71224,45.08721],[2.71226,45.0872],[2.71229,45.0872],[2.7123,45.08718],[2.71233,45.08716],[2.71235,45.08715],[2.71237,45.08713],[2.71239,45.08711],[2.71244,45.08709],[2.71245,45.08708],[2.71249,45.08705],[2.71253,45.08701],[2.71256,45.08699],[2.71262,45.08693],[2.71265,45.08691],[2.71267,45.08689],[2.71269,45.08686],[2.71272,45.08684],[2.71274,45.08682],[2.71274,45.08681],[2.71274,45.0868],[2.71274,45.0868],[2.71273,45.08678],[2.71273,45.08676],[2.71271,45.0867],[2.71269,45.08666],[2.71266,45.0866],[2.71264,45.08657],[2.71262,45.08655],[2.7126,45.08652],[2.71258,45.08649],[2.71255,45.08647],[2.71252,45.08644],[2.71248,45.08641],[2.71245,45.08637],[2.71243,45.08636],[2.71243,45.08632],[2.71243,45.08631],[2.71241,45.08629],[2.71238,45.08626],[2.71235,45.08625],[2.7123,45.08621],[2.71217,45.08611],[2.71213,45.08608],[2.71208,45.08604],[2.71207,45.08603],[2.71206,45.08601],[2.71204,45.08597],[2.71202,45.08589],[2.71202,45.08585],[2.71203,45.0858],[2.71203,45.08577],[2.71205,45.08574],[2.71205,45.08572],[2.71205,45.0857],[2.71205,45.08566],[2.71204,45.08564],[2.71203,45.08559],[2.71203,45.08549],[2.71203,45.08544],[2.71203,45.08537],[2.71203,45.08532],[2.71203,45.08527],[2.712,45.08523],[2.71198,45.08519],[2.71195,45.08517],[2.71192,45.08515],[2.71186,45.08512],[2.71181,45.0851],[2.71177,45.08507],[2.71171,45.08504],[2.71165,45.085],[2.7116,45.08497],[2.71155,45.08494],[2.71144,45.08487],[2.71141,45.08483],[2.71139,45.08481],[2.71135,45.0848],[2.71131,45.08479],[2.71128,45.08477],[2.71124,45.08475],[2.7112,45.08473],[2.71117,45.08471],[2.71111,45.08466],[2.71108,45.08461],[2.71104,45.08457],[2.711,45.08451],[2.71097,45.08447],[2.71095,45.08444],[2.71093,45.08441],[2.71091,45.08437],[2.71089,45.08433],[2.71087,45.08431],[2.71082,45.08424],[2.7108,45.0842],[2.71078,45.08415],[2.71076,45.08411],[2.71073,45.08407],[2.71069,45.08401],[2.71067,45.08399],[2.71067,45.08395],[2.71066,45.08392],[2.71064,45.08387],[2.71061,45.08383],[2.71059,45.08379],[2.71056,45.08377],[2.71053,45.08375],[2.7105,45.08373],[2.71042,45.08368],[2.71035,45.08364],[2.7103,45.0836],[2.71028,45.08358],[2.71026,45.08357],[2.71023,45.08355],[2.71019,45.08353],[2.71009,45.08346],[2.71005,45.08342],[2.71,45.08337],[2.70997,45.08334],[2.70994,45.08331],[2.70992,45.08326],[2.7099,45.08321],[2.70988,45.08317],[2.70984,45.08308],[2.70979,45.08296],[2.70977,45.08293],[2.70973,45.08288],[2.70969,45.08282],[2.70967,45.0828],[2.7096,45.08274],[2.70958,45.08272],[2.70958,45.08271],[2.70954,45.08268],[2.70952,45.08267],[2.70945,45.08263],[2.70936,45.08261],[2.7093,45.08259],[2.7092,45.08256],[2.70908,45.08254],[2.70902,45.08252],[2.70892,45.08251],[2.70875,45.08248],[2.70862,45.08248],[2.7086,45.08248],[2.70855,45.0825],[2.70848,45.08252],[2.70837,45.08254],[2.70834,45.08255],[2.70826,45.08257],[2.70818,45.08258],[2.70813,45.08258],[2.70797,45.0826],[2.70785,45.08262],[2.70776,45.08264],[2.7077,45.08267],[2.70764,45.0827],[2.7075,45.08278],[2.7074,45.08283],[2.70734,45.08286],[2.70728,45.08287],[2.7072,45.08287],[2.70716,45.08287],[2.70707,45.08289],[2.70699,45.08291],[2.7069,45.08292],[2.70684,45.08292],[2.70673,45.08289],[2.70671,45.08288],[2.70662,45.08285],[2.7066,45.08284],[2.70656,45.08284],[2.70647,45.08287],[2.70638,45.0829],[2.7063,45.08294],[2.70626,45.08295],[2.70623,45.08295],[2.70614,45.08295],[2.70606,45.08296],[2.70596,45.08295],[2.70591,45.08296],[2.7058,45.08296],[2.70574,45.08296],[2.70565,45.08296],[2.70559,45.08296],[2.70552,45.08297],[2.70544,45.08298],[2.70538,45.08298],[2.70531,45.08299],[2.70529,45.08299],[2.70526,45.08299],[2.70522,45.08298],[2.70521,45.08298],[2.70517,45.08298],[2.70508,45.08299],[2.70504,45.083],[2.70502,45.083],[2.70499,45.083],[2.70492,45.083],[2.70489,45.083],[2.70485,45.083],[2.70482,45.08299],[2.70477,45.08298],[2.70473,45.08297],[2.70466,45.08295],[2.70461,45.08293],[2.70449,45.08288],[2.70441,45.08284],[2.70435,45.08282],[2.70428,45.08279],[2.7042,45.08275],[2.70415,45.08274],[2.70412,45.08273],[2.70406,45.08271],[2.70398,45.0827],[2.70394,45.08269],[2.7039,45.08269],[2.70379,45.08267],[2.70376,45.08266],[2.70365,45.08264],[2.70364,45.08263],[2.70356,45.08261],[2.70353,45.08261],[2.70345,45.0826],[2.70342,45.08259],[2.70338,45.08259],[2.70334,45.08258],[2.70326,45.08255],[2.70323,45.08254],[2.70321,45.08253],[2.70311,45.08249],[2.70309,45.08248],[2.703,45.08244],[2.70298,45.08243],[2.70294,45.08242],[2.70291,45.0824],[2.70285,45.08237],[2.70281,45.08235],[2.7028,45.08232],[2.70278,45.08229],[2.70275,45.08226],[2.70273,45.08223],[2.7027,45.08218],[2.70264,45.08212],[2.7026,45.08209],[2.70257,45.08207],[2.70254,45.08205],[2.70245,45.08199],[2.70242,45.08196],[2.70239,45.08193],[2.70236,45.0819],[2.70232,45.08188],[2.7023,45.08186],[2.70228,45.08184],[2.70226,45.08183],[2.70225,45.08176],[2.70222,45.08158],[2.7022,45.08132],[2.70217,45.08101],[2.70208,45.0808],[2.70196,45.08062],[2.70194,45.08051],[2.70194,45.08037],[2.70196,45.08008],[2.70198,45.07974],[2.702,45.07947],[2.70203,45.07911],[2.70199,45.07886],[2.70193,45.07857],[2.70192,45.0782],[2.70195,45.07793],[2.70201,45.07768],[2.70209,45.07742],[2.70215,45.07718],[2.70226,45.07695],[2.70237,45.07672],[2.70256,45.07674],[2.70255,45.07677],[2.70255,45.07677],[2.70256,45.07674],[2.70292,45.07677],[2.70323,45.07677],[2.7034,45.07685],[2.70353,45.07691],[2.70362,45.07693],[2.70374,45.07693],[2.70399,45.07692],[2.70408,45.07689],[2.70416,45.07683],[2.70424,45.07678],[2.70446,45.07659],[2.70455,45.07651],[2.70476,45.07636],[2.70482,45.07634],[2.70489,45.07631],[2.705,45.07629],[2.70508,45.07628],[2.70536,45.07623],[2.70569,45.07619],[2.70578,45.07616],[2.70597,45.07608],[2.70604,45.07603],[2.70634,45.07581],[2.70645,45.0757],[2.7065,45.07566],[2.70655,45.07564],[2.70662,45.0756],[2.70668,45.07557],[2.70671,45.07554],[2.70671,45.07552],[2.7067,45.07547],[2.7067,45.07547],[2.70668,45.07538],[2.7066,45.0752],[2.70656,45.07512],[2.70656,45.07509],[2.70657,45.07506],[2.70657,45.0749],[2.70655,45.07481],[2.70651,45.07471],[2.70643,45.07459],[2.70636,45.07448],[2.70627,45.0744],[2.70625,45.07438],[2.70622,45.07442],[2.70619,45.07449],[2.70612,45.07462],[2.70606,45.07473],[2.70602,45.07479],[2.70595,45.07488],[2.70593,45.07492],[2.7059,45.07496],[2.70587,45.07498],[2.70581,45.07501],[2.70574,45.07504],[2.70557,45.07509],[2.70536,45.07519],[2.70527,45.07526],[2.70525,45.07527],[2.70523,45.07528],[2.70521,45.07528],[2.70519,45.07525],[2.70518,45.07522],[2.70519,45.07518],[2.70524,45.0751],[2.70537,45.07494],[2.70547,45.07481],[2.70551,45.07473],[2.70552,45.07469],[2.70555,45.07464],[2.70555,45.07461],[2.70555,45.07458],[2.7055,45.07457],[2.70545,45.07458],[2.70535,45.07465],[2.70527,45.07468],[2.70519,45.07472],[2.70516,45.07473],[2.70506,45.07475],[2.70502,45.07476],[2.70487,45.07478],[2.70481,45.07478],[2.70477,45.07478],[2.70474,45.07478],[2.70472,45.07477],[2.70469,45.07475],[2.70469,45.07473],[2.70469,45.0747],[2.70471,45.07462],[2.70475,45.0745],[2.70476,45.07443],[2.70477,45.0744],[2.70477,45.07435],[2.70483,45.07435],[2.70483,45.07435],[2.70477,45.07435],[2.70478,45.07431],[2.70478,45.07428],[2.70474,45.07422],[2.70476,45.07418],[2.70479,45.07408],[2.70479,45.07402],[2.70479,45.07396],[2.70479,45.07392],[2.70477,45.0738],[2.70477,45.07374],[2.70477,45.07369],[2.70478,45.07363],[2.70479,45.07358],[2.70483,45.07348],[2.70487,45.07343],[2.70496,45.0733],[2.70503,45.07321],[2.70509,45.07314],[2.70511,45.07312],[2.70516,45.07305],[2.70519,45.07301],[2.70522,45.07298],[2.70528,45.07293],[2.70532,45.0729],[2.7054,45.07284],[2.70554,45.07276],[2.70567,45.0727],[2.70576,45.07266],[2.70582,45.07264],[2.70587,45.07263],[2.70597,45.07262],[2.70605,45.07261],[2.70617,45.07261],[2.70622,45.07261],[2.7063,45.07261],[2.70638,45.07262],[2.70646,45.07263],[2.70654,45.07264],[2.70665,45.07266],[2.70679,45.07268],[2.70692,45.07271],[2.70701,45.07272],[2.70708,45.07272],[2.7071,45.07272],[2.70715,45.07271],[2.70726,45.07269],[2.70744,45.07266],[2.70754,45.07265],[2.70761,45.07265],[2.70771,45.07264],[2.70777,45.07264],[2.70786,45.07265],[2.70791,45.07266],[2.70797,45.07267],[2.70801,45.07269],[2.70804,45.07271],[2.70807,45.07273],[2.7081,45.07276],[2.70814,45.07279],[2.70817,45.07284],[2.70821,45.0729],[2.70825,45.07301],[2.70829,45.0731],[2.70832,45.07316],[2.70833,45.07318],[2.70838,45.07322],[2.70843,45.07325],[2.70851,45.07327],[2.70856,45.07327],[2.7086,45.07327],[2.70865,45.07327],[2.70872,45.07325],[2.70876,45.07323],[2.70879,45.07322],[2.70884,45.07322],[2.7091,45.07323],[2.70921,45.07324],[2.70929,45.07327],[2.7094,45.07328],[2.70962,45.07329],[2.70972,45.07329],[2.70978,45.07329],[2.71008,45.07329],[2.71021,45.07328],[2.71038,45.07327],[2.7105,45.07326],[2.7106,45.07324],[2.71068,45.07321],[2.71076,45.07318],[2.71094,45.0731],[2.71112,45.07302],[2.71128,45.07295],[2.71137,45.07293],[2.71144,45.07292],[2.71149,45.07291],[2.71156,45.07291],[2.71163,45.07291],[2.71168,45.07292],[2.71174,45.07292],[2.71182,45.07296],[2.71189,45.073],[2.71194,45.07303],[2.71199,45.07308],[2.71205,45.07314],[2.71209,45.0732],[2.71215,45.07329],[2.71217,45.07333],[2.71219,45.07336],[2.7122,45.07341],[2.71221,45.07346],[2.71221,45.07357],[2.7122,45.07372],[2.71216,45.07392],[2.71216,45.074],[2.71215,45.07405],[2.71214,45.07411],[2.71213,45.07414],[2.71213,45.07418],[2.71214,45.07423],[2.71218,45.07432],[2.71221,45.07444],[2.71223,45.07451],[2.71223,45.07454],[2.71223,45.07459],[2.71221,45.07464],[2.71219,45.07467],[2.71215,45.0747],[2.7121,45.07475],[2.71208,45.07478],[2.71208,45.07482],[2.71209,45.07487],[2.71212,45.07492],[2.71223,45.07503],[2.71226,45.07507],[2.71226,45.07509],[2.71225,45.07513],[2.71221,45.0752],[2.7122,45.07527],[2.7122,45.07531],[2.71222,45.07536],[2.71224,45.07539],[2.71227,45.07542],[2.71229,45.07543],[2.71231,45.07544],[2.71237,45.07545],[2.71242,45.07545],[2.71256,45.07543],[2.7127,45.0754],[2.71276,45.07539],[2.71282,45.07539],[2.71288,45.0754],[2.71295,45.07541],[2.71299,45.07543],[2.71303,45.07546],[2.71307,45.0755],[2.71309,45.07551],[2.71311,45.07553],[2.71315,45.07554],[2.71321,45.07553],[2.71331,45.07552],[2.71351,45.07548],[2.71376,45.07543],[2.71389,45.07541],[2.71399,45.07539],[2.71408,45.07539],[2.71425,45.07537],[2.71433,45.07537],[2.71444,45.07537],[2.71449,45.07537],[2.71456,45.07537],[2.71462,45.07538],[2.71467,45.07539],[2.71473,45.07541],[2.7149,45.07546],[2.71517,45.07556],[2.71539,45.07563],[2.71547,45.07565],[2.71551,45.07567],[2.71557,45.07569],[2.71568,45.07571],[2.71582,45.07572],[2.71594,45.07573],[2.71602,45.07574],[2.71608,45.07574],[2.7162,45.07577],[2.71642,45.07583],[2.71655,45.0759],[2.71684,45.07603],[2.71702,45.07613],[2.71709,45.07619],[2.71711,45.0762],[2.71722,45.07631],[2.71734,45.07647],[2.71738,45.07653],[2.71745,45.07662],[2.7175,45.07665],[2.7176,45.07667],[2.71787,45.0767],[2.71819,45.07672],[2.71842,45.0767],[2.71856,45.07669],[2.71862,45.0767],[2.71871,45.07674],[2.71886,45.07682],[2.71902,45.07692],[2.71922,45.07709],[2.71928,45.07718],[2.71932,45.07732],[2.71934,45.07754],[2.71937,45.07771],[2.71945,45.07786],[2.71953,45.07798],[2.71968,45.07807],[2.72015,45.07823],[2.72023,45.07827],[2.72035,45.07838],[2.72041,45.07846],[2.72046,45.07859],[2.72047,45.07875],[2.72047,45.07883],[2.72043,45.07897],[2.72031,45.07928],[2.72033,45.07933],[2.72035,45.07936],[2.72038,45.07937],[2.7204,45.07938],[2.72064,45.07945],[2.72077,45.07952],[2.72083,45.07956],[2.7209,45.0796],[2.72096,45.07966],[2.72104,45.07975],[2.72107,45.07978],[2.72109,45.07979],[2.72116,45.0798],[2.72131,45.07982],[2.72145,45.07983],[2.72151,45.07986],[2.72154,45.07988],[2.72158,45.07991],[2.72163,45.07997],[2.72167,45.08005],[2.7217,45.08016],[2.72175,45.0803],[2.72177,45.08035],[2.7218,45.08039],[2.72184,45.08043],[2.72186,45.08044],[2.72189,45.08046],[2.72195,45.08048],[2.72215,45.08053],[2.72225,45.08057],[2.72238,45.08062],[2.72265,45.0807],[2.72274,45.08073],[2.72277,45.08075],[2.72279,45.08077],[2.72283,45.08084],[2.72287,45.08098],[2.7229,45.08101],[2.72296,45.08104],[2.72298,45.08105],[2.72299,45.08105],[2.72304,45.08106],[2.72307,45.08105],[2.72309,45.08104],[2.72311,45.08104],[2.72315,45.081],[2.72322,45.08093],[2.72328,45.0809],[2.72333,45.08089],[2.72338,45.08088],[2.72343,45.08088],[2.72349,45.08088],[2.72355,45.08089],[2.72365,45.08091],[2.72396,45.08101],[2.72411,45.08106],[2.72417,45.08109],[2.72421,45.08112],[2.72424,45.08118],[2.72426,45.08122],[2.72426,45.08133],[2.72426,45.08145],[2.72427,45.08154],[2.72428,45.08161],[2.72432,45.08165],[2.72436,45.08168],[2.72438,45.08169],[2.72441,45.08169],[2.72446,45.08169],[2.72451,45.08169],[2.72462,45.08166],[2.72468,45.08165],[2.72475,45.08165],[2.72483,45.08166],[2.72488,45.08166],[2.72499,45.0817],[2.7251,45.08174],[2.72519,45.08178],[2.7253,45.08184],[2.72534,45.08185],[2.72538,45.08186],[2.72542,45.08186],[2.72548,45.08187],[2.72564,45.08188],[2.72568,45.08189],[2.72573,45.0819],[2.72578,45.08192],[2.72588,45.08198],[2.72597,45.08203],[2.72608,45.08213],[2.72613,45.08218],[2.72628,45.08235],[2.72644,45.08255],[2.72661,45.08277],[2.72677,45.08297],[2.72681,45.08302],[2.72683,45.08308],[2.72686,45.08313],[2.72694,45.08324],[2.72698,45.08331],[2.72704,45.08341],[2.72707,45.08346],[2.72714,45.08353],[2.7273,45.08367],[2.72751,45.08384],[2.72758,45.0839],[2.72766,45.08394],[2.7277,45.08396],[2.72774,45.08397],[2.72792,45.08402],[2.72805,45.08406],[2.72814,45.08408],[2.72825,45.08413],[2.7283,45.08416],[2.72838,45.08422],[2.72845,45.08429],[2.72856,45.08442],[2.72859,45.08445],[2.72861,45.08447],[2.72866,45.08451],[2.72891,45.08462],[2.72898,45.08465],[2.72904,45.08469],[2.72919,45.08484],[2.72929,45.08495],[2.72935,45.08502],[2.72938,45.08504],[2.72949,45.0851],[2.7295,45.0851],[2.72967,45.08518],[2.72975,45.08523],[2.72984,45.08532],[2.72992,45.08537],[2.73012,45.08542],[2.73034,45.08547],[2.73056,45.0855],[2.7309,45.08552],[2.73119,45.08553],[2.7315,45.08553],[2.73179,45.08553],[2.73193,45.08552],[2.73203,45.0855],[2.73223,45.08544],[2.73252,45.08534],[2.73268,45.08527],[2.73268,45.08527],[2.73279,45.08522],[2.73287,45.08522],[2.73296,45.08522],[2.7331,45.08521],[2.73319,45.08521],[2.73327,45.08522],[2.73366,45.08529],[2.73396,45.08535],[2.73412,45.08538],[2.73426,45.0854],[2.73437,45.0854],[2.73448,45.08539],[2.73467,45.08538],[2.73497,45.08534],[2.73513,45.08533],[2.73529,45.08531],[2.7354,45.08528],[2.73551,45.08525],[2.73564,45.0852],[2.73576,45.08516],[2.73583,45.08513],[2.73591,45.08511],[2.73599,45.0851],[2.73611,45.0851],[2.73619,45.08511],[2.73626,45.08513],[2.73635,45.08516],[2.73648,45.08524],[2.73662,45.0853],[2.73667,45.08532],[2.73672,45.08533],[2.73686,45.08537],[2.73698,45.08539],[2.73709,45.08539],[2.73724,45.0854],[2.73744,45.0854],[2.73763,45.0854],[2.73779,45.0854],[2.73792,45.08541],[2.73803,45.08541],[2.73812,45.08542],[2.73822,45.08546],[2.73845,45.0856],[2.73853,45.08566],[2.73863,45.08569],[2.73874,45.08571],[2.73885,45.08572],[2.739,45.08572],[2.73911,45.08571],[2.73922,45.0857],[2.73922,45.0857],[2.73925,45.08569],[2.73942,45.08567],[2.73948,45.08567],[2.73951,45.08569],[2.73952,45.08572],[2.7395,45.08574],[2.73943,45.08577],[2.73912,45.08584],[2.73903,45.08587],[2.73893,45.08591],[2.73881,45.08597],[2.73871,45.08599],[2.73862,45.08601],[2.73848,45.08601],[2.73838,45.086],[2.73828,45.08601],[2.73817,45.08603],[2.73802,45.08606],[2.73791,45.08609],[2.73779,45.0861],[2.73763,45.08613],[2.7375,45.08618],[2.73742,45.08623],[2.73736,45.08629],[2.73732,45.08636],[2.73732,45.0864],[2.73733,45.08643],[2.73738,45.08646],[2.73742,45.08645],[2.73746,45.08644],[2.73751,45.08641],[2.73759,45.08635],[2.73765,45.08633],[2.73771,45.08632],[2.73783,45.08633],[2.73803,45.08636],[2.73822,45.08637],[2.73845,45.08639],[2.73858,45.0864],[2.7386,45.08654],[2.73875,45.0866],[2.73886,45.08662],[2.73893,45.08668],[2.73894,45.08671],[2.73888,45.08681],[2.73886,45.08695],[2.73889,45.08711],[2.73895,45.08718],[2.73897,45.08727],[2.73896,45.08739],[2.73903,45.08742],[2.73907,45.08743],[2.73923,45.08746],[2.73962,45.0875],[2.73989,45.08753],[2.73986,45.08754],[2.73975,45.08763],[2.73958,45.08777],[2.73944,45.0879],[2.73936,45.08798],[2.73933,45.08803],[2.73931,45.08807],[2.73931,45.08813],[2.73933,45.0882],[2.73934,45.08822],[2.73937,45.08827],[2.73944,45.08832],[2.73952,45.08836],[2.7396,45.08837],[2.73971,45.08837],[2.73992,45.08837],[2.7402,45.08835],[2.7405,45.08833],[2.74072,45.08832],[2.74086,45.08831],[2.74104,45.08832],[2.74122,45.08833],[2.74128,45.08834],[2.74146,45.08835],[2.74169,45.08829]]}},{"type":"Feature","id":"cascade-faillitoux","properties":{"routeId":"cascade-faillitoux","geometryKm":4.35,"pointCount":111},"geometry":{"type":"LineString","coordinates":[[2.6392733578,45.0196109745],[2.6394280938,45.0194069687],[2.6399078625,45.0196048592],[2.6399752051,45.0198067248],[2.6402367939,45.020209232],[2.6404944924,45.0204092614],[2.6408542952,45.0209683314],[2.6410172539,45.0211917753],[2.641179348,45.0213702241],[2.6410902303,45.0216861072],[2.6411262861,45.0219107756],[2.6415460933,45.0222892511],[2.6419011525,45.0226008454],[2.6421632013,45.0230258454],[2.6425525968,45.0234721159],[2.6428150882,45.0239196117],[2.643014128,45.0243677204],[2.6434048411,45.02488148],[2.6439216067,45.0253490155],[2.6445652952,45.0258153199],[2.6446648249,45.0260393727],[2.6449847194,45.0261712847],[2.6452450693,45.0265062875],[2.6456636332,45.0268172549],[2.6462082491,45.0270819954],[2.6464942479,45.0271017237],[2.646553355,45.0268761341],[2.6469354111,45.0269399329],[2.647121868,45.0267356091],[2.6474743722,45.026912201],[2.6477629843,45.0270669106],[2.6480546481,45.0273791013],[2.6483480586,45.0277812807],[2.6486414733,45.0281834594],[2.6487775497,45.0286546714],[2.6490422946,45.029214639],[2.6492083627,45.0295955523],[2.6496326441,45.0301989707],[2.649861745,45.0305567684],[2.649868729,45.0309167265],[2.6501621708,45.031318901],[2.650392153,45.0317216922],[2.6504612945,45.0320135404],[2.6502735227,45.0321503776],[2.6498901186,45.0320190981],[2.6496362626,45.0320215673],[2.6495684345,45.0317972107],[2.6491907058,45.0319583948],[2.648971199,45.0320955384],[2.6485917225,45.032166731],[2.6481796411,45.0321932358],[2.6478644986,45.0323088044],[2.64780452,45.0324893998],[2.6477036593,45.032197858],[2.6475415138,45.0320194191],[2.6473480729,45.0318637853],[2.6475671471,45.0317041475],[2.6472176613,45.031685038],[2.6467751567,45.0317793378],[2.6466117095,45.0315334054],[2.6463852357,45.0313105855],[2.6459379479,45.0311574107],[2.6455536905,45.0309811217],[2.6451981242,45.0306470421],[2.6448421275,45.030290464],[2.6444231079,45.0299569965],[2.64393629,45.0293991672],[2.6432947352,45.0290453468],[2.6426870869,45.0288037034],[2.6421746341,45.028561137],[2.6416291559,45.0282513824],[2.6413088241,45.0280969636],[2.6412718971,45.0278273005],[2.6410771884,45.0276041634],[2.6408824812,45.027381026],[2.6407512343,45.027157276],[2.6406495536,45.0268207325],[2.6405478742,45.0264841889],[2.640512683,45.0263045153],[2.6402523616,45.0259695015],[2.640181982,45.0256101541],[2.640082903,45.0254085948],[2.6399499338,45.0250948539],[2.6398799898,45.0247580037],[2.6397748591,45.0242414795],[2.6395767097,45.0238383599],[2.6391512854,45.0231674101],[2.6389183926,45.0226071126],[2.6386542098,45.0220696175],[2.6385490956,45.0215530919],[2.6382853531,45.0210380933],[2.6380563632,45.0206802712],[2.6377309046,45.0202558719],[2.6375045103,45.0200330335],[2.6374676071,45.0197633687],[2.6375863096,45.0193346956],[2.6376424237,45.0189516277],[2.6376003425,45.018411993],[2.6376273205,45.0181642154],[2.6378172356,45.0181398864],[2.6379767211,45.018183355],[2.6380757797,45.0183849165],[2.6382318121,45.0182484047],[2.63835871,45.0182471831],[2.6385842366,45.0184250249],[2.6387163183,45.0186937728],[2.6387866794,45.0190531215],[2.6387323008,45.0195261798],[2.6387053271,45.0197739576],[2.6389574015,45.0196815233],[2.6392733578,45.0196109745]]}},{"type":"Feature","id":"pas-de-cere","properties":{"routeId":"pas-de-cere","geometryKm":0.97,"pointCount":87},"geometry":{"type":"LineString","coordinates":[[2.64843,45.00163],[2.64859,45.00175],[2.64872,45.00186],[2.64872,45.00186],[2.64875,45.00174],[2.64876,45.00163],[2.64877,45.00154],[2.6489,45.00149],[2.6489,45.00149],[2.64892,45.00137],[2.64898,45.00132],[2.64898,45.00132],[2.64906,45.00136],[2.64917,45.00141],[2.64927,45.0014],[2.64934,45.00138],[2.64934,45.00138],[2.64927,45.0014],[2.64917,45.00141],[2.64906,45.00136],[2.64898,45.00132],[2.64902,45.00125],[2.64902,45.00125],[2.64896,45.00115],[2.64896,45.00115],[2.64881,45.00099],[2.64881,45.00099],[2.64864,45.00089],[2.64864,45.00089],[2.64866,45.00073],[2.64866,45.00073],[2.64867,45.0006],[2.64867,45.0006],[2.64852,45.00049],[2.64841,45.00033],[2.64836,45.00026],[2.64817,45.00012],[2.64817,45.00012],[2.64813,44.99999],[2.64813,44.99999],[2.64816,44.99981],[2.64815,44.99974],[2.64815,44.99974],[2.64803,44.99964],[2.648,44.9995],[2.648,44.99939],[2.6479,44.99928],[2.6478,44.99925],[2.6478,44.99925],[2.64775,44.99916],[2.64775,44.99916],[2.64775,44.99907],[2.64775,44.99907],[2.64776,44.99887],[2.64783,44.9986],[2.64783,44.9986],[2.64791,44.99855],[2.64796,44.99848],[2.64796,44.99848],[2.64807,44.99847],[2.64809,44.99837],[2.64808,44.99826],[2.64808,44.99826],[2.64804,44.99812],[2.64799,44.99794],[2.64791,44.99785],[2.64791,44.99785],[2.64774,44.99767],[2.64774,44.99767],[2.64745,44.99741],[2.64745,44.99741],[2.64723,44.99725],[2.64723,44.99725],[2.64689,44.99698],[2.64689,44.99698],[2.64667,44.99683],[2.64646,44.99672],[2.64646,44.99672],[2.64612,44.99662],[2.64612,44.99662],[2.64563,44.99656],[2.64563,44.99656],[2.64504,44.99657],[2.64504,44.99657],[2.64454,44.99666],[2.64454,44.99666],[2.64446,44.99632]]}},{"type":"Feature","id":"ouysse-alzou-ens","properties":{"routeId":"ouysse-alzou-ens","geometryKm":7.32,"pointCount":393},"geometry":{"type":"LineString","coordinates":[[1.5842440836425773,44.79076387981399],[1.584293087600198,44.790836915473264],[1.584423092153909,44.79103067367133],[1.5845530976035902,44.79122443172975],[1.584726450317452,44.79137071835826],[1.5848763337969423,44.791444668298205],[1.5850515004190209,44.791518940683],[1.5852503646699472,44.791656547427934],[1.5854492298942389,44.79179415382267],[1.585533869930587,44.79194831197034],[1.5856185104310487,44.79210247006148],[1.5857803592559114,44.79220358521937],[1.5859422086628896,44.79230470014451],[1.5858410762375477,44.7923034103396],[1.5856325283002564,44.792202470821415],[1.585624522541304,44.792198595930195],[1.5854079696524268,44.7920937811016],[1.5851914175709114,44.791988965853896],[1.5849316707885417,44.791925620436345],[1.5846719245914296,44.79186227441174],[1.5844121789795815,44.79179892778011],[1.584311954170104,44.791761629708596],[1.5840092400988048,44.79173075040613],[1.583706526360001,44.79169987027762],[1.583516905202272,44.79169744799524],[1.5833272840608823,44.79169502538859],[1.5831317855205407,44.791758561189795],[1.5829362865383843,44.79182209664772],[1.5827407871144117,44.79188563176235],[1.5824875042075768,44.791900403207286],[1.5824125633820507,44.791863426642244],[1.5823155176090076,44.791700102770626],[1.5822410311610713,44.79164512266542],[1.5819830177881802,44.79159680014382],[1.5817250048587683,44.791548477022666],[1.5814669923728395,44.79150015330197],[1.5812089803303981,44.791451828981735],[1.5810450971897685,44.79143172256763],[1.580881214166344,44.79141161591147],[1.58062823591431,44.791414380827625],[1.5803752576374,44.791417145166655],[1.5801222793356176,44.79141990892855],[1.5798365003063044,44.79138623351242],[1.5795507216193045,44.79135255736015],[1.579264943274627,44.79131888047179],[1.579037399659104,44.791315964580285],[1.5788098560671828,44.791313048221845],[1.5785823124988678,44.79131013139651],[1.5783791411067245,44.79134354508811],[1.5781998862509508,44.79143129284038],[1.578036727070278,44.79154926214883],[1.5778735672049686,44.79166723122198],[1.577710406655022,44.79178520005978],[1.5775677071578533,44.791927443500214],[1.577425006938685,44.79206968676392],[1.5772184909797968,44.792235123343296],[1.5770119738056478,44.792400559547396],[1.5768054554162303,44.792565995376215],[1.5765825361328667,44.79271321103864],[1.5763596156821866,44.792860426260326],[1.5761366940641806,44.79300764104125],[1.5759137712788451,44.79315485538143],[1.575690847326176,44.793302069280834],[1.5754679222061643,44.793449282739495],[1.5752449959188062,44.79359649575738],[1.5750220684640974,44.793743708334496],[1.5747991398420296,44.79389092047082],[1.5745941310188758,44.79399634089704],[1.574389121426956,44.79410176094801],[1.5741841110662682,44.79420718062378],[1.5740039272214204,44.79433092849793],[1.5738350144503197,44.79450884891308],[1.5736661006101886,44.79468676908174],[1.5735470688635653,44.794892344662976],[1.5734280362465007,44.795097920130814],[1.5733090027589862,44.79530349548525],[1.573189968401012,44.795509070726276],[1.5731362008445995,44.79563444391108],[1.5731196745015088,44.795787310248166],[1.5731031480685507,44.79594017659075],[1.5729716977311308,44.7961365872493],[1.572866902429245,44.79627931294035],[1.572673152408583,44.7964389028621],[1.572479401287995,44.796598492454024],[1.572242771984679,44.79670350173857],[1.5720061417974414,44.79680851052198],[1.5717695107262828,44.79691351880419],[1.5715328787712015,44.79701852658524],[1.5713034823176262,44.79708760848007],[1.5710740853003213,44.797156689901996],[1.5710207690857552,44.797264058716266],[1.5710446814528913,44.797318394800556],[1.5711697350696359,44.79737403416032],[1.5714224737216222,44.79738179281013],[1.5716752124433622,44.79738955088397],[1.5719279512348499,44.797397308381846],[1.5721806900960806,44.79740506530376],[1.5724726142396745,44.79736380051472],[1.572764537954744,44.797322534957814],[1.5730564612412816,44.79728126863305],[1.5733483840992806,44.797240001540445],[1.5736013889213223,44.797237253226804],[1.5738543937186256,44.79723450433597],[1.5741073984911864,44.797231754867944],[1.5742832538026528,44.79727903926693],[1.5744591094099165,44.797326323387836],[1.5745313132117518,44.797471325976936],[1.5746035173860304,44.797616328526125],[1.5746251509415212,44.79776068100581],[1.574697355729431,44.79790568350814],[1.5747695608897918,44.79805068597057],[1.5748417664226064,44.79819568839313],[1.574841932153032,44.798196226953415],[1.5749001884435616,44.79838553689112],[1.5749586108590787,44.79857538537052],[1.5750630109489676,44.798780832396275],[1.5751674118018768,44.798986279338045],[1.5752718134178119,44.79919172619582],[1.5752681630878613,44.79933575375088],[1.5752645127392075,44.799479781312854],[1.575236032340074,44.799605480556615],[1.5752075518135844,44.79973117979841],[1.5750774690391107,44.79987358286125],[1.5749489830061543,44.799952973712315],[1.5748204966103128,44.800032364416644],[1.5747159269781956,44.800166090319294],[1.5746113568486095,44.8002998161294],[1.5746858473015355,44.80035480152089],[1.5748371108425976,44.800374754908646],[1.575127679420125,44.800387493437036],[1.5754182481293266,44.80040023120421],[1.5756596121091664,44.80035830829257],[1.575900975729032,44.80031638485625],[1.5759777478331325,44.80028135211305],[1.576156578360663,44.80021161114304],[1.5763449011962611,44.80009997003691],[1.5765332232839147,44.79998832861522],[1.5767215446236236,44.79987668687796],[1.5769242920725226,44.79986127958133],[1.577125672305144,44.79989988228133],[1.577174878190324,44.799954541540004],[1.5771735111284926,44.800008551909755],[1.5770223830975456,44.80018310393716],[1.5768712541281404,44.800357655768956],[1.5767201242202686,44.8005322074051],[1.5765689933739249,44.800706758845614],[1.5764178615891002,44.800881310090475],[1.576613551398445,44.8008117847763],[1.5768092407237713,44.8007422591185],[1.5770049295650819,44.80067273311703],[1.5772713525023805,44.80064013289936],[1.5775377751306896,44.800607532042044],[1.5777909467342155,44.80059877301339],[1.5780441182588494,44.80059001340684],[1.5782972897045862,44.80058125322239],[1.5786016416172353,44.80054913607906],[1.5789059931821365,44.80051701810087],[1.5790671715286246,44.80064514854682],[1.5792283506098082,44.800773278764076],[1.5793895304256895,44.80090140875264],[1.5795507109762732,44.801029538512516],[1.5797507325841191,44.80112214688057],[1.5798265936958247,44.801123118411596],[1.5799291062917584,44.80107040328153],[1.5799573495378234,44.800953704507485],[1.579985592666634,44.800837005730855],[1.580065091545148,44.80069394931537],[1.5801423163121369,44.80064091021241],[1.5803206881324765,44.800589165992],[1.580555613919235,44.80055165236014],[1.5807905393924704,44.80051413823114],[1.5810254645521795,44.80047662360499],[1.5812603893983592,44.800439108481676],[1.5815391492611204,44.8004186620851],[1.581817908921114,44.80039821498799],[1.5820966683783317,44.80037776719038],[1.5823412579868732,44.80037489116218],[1.5825858475703853,44.80037201459456],[1.582830437128867,44.800369137487536],[1.5830187260492898,44.800425571400176],[1.5832070153477282,44.80048200499422],[1.5833564674077047,44.80057396070211],[1.5835059199565897,44.80066591621148],[1.583641595490583,44.80080271876047],[1.5837772716848815,44.80093952114982],[1.5838869811798484,44.80110300570958],[1.5839966913128913,44.80126649016985],[1.5841843042296515,44.80134992735996],[1.5843719177033084,44.80143336423506],[1.5844947268860803,44.80157900612365],[1.5846172236123934,44.80172427658376],[1.584617536705168,44.80172464788341],[1.5847392895074777,44.80191229767918],[1.5848610431225905,44.80209994735319],[1.584982797550514,44.80228759690544],[1.5850839298992228,44.80249059126562],[1.5851850629782915,44.80269358554747],[1.5852861967877263,44.80289657975103],[1.5853873313275373,44.803099573876274],[1.5854884665977307,44.80330256792319],[1.585635664862453,44.80348453820569],[1.5857345525269448,44.803575845769025],[1.5858968875168042,44.80365895763599],[1.5860592229866681,44.80374206926768],[1.5862524866260888,44.80390301487441],[1.586445751372138,44.80406396015312],[1.5866390172248246,44.80422490510378],[1.5868322841841538,44.80438584972644],[1.587025552250133,44.80454679402103],[1.5872497561025138,44.804684719978994],[1.587473961055084,44.80482264549014],[1.587585272256546,44.804923114254166],[1.5876965838558859,44.80502358290988],[1.58779442214409,44.80515689692297],[1.587892260896347,44.80529021085574],[1.587990100112659,44.80542352470817],[1.5880612186021672,44.80561352772028],[1.5881323375724368,44.80580353069895],[1.5884346775625682,44.805852402431164],[1.5887370180783982,44.805901273340055],[1.5887207571612303,44.8060451407593],[1.5887044961608292,44.806189008183075],[1.5887516846738263,44.80632467836003],[1.5887988734146012,44.80646034852309],[1.5889373594909055,44.806654209716534],[1.589075846522401,44.806848070749744],[1.5892143345091003,44.80704193162265],[1.589337846266117,44.80716056309922],[1.5894613585444548,44.80727919444298],[1.58962348385926,44.80737130273498],[1.5897856097053753,44.80746341079285],[1.5899870260022417,44.80750199023785],[1.5901884425755786,44.807540569317595],[1.5903654724709495,44.807542819488816],[1.590620629556064,44.807456015742936],[1.590621983878595,44.80740200507256],[1.5904977916621783,44.80731038034955],[1.5903891796085734,44.807101893102676],[1.5902805683606294,44.80689340576407],[1.5902837291732486,44.80676738090158],[1.5902868899716949,44.806641356044324],[1.5903530488055917,44.806525136574244],[1.590419207365925,44.80640891706927],[1.5906415428208602,44.806285677644574],[1.59086387730092,44.806162437779335],[1.5910862108061112,44.80603919747353],[1.5910360834760853,44.80602055137527],[1.5909141503117783,44.80583890941538],[1.5908427962164833,44.80565790999173],[1.590784764169427,44.805450065884166],[1.5907267325514998,44.805242221760786],[1.590730569351958,44.80508919164091],[1.5907344061315265,44.804936161528765],[1.5907127284485267,44.80479181184452],[1.5906910508768557,44.804647462163054],[1.5906275266599714,44.80449057451161],[1.5905640027976606,44.804333686832074],[1.5905004792899158,44.80417679912445],[1.5903907445633754,44.80401332093769],[1.5902810104750627,44.803849842651374],[1.5902602374283332,44.80366948586609],[1.5903866786467529,44.80367109307614],[1.5905766428457957,44.80382958781576],[1.590766608116008,44.80398808223852],[1.5909565744573997,44.80414657634437],[1.5910310859936074,44.804201550827784],[1.591082114234967,44.80418418983866],[1.5911101102637757,44.804076489872145],[1.5910392090531948,44.80387748714498],[1.5910610319337422,44.80367966242872],[1.5910828546606988,44.803481837721336],[1.5911046772340682,44.803284013022875],[1.5910823223492578,44.80316666879051],[1.591059967557773,44.803049324558295],[1.5909710057889181,44.80289811708821],[1.5908820444986282,44.80274690955452],[1.5907930836868978,44.802595701957166],[1.590792811943171,44.802595483189634],[1.5906567093389279,44.80248591336477],[1.5905203355236188,44.802376124608756],[1.5904476327281072,44.80224913571655],[1.5902715225218687,44.80221087863283],[1.5901911438851266,44.80205377655667],[1.5901107656976243,44.8018966744306],[1.590030387959361,44.80173957225461],[1.5899847808018486,44.80154089051608],[1.5898623187881673,44.80138085189521],[1.5897398574717194,44.801220813147765],[1.5896173968524994,44.801060774273786],[1.5894949369305018,44.80090073527323],[1.589372477705721,44.80074069614612],[1.5891995358514075,44.80057641280619],[1.589026595007834,44.80041212920572],[1.588802855801191,44.800256203532555],[1.588579117835639,44.80010027741628],[1.5883524424136386,44.80006137362289],[1.5881257673053581,44.800022469366745],[1.5878990925108,44.799983564647825],[1.5879004492679163,44.79992955414681],[1.5880526207595138,44.79991348250661],[1.5883562853233342,44.799908343852834],[1.588659949831638,44.7999032043676],[1.5888631460453422,44.7998697717425],[1.5890164468347696,44.79980869002141],[1.5891697472910804,44.79974760808969],[1.589325984071883,44.7995695031704],[1.5893988356859252,44.79935431889278],[1.5894716867422856,44.799139134582994],[1.5895445372409729,44.79892395024101],[1.5895487532570938,44.79875591757208],[1.5895529692480133,44.79858788491255],[1.5895571852137318,44.798419852262406],[1.5895865363903305,44.79825814239958],[1.5896660071919109,44.79811507922804],[1.5896687172185024,44.79800705825212],[1.5895592228047248,44.79783457783629],[1.5894497290627727,44.79766209732242],[1.589538380707501,44.797489135664854],[1.5896270318067762,44.79731617394659],[1.5897156823606,44.79714321216759],[1.589718843891276,44.79701718773618],[1.5896353139285808,44.7968180237964],[1.5895517845576788,44.79661885980715],[1.5895319199247484,44.79640249635561],[1.5895526912572577,44.79624668056625],[1.5895734624746354,44.796090864781235],[1.5895942335768856,44.79593504900058],[1.5897757430998223,44.79575726528239],[1.5900802880990013,44.795716114951],[1.590384832652381,44.795674963783824],[1.590639935848644,44.795588160341495],[1.590743330825845,44.79549942834634],[1.5904334820011712,44.79549999230359],[1.5901236331702862,44.79550055539514],[1.5898137843331996,44.79550111762096],[1.589503935489921,44.79550167898105],[1.5895052905972258,44.79544766854247],[1.5897608457395624,44.795342863650305],[1.5899777959319723,44.79526458111995],[1.5901947455202503,44.79518629816724],[1.5902737589796423,44.79506123818907],[1.5902642769850706,44.79493505310424],[1.5902547950330599,44.79480886802404],[1.5901995607205295,44.794658088960944],[1.590144326704242,44.794507309878064],[1.590089092984199,44.794356530775396],[1.5900922535212108,44.79423050645261],[1.5901136244933958,44.79405068604211],[1.5901349953288817,44.79387086563849],[1.5901563660276734,44.79369104524175],[1.5902105452337172,44.793547660419925],[1.5903150657030793,44.79341392021079],[1.5904195856752148,44.79328017990922],[1.590658273578189,44.79317515874562],[1.5908969605895065,44.79307013707202],[1.5911356467091655,44.792965114888425],[1.591341522940278,44.79282365697962],[1.5911654416477863,44.792785401437555],[1.5909893605949001,44.792747145616374],[1.5907861913857773,44.792780582056224],[1.5905830219350174,44.79281401812422],[1.5903638994708085,44.792811232600094],[1.5901447770283137,44.792808446643],[1.5899256546075338,44.79280566025292],[1.5896987818525257,44.792775761039884],[1.5894719093388034,44.79274586136301],[1.5892317177595503,44.79274280557061],[1.5889915262064067,44.792739749257954],[1.5887513346793778,44.79273669242506],[1.5885111431784673,44.79273363507191],[1.5882334788237613,44.792712090871355],[1.5879560431696331,44.79269056370513],[1.5879558146818422,44.792690545975695],[1.587712012545168,44.79266342862005],[1.587468210643662,44.79263631072868],[1.5872244089773255,44.79260919230154],[1.5869915570053932,44.79256570442547],[1.586758705393655,44.7925222160611],[1.5865258541421132,44.792478727208426],[1.5862930032507723,44.792435237867466],[1.5861176057532282,44.792369969143984],[1.5859422086628896,44.79230470014451],[1.5857803592559114,44.79220358521937],[1.5856185104310487,44.79210247006148],[1.585533869930587,44.79194831197034],[1.5854492298942389,44.79179415382267],[1.5852503646699472,44.791656547427934],[1.5850515004190209,44.791518940683],[1.5848763337969423,44.791444668298205],[1.584726450317452,44.79137071835826],[1.5845530976035902,44.79122443172975],[1.584423092153909,44.79103067367133],[1.5843276676112328,44.79088845350907]]}},{"type":"Feature","id":"vercingetory","properties":{"routeId":"vercingetory","geometryKm":14.86,"pointCount":772},"geometry":{"type":"LineString","coordinates":[[1.5539869624944085,44.48600308979912],[1.5539869630433802,44.48600308800559],[1.553932065606256,44.48618244049833],[1.5538014224887278,44.486372804609864],[1.553670778491262,44.48656316858227],[1.5535401336138515,44.48675353241552],[1.5535243356266175,44.486879375861974],[1.5535085375690414,44.487005219312984],[1.5535288466497288,44.48719456164128],[1.5535491558664742,44.487383903981275],[1.5536510765886578,44.48757881839344],[1.553752998013744,44.487773732727796],[1.5538549201417404,44.487968646984285],[1.5539568429726538,44.48816356116294],[1.5541063427601756,44.488219542836106],[1.554208772378497,44.48814885660843],[1.554373655678489,44.48825906129172],[1.5545385396214182,44.48836926573375],[1.5547034242072908,44.48847946993455],[1.55485223514154,44.48856245241933],[1.5550010465127238,44.488645434706314],[1.5551756957456815,44.488701744394625],[1.5553487348745119,44.48882105805857],[1.5555217747338619,44.48894037145722],[1.5555967564187914,44.48895936065935],[1.5558114794133897,44.48908822307828],[1.556026203387035,44.48921708508638],[1.5562409283397334,44.489345946683635],[1.556376710271408,44.489446763778595],[1.5565124926874534,44.4895475807108],[1.556683928237799,44.48972989661598],[1.5568553648940815,44.489912212269004],[1.5570268026563099,44.49009452766988],[1.5571982415244932,44.490276842818574],[1.5573701409978837,44.49044115647933],[1.5574668272138235,44.490595482609166],[1.5575635139577415,44.49074980866448],[1.5576604309348445,44.49089513402505],[1.5577573484103209,44.49104045930953],[1.5577328597575761,44.491260727910394],[1.557708370913962,44.491480996526654],[1.5576838818794778,44.49170126515829],[1.55765939265412,44.49192153380528],[1.557574047057556,44.49211129469203],[1.5574887008879181,44.492301055528195],[1.5574033541452021,44.49249081631376],[1.557318006829399,44.49268057704874],[1.557232658940505,44.492870337733116],[1.5572166376807337,44.49300518266628],[1.5572006163445156,44.49314002760493],[1.5571224113759916,44.49324704824998],[1.557081470323533,44.49337256358104],[1.557040529089235,44.49349807890362],[1.5569620934947614,44.49361410008085],[1.556883657578267,44.49373012120809],[1.556767956905677,44.4938276474517],[1.5566522558337936,44.49392517357805],[1.556522830111291,44.4940675381832],[1.5564075879612884,44.49414706280212],[1.5562923454869841,44.494226587303345],[1.5560134000770929,44.494312972471086],[1.5557856732374575,44.494364012984846],[1.5556836943961891,44.49441669960582],[1.5555170006136367,44.49454056784283],[1.5553503061004172,44.494664435834494],[1.5552227162797436,44.49473479391656],[1.5550951261414032,44.49480515185319],[1.5549490813073843,44.49494129462061],[1.5548030357697693,44.495077437202625],[1.5546569895285514,44.49521357959923],[1.5545115565163719,44.495325720128335],[1.554366122927067,44.495437860471085],[1.5542206887606302,44.495550000627496],[1.5541187063205013,44.49560268582856],[1.5540148812495609,44.49572737598543],[1.5540372678841157,44.49583571324219],[1.5540394480299857,44.49583733189779],[1.5540866473161679,44.49587237511117],[1.554162098280852,44.49587336408096],[1.5544378308860938,44.49591299239316],[1.554661421530993,44.49602396602965],[1.5548850130539527,44.49613493921826],[1.5551086054549743,44.496245911958994],[1.5552395198489057,44.496373677754306],[1.5553704348347497,44.49650144340124],[1.5555013504125061,44.496629208899805],[1.555573351499434,44.49676520647597],[1.5556453529328815,44.496901204013035],[1.5558680297964744,44.49704817780962],[1.5560431658359302,44.497086485046516],[1.5562196818724399,44.49707078815928],[1.5563961978108969,44.49705509098974],[1.5566130990970262,44.4970999463065],[1.5568300007274514,44.497144801197685],[1.5570469027021725,44.497189655663284],[1.5573089193456733,44.49727411554299],[1.5575709367723127,44.497358574803464],[1.5577864618862274,44.49745743169045],[1.5580019877541327,44.49755628816057],[1.558217514376031,44.49765514421383],[1.5584024740917441,44.49780161985013],[1.5585874347662119,44.497948095185485],[1.5586729389183034,44.49804825253507],[1.5587584433734607,44.49814840982267],[1.5587924975459113,44.49829291312976],[1.5588265518925095,44.49843741643526],[1.5588896438397895,44.49859430394526],[1.5589527361373625,44.498751191429704],[1.559015828785235,44.498908078888554],[1.558985627497628,44.499105764736726],[1.5589554259987326,44.49930345059331],[1.5588881849763763,44.4994736416403],[1.5588209435490257,44.49964383265867],[1.5586901327291567,44.49984020409627],[1.5585180129485947,44.50001202589131],[1.5583458921214104,44.500183847430414],[1.5581737702475917,44.5003556687136],[1.5579885446471458,44.50046579346003],[1.557803318324811,44.50057591790068],[1.5576180912805846,44.50068604203552],[1.557432863514465,44.500796165864564],[1.5571701961519477,44.50090077478372],[1.5569075278169913,44.501005383082216],[1.5566448585095987,44.50110999076003],[1.5565030698803166,44.501243190578975],[1.5563612805826357,44.50137639022327],[1.5563063757467859,44.50155574507861],[1.5563022363799992,44.50171775693576],[1.5562980969894789,44.501879768803924],[1.556369416815615,44.50204276814588],[1.5565090384478237,44.50215864158446],[1.5566486606526087,44.50227451485207],[1.5567882834299749,44.50239038794871],[1.5568591455540766,44.50257138833613],[1.5568790116998512,44.50277873263737],[1.5568988779914097,44.5029860769533],[1.556894740218531,44.50314808893134],[1.5568906024219271,44.503310100920366],[1.5568864646015965,44.50347211292045],[1.5567807920041226,44.50366881143963],[1.5566783374714281,44.50373950052478],[1.556610624462027,44.503927691841774],[1.5565429110016193,44.50411588313226],[1.5564386157303383,44.50425857736133],[1.5563343199323316,44.504401271500456],[1.556230023607595,44.50454396554967],[1.5560164182854352,44.50469723380803],[1.555802811804547,44.504850501662865],[1.555589204164928,44.50500376911417],[1.5554243198978275,44.505055632406744],[1.555259435328066,44.505107495454084],[1.5550554376969017,44.50521286811294],[1.5549264424968563,44.505337230190065],[1.554896453671776,44.505525914789054],[1.5548664646464239,44.50571459939503],[1.5548998228086786,44.50588610638501],[1.5549331811734262,44.5060576133774],[1.5550045023353618,44.50622061389126],[1.555107497840379,44.506375025492865],[1.555210493908291,44.506529437008496],[1.5553134905391033,44.506683848438094],[1.5554164877328194,44.50683825978167],[1.5555145773441685,44.506938584639144],[1.555612667303827,44.50703890941371],[1.5558111489298472,44.507149551924336],[1.5560096313331466,44.507260194083166],[1.5562081145137268,44.50737083589013],[1.55640659847159,44.50748147734528],[1.556529616551468,44.50759113114468],[1.5566526351087997,44.507700784812016],[1.556808122099106,44.507852880270285],[1.5569636099264632,44.508004975519256],[1.5571190985908727,44.50815707055895],[1.557248206395189,44.508356840106636],[1.5573773151124135,44.508556609520205],[1.5575064247425527,44.5087563787996],[1.5575642594846648,44.50895521615758],[1.5576220946338157,44.50915405350201],[1.5576799301900102,44.50935289083286],[1.5577377661532523,44.509551728150164],[1.5577647312866951,44.509727652690536],[1.5577916965880512,44.509903577237445],[1.5578186620573222,44.510079501790855],[1.5578456276945083,44.5102554263508],[1.5578331064981958,44.51041732926026],[1.5578205852301248,44.51057923217938],[1.557808063890299,44.51074113510818],[1.5577749227640645,44.51095498999268],[1.557741781386957,44.51116884488659],[1.557708639758977,44.51138269978992],[1.5576754978801186,44.51159655470262],[1.5576423557503818,44.51181040962472],[1.5576092133697625,44.51202426455624],[1.557576070738256,44.51223811949713],[1.5575429278558626,44.512451974447416],[1.5575097847225763,44.512665829407084],[1.5574766413383978,44.51287968437613],[1.5574722746724992,44.51305069776043],[1.5574679079801668,44.513221711156916],[1.5574967024102042,44.51340816426781],[1.5575254970302908,44.51359461738587],[1.5575542918404242,44.51378107051111],[1.557601850776947,44.51388973675018],[1.5576494098964115,44.51399840297375],[1.557873078420741,44.5141093709541],[1.5581493620694042,44.514130988877575],[1.5583771664468695,44.514079943055414],[1.558553275611942,44.51408224374223],[1.5587293847913566,44.51408454414802],[1.5589292748585926,44.514141177110105],[1.5589535149656157,44.514177508519225],[1.5590019952731873,44.514250171323184],[1.558923764496499,44.51435719420631],[1.5587709760461304,44.514427228413275],[1.558526091987106,44.514490056903234],[1.5582812073834484,44.51455288485146],[1.5580363222351576,44.51461571225794],[1.5578709526266772,44.514685580842034],[1.5577055826091915,44.5147554491804],[1.5575818269876,44.514920400280275],[1.5574580706433823,44.51508535125286],[1.557334313576532,44.51525030209815],[1.5572105557870441,44.51541525281614],[1.5571302509958138,44.5156032809043],[1.5570499456700642,44.51579130894894],[1.5570213378416897,44.51592599067105],[1.5569927298769215,44.51606067239338],[1.5569892811608093,44.51619568312515],[1.5569858324282144,44.516330693864475],[1.5570310933247495,44.51652936763434],[1.557151833409258,44.51672902833611],[1.5573615527799618,44.51689383730709],[1.5575712733742322,44.517058645890984],[1.5577809951920767,44.5172234540878],[1.5579907182335035,44.51738826189752],[1.5582004424985207,44.51755306932015],[1.5584101679871352,44.51771787635567],[1.558482202952875,44.517853873250424],[1.558554238265422,44.51798987010594],[1.558600730893824,44.518140539496656],[1.5586472237702123,44.518291208877336],[1.5586937168945885,44.518441878248005],[1.5586895831368395,44.51860389135334],[1.5586225480070655,44.51876508290169],[1.5585555124947594,44.51892627442025],[1.5585275957127405,44.51903395452136],[1.5586026183495694,44.51905294192332],[1.5587238286836003,44.51923459965622],[1.5589484385117396,44.5193095627773],[1.559173048935955,44.51938452544363],[1.559321718286108,44.51947650372217],[1.5594703881203593,44.51956848180401],[1.5596818460484045,44.51966578105662],[1.5598933047048353,44.51976307990806],[1.5601047640896533,44.51986037835835],[1.5603162242028585,44.51995767640748],[1.5603174758285294,44.51995796294587],[1.5605664588548733,44.5200149630296],[1.5607551671649957,44.52001742430332],[1.5609438754915606,44.52001988525438],[1.5612462673528575,44.52000582062687],[1.5615486590635832,44.519991755170956],[1.561851050623729,44.51997768888662],[1.5621534420332865,44.51996362177385],[1.562455833292246,44.51994955383264],[1.5626310447951746,44.51998785098327],[1.562751974818308,44.51985136890962],[1.5628729042571365,44.51971488671126],[1.562993833111666,44.51957840438827],[1.5630673759075688,44.51940829129484],[1.563140918260575,44.519238178164585],[1.5632144601706874,44.519068064997505],[1.5632880016379105,44.518897951793605],[1.5633685195265055,44.51870091822563],[1.5631580852459823,44.51872819088375],[1.5629476507622864,44.518755463140934],[1.5627372160754232,44.5187827349972],[1.562498190666725,44.51877962162361],[1.562259165284374,44.518776507732355],[1.5621361117276855,44.518666859802515],[1.5620025405483797,44.518476041194795],[1.5618689702713746,44.518285222440724],[1.5619979797524581,44.518160851566485],[1.5620771264201698,44.51801782339942],[1.5622569133414648,44.51787610645275],[1.5624694826700636,44.51776482867942],[1.5626820511612831,44.51765355050187],[1.5628946188151225,44.51754227192013],[1.5630723416158445,44.517481560267825],[1.563250064034598,44.51742084833088],[1.5635272814479357,44.51740644988707],[1.5638044987199684,44.517392050747006],[1.5639678096422904,44.517403179803715],[1.564131120628952,44.517414308618804],[1.5643732662100023,44.51745947644152],[1.5646154121782334,44.51750464373381],[1.5648575585336442,44.517549810495694],[1.5650583815445167,44.51757042948931],[1.5652592047019747,44.517591048117694],[1.5655559105220842,44.5176021083393],[1.5658526164583624,44.517613167763265],[1.5661493225108012,44.517624226389614],[1.5664460286793906,44.517635284218315],[1.5667427349641234,44.5176463412494],[1.567043894975659,44.51768026470597],[1.5673450553488586,44.517714187341205],[1.5676462160837155,44.51774810915512],[1.5679384387914796,44.517737495871735],[1.5682306613894477,44.517726881814646],[1.5685228838776086,44.51771626698385],[1.568815106255957,44.51770565137934],[1.569107328524483,44.51769503500112],[1.5693983795409931,44.517631280824205],[1.5696894299006134,44.51756752588145],[1.5699804796033372,44.517503770172844],[1.5702715286491593,44.5174400136984],[1.5704507237385532,44.51732078530761],[1.570629918071609,44.51720155663189],[1.5708091116483291,44.517082327671176],[1.5709883044687167,44.51696309842551],[1.5712305097480939,44.51684018293844],[1.5714727139735756,44.5167172669262],[1.5716982199042768,44.51659113303874],[1.5719237248280604,44.51646499869718],[1.5721492287449252,44.51633886390158],[1.5723747316548768,44.51621272865189],[1.5726002335579194,44.51608659294814],[1.5728257344540533,44.515960456790324],[1.5729742660947197,44.51580931501246],[1.5731227969406887,44.515658173044315],[1.5732713269919651,44.515507030885914],[1.5734198562485542,44.51535588853724],[1.5735605040537342,44.5152676699162],[1.5737011514196872,44.51517945111918],[1.5739107824458602,44.51501709301027],[1.5741204122672117,44.51485473451427],[1.5743300408837517,44.514692375631206],[1.5745396682954864,44.51453001636108],[1.5747492945024222,44.51436765670389],[1.5749589195045686,44.514205296659654],[1.575163820521271,44.51406388382345],[1.5753982751631026,44.51394806247688],[1.575632728843692,44.513832240637896],[1.5758671815630394,44.513716418306466],[1.5761016333211495,44.5136005954826],[1.5763360841180225,44.51348477216632],[1.5766026273623392,44.51339367227033],[1.5768691697471127,44.513302571734066],[1.5771357112723414,44.5132114705575],[1.577402251938023,44.5131203687407],[1.5775545605039214,44.51306831027219],[1.5777333864629228,44.512962571396],[1.5779122117525906,44.51285683223477],[1.578042230741124,44.51269043941309],[1.578172248963855,44.51252404644996],[1.5783022664207913,44.51235765334532],[1.5784184208341443,44.51224210226089],[1.578534574772401,44.51212655105984],[1.578695320218599,44.511989064989926],[1.578856064882508,44.51185157869383],[1.5790168087641325,44.511714092171594],[1.579177551863476,44.51157660542318],[1.5793232795260304,44.51145243061551],[1.5794690065480503,44.511328255621926],[1.5796147329295422,44.51120408044241],[1.5797926440861862,44.511134341285285],[1.5800199643692545,44.51110125234025],[1.580247284386074,44.511068162927394],[1.5804746041366413,44.51103507304674],[1.5806278087632624,44.510947007405214],[1.5807275330553185,44.51098430480519],[1.5808811893249919,44.51087823732464],[1.5808084310477757,44.510769257688594],[1.580735673051225,44.51066027800957],[1.5806891275552617,44.51050961842539],[1.5806425823075156,44.510358958831176],[1.5805960373079857,44.51020829922693],[1.5807516136061053,44.510025725661826],[1.580907188898831,44.50984315189151],[1.5810627631861718,44.509660577915966],[1.581218336468136,44.509478003735204],[1.5813312656262646,44.50932339260678],[1.581444194166383,44.509168781372914],[1.5815571220884936,44.50901417003363],[1.581649462436616,44.508844287873494],[1.581741802229493,44.50867440564831],[1.5818579420374737,44.50855885112388],[1.581974081370434,44.50844329648285],[1.582050453170097,44.50840826343352],[1.5823040464666465,44.508330489422306],[1.5825576390650977,44.50825271483085],[1.5827359888591475,44.50816496953968],[1.5829116290662197,44.50818523282583],[1.5830735627728907,44.50825033800022],[1.5832354968527222,44.50831544293875],[1.5834857031722784,44.50837267731264],[1.5835872299790505,44.5083379661626],[1.583590840308733,44.50819395431582],[1.5836443111721756,44.50806858982553],[1.5837233889091458,44.50792554675058],[1.583739802381649,44.50777269563977],[1.5837562157653533,44.50761984453643],[1.5837247939422985,44.507575046352386],[1.5836004551912497,44.50739777545917],[1.583476117220352,44.50722050443921],[1.5833517800295989,44.507043233292464],[1.5832274436189842,44.50686596201894],[1.5831031079885007,44.50668869061863],[1.5829787731381424,44.5065114190916],[1.5828707669553244,44.506302948340924],[1.5827627615694368,44.50609447750297],[1.5827167412387386,44.50592281736287],[1.5826707211876436,44.50575115721608],[1.5825481079948482,44.50562353119551],[1.5824254953559111,44.50549590504561],[1.5822438878159664,44.50537952550701],[1.5820622810240712,44.50526314567527],[1.581880674980226,44.50514676555038],[1.5817233003703237,44.50500068452937],[1.581565926574088,44.50485460329297],[1.5814085535915117,44.50470852184118],[1.5812511814225918,44.50456244017401],[1.5810938100673215,44.50441635829143],[1.5810098388282945,44.50425321301116],[1.5809258680741276,44.504090067678284],[1.5808279643662206,44.50398076481843],[1.580730061037053,44.50387146187678],[1.5806339668730154,44.503690153117226],[1.5805459564681257,44.503520953121026],[1.580457946590273,44.50335175306682],[1.5803699372394509,44.5031825529546],[1.5802484656005331,44.50300992094893],[1.5801269947037764,44.50283728882222],[1.5799545389555536,44.50269101118318],[1.5798575444192042,44.50254570468263],[1.5797600979175894,44.50241839952619],[1.579713712636912,44.50226173958474],[1.5796673276134137,44.50210507963422],[1.579620942847091,44.50194841967467],[1.5794491699588205,44.50177513917852],[1.5792773981239596,44.501601858427755],[1.5791538962979494,44.50151023168356],[1.5790303948724251,44.501418604804705],[1.578831887923173,44.50130800433439],[1.5786333817509248,44.50119740351212],[1.5784348763556777,44.50108680233794],[1.578247429286287,44.500936727388876],[1.5780599832124689,44.50078665213098],[1.577872538134222,44.500636576564226],[1.5776850940515366,44.5004865006886],[1.57749765096441,44.500336424504134],[1.5773756654772615,44.5001847911714],[1.5772536806447246,44.500033157713624],[1.5771316964667952,44.499881524130764],[1.5770266321616673,44.49972410625195],[1.5769215684418485,44.49956668828367],[1.5768165053073382,44.49940927022594],[1.5767204312862781,44.499227958402905],[1.576658044842652,44.499041078748085],[1.5765956588116217,44.498854199072895],[1.5765332731931823,44.49866731937732],[1.5764282128122136,44.49850990101023],[1.5763231530165231,44.49835248255369],[1.5762180938061081,44.498195064007675],[1.5760936971900152,44.49813943671703],[1.5759059685827321,44.49810099894882],[1.5757182402308112,44.498062560861804],[1.575468238689477,44.49799930867058],[1.5752182377077517,44.497936055914565],[1.5749682372856406,44.497872802593726],[1.5747542967545174,44.4977764011025],[1.5745403569532546,44.49767999920039],[1.5743264178818561,44.497583596887374],[1.5741124795403174,44.49748719416348],[1.5738985419286409,44.49739079102868],[1.5736755276923684,44.49725530901521],[1.5734525145253329,44.49711982655877],[1.573229502427531,44.49698434365936],[1.5730064913989574,44.49684886031701],[1.5727834814396089,44.4967133765317],[1.5725604725494815,44.496577892303456],[1.5723374647285704,44.496442407632266],[1.572114457976872,44.49630692251813],[1.5718914522943814,44.49617143696104],[1.5716684476810954,44.49603595096105],[1.5714454441370096,44.495900464518115],[1.571476055178622,44.49568477419767],[1.57144288026549,44.495504272302036],[1.571409705564261,44.49532377041037],[1.571450843735646,44.495189248993626],[1.5714919817112007,44.495054727569276],[1.5714336571395022,44.494873900019556],[1.5713753329410167,44.49469307245298],[1.571441848097592,44.49454987613388],[1.5715083629171196,44.494406679783474],[1.5714379191665075,44.49420768811539],[1.5713674759119316,44.49400869641929],[1.5712711251520994,44.49383938114997],[1.5711747749695442,44.49367006580879],[1.5710784253642618,44.49350075039573],[1.5709904106464405,44.493286096111525],[1.5709023965971516,44.49307144177685],[1.5708143832163912,44.49285678739169],[1.5707263705041492,44.49264213295607],[1.5706383584604207,44.49242747846996],[1.570550347085195,44.49221282393341],[1.5704623363784687,44.491998169346395],[1.5703406913481286,44.491834527909596],[1.570219047022167,44.49167088635016],[1.5701477003444353,44.491507896685754],[1.570144479166019,44.49130377332825],[1.5701412580108665,44.491099649988556],[1.5701380368789812,44.490895526666634],[1.5701348157703616,44.49069140336249],[1.5701315946850058,44.49048728007617],[1.5701283736229166,44.490283156807614],[1.5701251525840918,44.49007903355687],[1.5701219315685302,44.48987491032392],[1.570118710576234,44.489670787108764],[1.570159619996488,44.48954526714036],[1.5702005292350498,44.48941974716356],[1.5703228934636033,44.48922325430296],[1.57044525684141,44.48902676132325],[1.57056761936848,44.48883026822438],[1.5706665880106396,44.48864697723917],[1.5707655560109492,44.4884636861796],[1.5708645233694165,44.488280395045685],[1.5709634900860454,44.48809710383741],[1.5709671312848643,44.487953093650304],[1.5709707724651298,44.48780908347199],[1.5709259407307956,44.487592416582196],[1.5708811093401496,44.48737574969438],[1.5708362782931877,44.487159082808546],[1.570824672725866,44.48695485123686],[1.5708130672424088,44.4867506196819],[1.5708014618428119,44.48654638814364],[1.5707898565270768,44.48634215662214],[1.5707782512952033,44.48613792511738],[1.5707666461471876,44.48593369362935],[1.5707550410830307,44.48572946215805],[1.5707434361027328,44.48552523070352],[1.57073183120629,44.48532099926571],[1.5708477179564235,44.48521445810926],[1.5709636042697188,44.48510791683594],[1.571141443965554,44.48503819240393],[1.5713467038114342,44.48487878716489],[1.5714374430130489,44.48477191967745],[1.5715281818715747,44.4846650521203],[1.5715658035038869,44.484503475122374],[1.5716034249211304,44.484341898122864],[1.5716410461233041,44.48418032112177],[1.571828325097182,44.48406870125709],[1.572015603331471,44.483957081079794],[1.5722028808261694,44.48384546058985],[1.5724447142470563,44.48373154479624],[1.5726865466932698,44.48361762847798],[1.5729529549917047,44.4835265385586],[1.5732193624315691,44.483435447999305],[1.5734857690128607,44.48334435680015],[1.5737521747355776,44.48325326496109],[1.574025737018532,44.48317757107886],[1.574299298568876,44.48310187652062],[1.5745728593866075,44.48302618128634],[1.5748464194717204,44.48295048537605],[1.5751199788242118,44.482874788789765],[1.5754095961291743,44.48286052314505],[1.5756992132879595,44.482846256739954],[1.5758868910956871,44.4828846946083],[1.5760745691586395,44.48292313215794],[1.5762615673429887,44.48298857127295],[1.5764485659602776,44.48305401007274],[1.5766575011371748,44.483080716264055],[1.5768664365114868,44.48310742205987],[1.5770753720832065,44.483134127460225],[1.5772774365879036,44.48310072013503],[1.5774795008537708,44.483067312440134],[1.577695043187016,44.48299806399253],[1.5779105849921846,44.48292881512579],[1.577936635470383,44.482893136830235],[1.5780129752539627,44.48285810695822],[1.578105057110938,44.48269723029528],[1.57819713844381,44.482536353566644],[1.5783267095572835,44.48238496361448],[1.5784562799767674,44.48223357351998],[1.578635459368633,44.48210983331642],[1.5789143099829503,44.48202339140512],[1.5791931597444764,44.481936948792054],[1.5793586334091811,44.4818580486069],[1.579524106611982,44.481779148176194],[1.5796523154398812,44.481681760493814],[1.5797805238260418,44.4815843726665],[1.5798339779702288,44.481459011450546],[1.5798874318773413,44.48133365021546],[1.579917550578139,44.48113596016116],[1.5798946679190562,44.48104563010235],[1.5797478753533072,44.48088167602922],[1.5795992742720522,44.48078972678224],[1.579381415351416,44.48070138695774],[1.5791635571116571,44.48061304670625],[1.5789456995527744,44.48052470602783],[1.5787278426747684,44.48043636492243],[1.578452319443107,44.48039079716968],[1.578176796655619,44.480345228729554],[1.5779012743123104,44.48029965960203],[1.5776269603226862,44.48020608647962],[1.577400668945671,44.48020316757937],[1.5773642260046388,44.48020269746361],[1.577400668945671,44.48020316757937],[1.5776269603226862,44.48020608647962],[1.5779012743123104,44.48029965960203],[1.578176796655619,44.480345228729554],[1.578452319443107,44.48039079716968],[1.5787278426747684,44.48043636492243],[1.5789456995527744,44.48052470602783],[1.5791635571116571,44.48061304670625],[1.579381415351416,44.48070138695774],[1.5795992742720522,44.48078972678224],[1.5797478753533072,44.48088167602922],[1.5798946679190562,44.48104563010235],[1.579917550578139,44.48113596016116],[1.5798874318773413,44.48133365021546],[1.5798339779702288,44.481459011450546],[1.5797805238260418,44.4815843726665],[1.5796523154398812,44.481681760493814],[1.579524106611982,44.481779148176194],[1.5793586334091811,44.4818580486069],[1.5791931597444764,44.481936948792054],[1.5789143099829503,44.48202339140512],[1.578635459368633,44.48210983331642],[1.5784562799767674,44.48223357351998],[1.5783267095572835,44.48238496361448],[1.57819713844381,44.482536353566644],[1.578105057110938,44.48269723029528],[1.5780129752539627,44.48285810695822],[1.577936635470383,44.482893136830235],[1.5779105849921846,44.48292881512579],[1.577695043187016,44.48299806399253],[1.5774795008537708,44.483067312440134],[1.5772774365879036,44.48310072013503],[1.5770753720832065,44.483134127460225],[1.5768664365114868,44.48310742205987],[1.5766575011371748,44.483080716264055],[1.5764485659602776,44.48305401007274],[1.5762615673429887,44.48298857127295],[1.5760745691586395,44.48292313215794],[1.5758868910956871,44.4828846946083],[1.5756992132879595,44.482846256739954],[1.5754095961291743,44.48286052314505],[1.5751199788242118,44.482874788789765],[1.5748464194717204,44.48295048537605],[1.5745728593866075,44.48302618128634],[1.574299298568876,44.48310187652062],[1.574025737018532,44.48317757107886],[1.5737521747355776,44.48325326496109],[1.5734857690128607,44.48334435680015],[1.5732193624315691,44.483435447999305],[1.5729529549917047,44.4835265385586],[1.5726865466932698,44.48361762847798],[1.5724447142470563,44.48373154479624],[1.5722028808261694,44.48384546058985],[1.572015603331471,44.483957081079794],[1.571828325097182,44.48406870125709],[1.5716410461233041,44.48418032112177],[1.5713766074652815,44.48426435924594],[1.5711121680210054,44.48434839673916],[1.5708477277904764,44.48443243360144],[1.5705832867736997,44.48451646983279],[1.5703188449706744,44.484600505433185],[1.5700544023814045,44.48468454040262],[1.5697899590058921,44.48476857474112],[1.569572122399529,44.4849278140096],[1.5693542845658688,44.48508705285882],[1.5691364455049057,44.485246291288725],[1.5689186052166317,44.48540552929935],[1.5687007637010404,44.48556476689068],[1.5684829209581244,44.48572400406269],[1.5683793736965377,44.485839706584215],[1.5682758260110574,44.485955409014316],[1.5681222138379802,44.4860614578129],[1.5679686010885234,44.4861675064024],[1.5677088009719446,44.48624516509147],[1.5674490001415173,44.48632282317121],[1.567189198597245,44.48640048064163],[1.566929396339129,44.486478137502736],[1.566688567178965,44.48655153853831],[1.566447737393354,44.48662493905037],[1.566206906982299,44.48669833903898],[1.5659660759458014,44.486771738504075],[1.5657467705969492,44.486822908399304],[1.5655274648510489,44.48687407785966],[1.5653081587081006,44.486925246885114],[1.5651554523159852,44.486995289111945],[1.5650525814528717,44.48708398671036],[1.564949710266917,44.487172684216226],[1.5646950451685147,44.48729542074396],[1.5644403789641794,44.48741815669022],[1.5643489364068446,44.48755202040622],[1.5642574934163989,44.4876858840541],[1.5641950068356645,44.48783513059382],[1.5641325199249532,44.48798437710772],[1.5640700326842651,44.48813362359582],[1.5640060205527988,44.4883428742142],[1.5639420079473898,44.488552124814255],[1.5638779948680368,44.48876137539599],[1.5637982838035511,44.4889284047416],[1.563718572267969,44.489095434041566],[1.5636388602612852,44.489262463295965],[1.563561130366712,44.48935148707368],[1.5634484975435803,44.489494077859156],[1.5633358641521709,44.48963666853837],[1.563223230192483,44.489779259111316],[1.563119893567241,44.489885956269106],[1.5630165565518659,44.48999265333499],[1.5628249729557007,44.490107204119155],[1.562633388582997,44.4902217545762],[1.56238374163458,44.49014647211151],[1.562125178443641,44.49009208126887],[1.561866615750324,44.49003768982143],[1.5616080535546362,44.48998329776921],[1.5613494918565805,44.489928905112194],[1.561090930656159,44.4898745118504],[1.5608323699533793,44.48982011798383],[1.5605701533615253,44.489744667363816],[1.5603079374697204,44.48966921612294],[1.5601078268169326,44.489624587075596],[1.5599077164801485,44.48957995766611],[1.55970760645937,44.48953532789445],[1.5596307875429474,44.48958834643497],[1.5593688030577941,44.48950389234781],[1.5591068193555282,44.48941943764149],[1.5590039345891897,44.489508129691124],[1.5588768199680842,44.4895604906079],[1.558801377347862,44.48955950486524],[1.5586205582989214,44.48941608539224],[1.558439740167578,44.48927266563169],[1.558258922953831,44.48912924558358],[1.5580781066576723,44.48898582524792],[1.5578972912790967,44.4888424046247],[1.557716476818101,44.488698983713924],[1.5575427439216345,44.48860667560374],[1.557342486049711,44.48856804196756],[1.5570805097126765,44.488483582482786],[1.5568185341585412,44.48839912237888],[1.5566434120962467,44.48836533659752],[1.5565181492988056,44.48834116982157],[1.5563421204157444,44.48833886591238],[1.556166091547034,44.48833656172229],[1.5560133700147525,44.48840659133484],[1.5557385929256349,44.48833096466259],[1.5554638165717936,44.48825533730833],[1.5552155683587496,44.4881260350549],[1.555117742022484,44.48801671013417],[1.5550711300517515,44.4878720416102],[1.5550245183196136,44.48772737307555],[1.5549243917676612,44.48770805402429],[1.554900165601384,44.4876717221401],[1.554853861323159,44.4875150527439],[1.5548075573016138,44.487358383338815],[1.5547612535367457,44.48720171392487],[1.5547032207514508,44.48701187754427],[1.5546451883559496,44.48682204114868],[1.5545162342220764,44.48694640176812],[1.5544677830982143,44.48687373783953],[1.5544174904597026,44.486873078673995],[1.554434207264837,44.486711232710476],[1.5544509239742446,44.48654938675571],[1.5545172422330176,44.48641520174103],[1.554583560176932,44.48628101669426],[1.5546114682964123,44.486173339092375],[1.554386535472583,44.48611636939257],[1.5541858281027128,44.48609573125665],[1.5541858301097862,44.48609573146303]]}},{"type":"Feature","id":"pierre-levee","properties":{"routeId":"pierre-levee","geometryKm":4.05,"pointCount":221},"geometry":{"type":"LineString","coordinates":[[1.7244456019241898,44.516790814195154],[1.7243385532973294,44.51678957677287],[1.7240869476330851,44.51678666794298],[1.7238992600307501,44.5167394807168],[1.723711572741936,44.51669229317235],[1.7235610163782422,44.51667254499661],[1.7236093036863154,44.51676313749596],[1.7234546792405512,44.51692341007859],[1.7233783837364005,44.51695854106604],[1.7232491222400366,44.51711010339836],[1.7231198600501347,44.51726166558897],[1.7228422775937686,44.51729446696955],[1.7226142022818371,44.51736385433978],[1.7224859555759051,44.51747041057475],[1.7223459422365397,44.51754081682925],[1.7222059285482003,44.51761122290822],[1.7219782584460765,44.51766260688186],[1.721773712218393,44.51780429228188],[1.721695377672435,44.51792943257691],[1.7216170427794473,44.51805457282293],[1.7218950369809123,44.51800377242052],[1.7221730306824328,44.51795297131894],[1.7223990732271104,44.51797359531452],[1.7225486149252887,44.518038350324915],[1.7226981569662758,44.518103105134436],[1.7228691990541998,44.51824761424523],[1.7228710290729374,44.51824916037617],[1.7229937829975166,44.518385631995315],[1.7231165375151536,44.518522103485786],[1.7231887663917895,44.518666993677144],[1.7232661671179914,44.5188614623919],[1.7233435683770604,44.51905593106828],[1.7234209701690015,44.519250399706294],[1.7234983724938193,44.51944486830595],[1.7235527442366032,44.519637569912675],[1.7236071163503146,44.51983027150826],[1.7236614888349555,44.520022973092665],[1.7236652663430474,44.520227094071934],[1.7236690438784386,44.52043121506858],[1.723672821441126,44.52063533608262],[1.723695136508216,44.5207616419265],[1.7237174516750893,44.52088794777256],[1.7236622458167326,44.521103391234135],[1.7236070395373007,44.5213188346876],[1.7237036223988764,44.52150001998267],[1.723876507500038,44.52164607385814],[1.7239483356481284,44.5218089658718],[1.7239582737009376,44.52192612518699],[1.723968211794968,44.52204328450704],[1.723927213992791,44.52218686514428],[1.7238862159822113,44.52233044577495],[1.7239190803105837,44.5225469078139],[1.7239519448908156,44.52276336986273],[1.7238979581836271,44.52292480719789],[1.7238695412440532,44.52306853334391],[1.723764413661344,44.523265392978416],[1.7237623799522859,44.52335540367852],[1.7237754149080144,44.52357420895391],[1.7237884499647222,44.523793014247865],[1.7238014851224077,44.52401181956036],[1.7238145203810755,44.52423062489137],[1.7238275557407226,44.52444943024095],[1.7238405912013541,44.52466823560906],[1.7238536267629685,44.524887040995694],[1.7238004512302223,44.5250124741203],[1.7237472754613232,44.52513790722588],[1.7235670573106414,44.525315891692095],[1.7235631925201225,44.52548691216533],[1.7235593277062016,44.525657932650674],[1.7233807348320345,44.5257639082192],[1.7233535358215986,44.52585362792943],[1.723338668614984,44.52606593696683],[1.7233238012966134,44.526278246021114],[1.723308933866483,44.52649055509228],[1.7232940663245946,44.5267028641803],[1.7232791986709433,44.5269151732852],[1.7232998876731433,44.52711348820836],[1.723320576820615,44.527311803144116],[1.72334126611336,44.527510118092415],[1.7233798175575705,44.5276606213133],[1.7234183692072158,44.52781112453019],[1.7234569210622994,44.52796162774309],[1.7234648248218205,44.52816879828084],[1.7234727286393186,44.52837596883598],[1.7234648248218205,44.52816879828084],[1.7234569210622994,44.52796162774309],[1.7234183692072158,44.52781112453019],[1.7233798175575705,44.5276606213133],[1.72334126611336,44.527510118092415],[1.723320576820615,44.527311803144116],[1.7232998876731433,44.52711348820836],[1.7232791986709433,44.5269151732852],[1.7232940663245946,44.5267028641803],[1.723308933866483,44.52649055509228],[1.7233238012966134,44.526278246021114],[1.723338668614984,44.52606593696683],[1.7233535358215986,44.52585362792943],[1.7233807348320345,44.5257639082192],[1.7235593277062016,44.525657932650674],[1.7235631925201225,44.52548691216533],[1.7235670573106414,44.525315891692095],[1.7234944121211746,44.52518900349676],[1.723421767258068,44.52506211526038],[1.7232348665606403,44.52497892243715],[1.7230479664137224,44.52489572930036],[1.7229247911918895,44.52477725951611],[1.722801616486707,44.524658789600274],[1.7226514463142948,44.52462103797111],[1.7224239519546742,44.52466342194251],[1.7221964572536752,44.524705805445784],[1.7219685548871488,44.52476619062526],[1.7217406520333804,44.524826575335695],[1.7215127486923725,44.524886959577096],[1.7212848448641274,44.52494734334945],[1.721184188124119,44.524946177097554],[1.7211346749383154,44.52490958965211],[1.7209876304352143,44.524733819336376],[1.7208405868471945,44.52455804883772],[1.7206935441742477,44.5243822781561],[1.7206127905171864,44.52424328946108],[1.7205320372575013,44.5241043007151],[1.7204512843951927,44.52396531191812],[1.7204520999987343,44.5239293076529],[1.7205543859873995,44.52385846604156],[1.7204833805997566,44.523659567417766],[1.7203969513483541,44.52347489541676],[1.7203105226620399,44.523290223362416],[1.720224094540812,44.523105551254666],[1.7201376669846609,44.52292087909359],[1.7200512399935852,44.522736206879124],[1.7199292996410405,44.5225637274968],[1.7198073600331139,44.522391247992246],[1.7197578499783701,44.52235465996842],[1.7196320348680232,44.52235320040014],[1.7193962511889274,44.52220640989656],[1.7191604687351771,44.522059618898304],[1.7190098996581744,44.52203986446928],[1.7187852711965874,44.52195622610611],[1.7185606434001461,44.52187258728872],[1.7184620342991492,44.52178140800791],[1.7183906304475118,44.521600510318805],[1.7182439435014998,44.521409734837256],[1.7180972575462152,44.52121895917603],[1.7179247972803577,44.52105489417308],[1.7178493099786376,44.521054017196086],[1.7177511120953715,44.52094483521113],[1.7175246506465256,44.520942203769025],[1.717298189218779,44.52093957186225],[1.7170717278121355,44.520936939490824],[1.7169698516361542,44.520989775690346],[1.7169406002431944,44.52116950413224],[1.716688770963309,44.52117557947974],[1.7164369416292617,44.52118165425265],[1.7162344143961163,44.52123331910772],[1.7159700035026515,44.521239246463445],[1.7157055925537044,44.52124517318574],[1.7155071580068582,44.52111681576428],[1.7154487550157393,44.52091806056446],[1.715390352435572,44.52071930535035],[1.715430756803336,44.520602731106464],[1.7154711610043496,44.520486156853515],[1.7155227133837871,44.520432736330804],[1.7155008260714952,44.52028842676604],[1.715428205464526,44.520161533530434],[1.7154314804579227,44.52001751685161],[1.7154347554346216,44.51987350018144],[1.7155009349731338,44.519730215711526],[1.7155671141759465,44.51958693121059],[1.7156685798399902,44.51955209841864],[1.7157473671017223,44.5196249575228],[1.7157671805411756,44.51964328010969],[1.7159416762768671,44.51971733796528],[1.7160780205116275,44.519808958532046],[1.7162143651886295,44.51990057893392],[1.7164137515440534,44.51998693014651],[1.7166131385090058,44.52007328100204],[1.7168125260834877,44.520159631500505],[1.7171004584950222,44.52022600300367],[1.7173883915831112,44.520292373757535],[1.7176128070204604,44.520385015952726],[1.7178372231938386,44.5204776576952],[1.7181399863602527,44.52044516113016],[1.7183680796071719,44.52037578291645],[1.718653794942378,44.52035509152986],[1.718939510068288,44.52033439940382],[1.7192252249848923,44.52031370653834],[1.7194285623883045,44.52022603201352],[1.7196318991605803,44.520138357117354],[1.719734995318234,44.52003151217792],[1.7198380910859212,44.519924667147],[1.7200548228864907,44.51980113322405],[1.7202715537392135,44.51967759888193],[1.72042497141864,44.51957133687094],[1.720554042254747,44.51942877873878],[1.7206831124394566,44.51928622046424],[1.720812181972774,44.5191436620473],[1.7209463275955397,44.51896214754951],[1.7210804723562998,44.51878063290252],[1.7212146162550641,44.518599118106394],[1.7213487592918386,44.51841760316108],[1.7214829014666295,44.51823608806659],[1.7216170427794473,44.51805457282293],[1.721695377672435,44.51792943257691],[1.721773712218393,44.51780429228188],[1.7219782584460765,44.51766260688186],[1.7222059285482003,44.51761122290822],[1.7223459422365397,44.51754081682925],[1.7224859555759051,44.51747041057475],[1.7226142022818371,44.51736385433978],[1.7228422775937686,44.51729446696955],[1.7231198600501347,44.51726166558897],[1.7232491222400366,44.51711010339836],[1.7233783837364005,44.51695854106604],[1.7234546792405512,44.51692341007859],[1.7236093036863154,44.51676313749596],[1.7235610163782422,44.51667254499661],[1.723711572741936,44.51669229317235],[1.7238992600307501,44.5167394807168],[1.7240869476330851,44.51678666794298],[1.7243385532973294,44.51678957677287],[1.7244187055232478,44.516790503297564]]}},{"type":"Feature","id":"monteils","properties":{"routeId":"monteils","geometryKm":12.61,"pointCount":661},"geometry":{"type":"LineString","coordinates":[[1.7710800704228107,44.55358653894901],[1.7711796960574062,44.553568725416746],[1.7711580454956075,44.553406422401245],[1.7711112180088016,44.55324383920005],[1.7710759996028946,44.55312640242674],[1.7710407813434927,44.553008965647905],[1.771067917652528,44.55291923319208],[1.7712581157833656,44.552858325702644],[1.7714483135038523,44.55279741788715],[1.7716642751611944,44.552709786017864],[1.7718802361481654,44.55262215372939],[1.7718827816159344,44.55250513726653],[1.7718853270731523,44.552388120809255],[1.7716961573362668,44.5522089489522],[1.7715069887999682,44.55202977678432],[1.7713178214642449,44.551850604305564],[1.7711286553290884,44.55167143151598],[1.770939490394491,44.55149225841555],[1.7707503266604412,44.5513130850043],[1.770626013738558,44.55123967347155],[1.7706771500161096,44.55120422903405],[1.770805774315841,44.551079612802816],[1.770934398047817,44.55095499642816],[1.771063021212041,44.55083037991005],[1.7712164279170783,44.55072404593889],[1.7713657205498219,44.550806738190005],[1.7715150136198514,44.550889430242094],[1.7717383339397128,44.55104197193842],[1.7719616554662239,44.55119451319267],[1.772184978199391,44.55134705400489],[1.7723456876574817,44.55148389250369],[1.772506397894537,44.55162073077627],[1.7726664044723188,44.551789973376124],[1.7728264120093202,44.55195921575591],[1.7729864205055486,44.55212845791562],[1.7731464299610113,44.55229769985527],[1.7733064403757155,44.552466941574835],[1.7734664517496685,44.55263618307431],[1.7736264640828778,44.55280542435372],[1.773786477375351,44.552974665413046],[1.7739464916270944,44.55314390625228],[1.7741065068381165,44.55331314687143],[1.7742036973436934,44.55347628779874],[1.7743008884109264,44.55363942865142],[1.7743485070755445,44.55376600542533],[1.774396125953672,44.55389258218529],[1.7744055881124736,44.55403674232418],[1.7744150503195948,44.554180902470776],[1.7743703109060993,44.55438568447509],[1.7743255711680588,44.5545904664785],[1.774280831105473,44.55479524848099],[1.7742360907183354,44.55500003048258],[1.7741913500066453,44.555204812483254],[1.7741318930649357,44.55539142421824],[1.7740724357301834,44.55557803593552],[1.774012978002386,44.55576464763509],[1.773953519881537,44.55595125931692],[1.7738940613676344,44.556137870981004],[1.7738272053361297,44.55631719772777],[1.7737603488799172,44.55649652444725],[1.773755786745875,44.55670655442166],[1.7737512245778893,44.55691658441396],[1.7737466623759597,44.55712661442413],[1.7738600577996155,44.557316946166004],[1.7739734539878433,44.55750727780626],[1.7740868509406533,44.557697609344935],[1.774200248658051,44.55788794078199],[1.7743136471400425,44.55807827211747],[1.774427046386638,44.55826860335134],[1.7745382038532878,44.55836887498775],[1.7746493617147916,44.55846914651639],[1.7748488433741347,44.55856139438144],[1.7751502154441272,44.55860075126905],[1.775403181627964,44.55854953596223],[1.775229073791413,44.558448567064666],[1.7750549665776287,44.5583475978968],[1.7749583512285227,44.55815745351519],[1.7748617365302137,44.55796730906387],[1.7747963033064305,44.55779101567784],[1.7747308704912939,44.55761472226579],[1.7746654380847997,44.55743842882768],[1.7746000060869445,44.55726213536354],[1.7746255757136873,44.557244412183756],[1.7748402761351953,44.55740885659186],[1.775054977807434,44.55757330059366],[1.775269680730415,44.55773774418915],[1.775494730430096,44.557812267521],[1.7755958373280483,44.55779538167556],[1.7755997419387213,44.55761535583669],[1.775603646524493,44.55743533001099],[1.7756303872606563,44.557363598852525],[1.7757582338462863,44.557274981699194],[1.7756610323092816,44.557111841885806],[1.7756625940544746,44.55703983156793],[1.7757656515330096,44.55693293267861],[1.7757679939417228,44.55682491720827],[1.7757184174364582,44.556788353773705],[1.7757471097534454,44.55662660972255],[1.7755236263537966,44.55648007664178],[1.7754272078749767,44.55628093152925],[1.7756797729886606,44.55624771821005],[1.7759586872103283,44.55616077568526],[1.7760241701902817,44.5560444566649],[1.7760896529004118,44.555928137611254],[1.7762182760153025,44.55580351483405],[1.7763468985623667,44.55567889191342],[1.776297322688523,44.555642328755916],[1.7760439800367969,44.55571154862043],[1.776019192175597,44.55569326697616],[1.7760966781149887,44.55560409132734],[1.7760722805790152,44.55556780712583],[1.7757953213811206,44.555564737070796],[1.775898180740915,44.55546683940646],[1.7760010397440016,44.55536894165025],[1.776105654660705,44.5551900322488],[1.7761606937153898,44.55497455955256],[1.7763152727175082,44.55481421062286],[1.7763416211047318,44.55476048193392],[1.7764179347189695,44.55472531378676],[1.7766759888995485,44.55463213616014],[1.7769340422283717,44.55453895793407],[1.7771920947054414,44.554445779108576],[1.7774501463307546,44.55435259968363],[1.777708197104309,44.55425941965929],[1.7779662470261057,44.554166239035496],[1.7782500270995392,44.55408654755064],[1.7785338063718819,44.55400685533915],[1.7788175848431278,44.55392716240107],[1.779101362513276,44.55384746873634],[1.7793851393823215,44.553767774345026],[1.7795711774895686,44.55360776881902],[1.7797572145423821,44.55344776299014],[1.779943250540769,44.553287756858374],[1.7801292854847361,44.55312775042373],[1.7803213543357614,44.55297981492059],[1.7805134221803016,44.5528318790924],[1.7807054890183631,44.55268394293914],[1.7808975548499515,44.55253600646081],[1.7810896196750718,44.552388069657454],[1.78128168349373,44.55224013252904],[1.7815733441562027,44.5522613580723],[1.7818650050379585,44.55228258284544],[1.7821566661389865,44.55230380684844],[1.7824483274592822,44.55232503008131],[1.782739988998835,44.552346252544034],[1.7829669674421855,44.55233074763563],[1.7832433938504997,44.55235780312932],[1.783519820523727,44.552384857931365],[1.783796247461861,44.55241191204176],[1.7840726746648952,44.552438965460524],[1.7843491021328235,44.55246601818761],[1.7846255298656393,44.55249307022307],[1.7849271992332498,44.55251739818516],[1.785228868860819,44.55254172532342],[1.7855305387483391,44.55256605163782],[1.7858322088958012,44.552590377128375],[1.7861338793031964,44.55261470179508],[1.7864355499705171,44.55263902563793],[1.7867372208977546,44.552663348656914],[1.7870388920848999,44.55268767085206],[1.7873405635319446,44.55271199222333],[1.7876422352388808,44.55273631277073],[1.7879439072056993,44.5527606324943],[1.7882455794323924,44.55278495139399],[1.7884969624221922,44.552805716586434],[1.7887483455968947,44.5528264812068],[1.788999728956495,44.55284724525509],[1.7892511125009878,44.552868008731316],[1.7894523352727767,44.55287921832131],[1.7896535581244637,44.55289042754471],[1.7897806007598722,44.552837799517256],[1.789607063768283,44.55270984962898],[1.7895338489607253,44.552601006095045],[1.789460634435445,44.55249216251745],[1.7894133689867213,44.552347589735554],[1.7894664244815504,44.55222212362062],[1.7895828072758324,44.5520793448725],[1.7896991894815104,44.55193656601012],[1.7896771003804657,44.55179226932839],[1.7896550113923229,44.55164797265081],[1.7895633550140584,44.55145969702395],[1.7894716992470485,44.551271421335606],[1.7893800440912868,44.55108314558577],[1.7892883895467697,44.550894869774446],[1.78919673561349,44.55070659390164],[1.789174648277673,44.55056229719244],[1.7892412557209765,44.55039196287099],[1.7893078627624126,44.550221628521285],[1.789385320204793,44.55013244375045],[1.7895611645181517,44.55015237838636],[1.7898449463682309,44.5502275162],[1.7901287289735763,44.55030265328669],[1.7904125123341814,44.5503777896464],[1.7906394807565806,44.55036226898043],[1.790668255600408,44.550194520622135],[1.7906970302732625,44.55002677226794],[1.7907258047751453,44.54985902391785],[1.7906671073090816,44.54966030623397],[1.7906084102561681,44.54946158853518],[1.7906126520421408,44.54926356021082],[1.7908128983596603,44.54931977374117],[1.7910390914594234,44.54934025741129],[1.7913075006819577,44.54934919822506],[1.7915759099894886,44.549358138386424],[1.7918443193820133,44.54936707789539],[1.7919206160499308,44.54933189911408],[1.7919740483211288,44.54918842937187],[1.7917592650546923,44.54902701926147],[1.7915444830162033,44.54886560874403],[1.7913297022056518,44.548704197819575],[1.7911149226230312,44.54854278648807],[1.7909001442683359,44.54838137474958],[1.7906853671415557,44.54821996260405],[1.7905112638319471,44.548119018228746],[1.7903371611448267,44.54801807358314],[1.7901373056753502,44.54794385665742],[1.7898855578886987,44.54794109780243],[1.7896993992701034,44.548011084523175],[1.7895132401900404,44.54808107093211],[1.789327080648514,44.548151057029216],[1.7891760314430636,44.548149400676614],[1.7889353774072183,44.548020713756785],[1.7886947244682785,44.5478920263193],[1.7884540726262381,44.54776333836418],[1.7882660351561601,44.547725261289266],[1.788077997939682,44.54768718389473],[1.7878852132137772,44.54757702687841],[1.7876924292400536,44.547466869530524],[1.7874996460185089,44.54735671185106],[1.7873068635491414,44.54724655384001],[1.787069253161947,44.54717191662548],[1.786831643402893,44.54709727890196],[1.7866195954972548,44.547004914787514],[1.7864075482853154,44.54691255026939],[1.7862462372777959,44.5468027363061],[1.7860849268976888,44.5466929221121],[1.7859063848967718,44.5467989997419],[1.7857520486476786,44.54695036029646],[1.7855977115711867,44.54710172064474],[1.7854710651831514,44.547136341195184],[1.785220289525533,44.547088565354215],[1.7849695142922704,44.54704078894465],[1.7847555323093611,44.5470384339407],[1.7845415503443025,44.54703607852207],[1.784239264372608,44.54704175378693],[1.783936978340155,44.54704742822423],[1.7836592848720525,44.547080382970705],[1.7834840340190534,44.54703343516263],[1.7833087834574683,44.5469864870773],[1.7833113049880087,44.54686947062389],[1.7833138265080986,44.54675245417606],[1.7833920644581145,44.546627268678556],[1.7834703020612326,44.546502083132104],[1.7835857186371225,44.546404317360796],[1.7837011348133587,44.5463065514728],[1.7838533421792495,44.546254207728246],[1.7839811507074999,44.546165581461324],[1.7839102816118202,44.54594871933205],[1.7839137711689972,44.54578669660228],[1.7839172607061489,44.54562467388326],[1.7839087449919242,44.54543550875372],[1.7839002293347532,44.54524634363832],[1.7838150300868192,44.545110354228115],[1.7837298312492396,44.544974364759796],[1.7836194594585064,44.54483809789382],[1.7835090882004514,44.544701830925185],[1.7832852439342282,44.54457331678531],[1.783145052663734,44.5444577287402],[1.7830048619671564,44.54434214052263],[1.7828646718444898,44.54422655213257],[1.7828162660040188,44.54413598454655],[1.7828207287467823,44.54392895570417],[1.7828251857222996,44.543722192909655],[1.7828251914568238,44.54372192687935],[1.782777950336504,44.543577351780826],[1.782730709458075,44.54343277667074],[1.7827101938655434,44.54321646909452],[1.7828649161060328,44.54304711052442],[1.783019637418491,44.54287775174939],[1.7832241207378088,44.54273595139483],[1.7832516206679263,44.54262821382735],[1.7833685812206257,44.5424584384472],[1.783485541070071,44.54228866295508],[1.783514591603471,44.542108915356785],[1.7834657986914522,44.54203635063043],[1.7832415771740395,44.54192583903832],[1.7831923968405956,44.54187127668998],[1.783347307889435,44.54169291629228],[1.7833252390252685,44.5415486189506],[1.7833031702738809,44.54140432161314],[1.7833453886244608,44.54119770909842],[1.7833876066661205,44.540991096585266],[1.783364374367195,44.54090080675284],[1.7834182082488645,44.54073933916593],[1.7834224745925285,44.54054131183246],[1.7831730876991385,44.540430522779985],[1.7831378522018764,44.54031309047591],[1.7831026168511521,44.540195658166304],[1.7830286548627645,44.5401228158417],[1.7829985850076178,44.53996042355769],[1.7829685153254025,44.539798031276426],[1.782938445816119,44.53963563899791],[1.7829175428059951,44.53943733427465],[1.7828583016183925,44.53926561700619],[1.7827990607910464,44.53909389971817],[1.782751047506616,44.53898532982576],[1.7827030344067905,44.53887675991735],[1.782653469167486,44.5388401998668],[1.7825791214288544,44.53878535975026],[1.7824536562751845,44.53876596931635],[1.7821767791285157,44.53876291528631],[1.781899902011796,44.5387598605619],[1.7816600040943857,44.53879322676153],[1.7814201058935086,44.53882659244033],[1.7811943469396365,44.53878808669267],[1.7810700480126846,44.5387146872978],[1.7807951145573753,44.53862161749352],[1.7805949161453838,44.53856538604586],[1.7803947181320599,44.5385091542365],[1.780194520517405,44.53845292206542],[1.7798920077792988,44.53847118712903],[1.7795894948455222,44.53848945136388],[1.7792869817160843,44.53850771476996],[1.7789844683909937,44.53852597734725],[1.778681954870259,44.538544239095785],[1.7783930779058021,44.538514032664075],[1.7781042012503658,44.53848382547687],[1.7778153249039572,44.53845361753417],[1.7775264488665838,44.538423408836],[1.7773254748586427,44.53840317635893],[1.7771245009947014,44.538382943516204],[1.7768880461191816,44.53825727773967],[1.776651592295946,44.53813161146328],[1.7764151395249923,44.538005944687015],[1.7761786878063168,44.5378802774109],[1.7759422371399176,44.53775460963491],[1.7757057875257911,44.53762894135911],[1.775608229635053,44.537483805255654],[1.7754684620372387,44.537350205371105],[1.7753286951006868,44.53721660531706],[1.7751889288253906,44.53708300509345],[1.7750073437053748,44.536942938390744],[1.7748257594860422,44.536802871397526],[1.7746441761673903,44.536662804113796],[1.7745211926252489,44.53652938933283],[1.7743982096641462,44.53639597442227],[1.774275227284079,44.53626255938208],[1.7743271291460252,44.53619110863503],[1.7742779624187233,44.53613654244613],[1.7743823518203392,44.53596663730741],[1.774486740593879,44.53579673208199],[1.7745142538123653,44.53568899700163],[1.7745189416452525,44.535472968013934],[1.774523629442278,44.535256939045475],[1.7745283172034425,44.535040910096214],[1.7744553496944029,44.53492305615741],[1.7743823824898828,44.53480520217619],[1.77433634255129,44.53460661677747],[1.7742903029364552,44.53440803137597],[1.774357717604497,44.53420170236507],[1.7744251317799877,44.53399537333075],[1.77435197049029,44.53388652057622],[1.774278809482596,44.53377766777815],[1.7741431186691954,44.53365011380023],[1.7740074284686767,44.53352255966231],[1.7738934940662057,44.53335923353811],[1.7737795603226683,44.53319590730745],[1.7736656272380555,44.53303258097033],[1.773602682313582,44.532839809801395],[1.7735397378187736,44.532647038612076],[1.7734767937536227,44.53245426740236],[1.7734384965281684,44.53228577901981],[1.7734001995312008,44.53211729063583],[1.7733619027627157,44.53194880225039],[1.7732777265002893,44.531767799503584],[1.7731935507773642,44.531586796706286],[1.7730594320327355,44.531387231993776],[1.7729253142358445,44.531187667134944],[1.7727782226430253,44.5310059645994],[1.7726311319965764,44.53082426188163],[1.7724840422964896,44.53064255898166],[1.7723369535427569,44.53046085589947],[1.7721898657353703,44.53027915263509],[1.7720795505008649,44.53014287506723],[1.771969235798671,44.53000659739687],[1.771997533831174,44.529862858476136],[1.772102505569935,44.529665952393934],[1.7720789045803016,44.52959366297532],[1.7718795297474565,44.529501411212514],[1.7716667893150906,44.5294450237798],[1.7714540493074764,44.52938863593843],[1.771304813154762,44.529305944541335],[1.7711555774390007,44.52922325294535],[1.7708659686265127,44.5292290316477],[1.7705763597547715,44.529234809590264],[1.7703898469434198,44.52932276556634],[1.7702033335512026,44.52941072123049],[1.770016819578122,44.529498676582755],[1.7697907135658177,44.52947815002022],[1.7695646077178504,44.52945762299473],[1.7692973425334353,44.52940062313566],[1.7690300778884325,44.529343622630854],[1.7687628137828433,44.5292866214803],[1.7685628566907037,44.52922136726005],[1.7683629000605687,44.52915611267936],[1.7681873249114295,44.52912714328908],[1.768011749942386,44.52909817361989],[1.7677600872397417,44.52909536434329],[1.7675579714443161,44.529129121193655],[1.7673558554073114,44.52916287767443],[1.7671289657808547,44.52917835034671],[1.766902076030097,44.52919382255274],[1.7667011386686637,44.529173570813484],[1.766500201451318,44.52915331870864],[1.766260531861904,44.52917765014285],[1.7660208620660116,44.529201981056936],[1.7657691989999684,44.52919916724128],[1.7655175359590018,44.52919635285185],[1.7652658729431163,44.529193537888666],[1.7649898309443013,44.52915443609911],[1.7647137893276725,44.5291153336199],[1.7644377480932358,44.52907623045102],[1.7642106610694035,44.529100698289916],[1.7639835738488352,44.5291251656619],[1.7639064991009252,44.52919632950301],[1.763766508344288,44.529266788643206],[1.7636265172383998,44.52933724760795],[1.7634048335651016,44.52940228950972],[1.7631831493812664,44.52946733096807],[1.7629614646868956,44.52953237198295],[1.7627397794819912,44.52959741255442],[1.762485554053155,44.52972051054295],[1.7624853536967025,44.52972060755671],[1.7623083990475306,44.52975463695996],[1.762131444185143,44.52978866608002],[1.7620803219333205,44.52982410624533],[1.7620004816162458,44.53002128508079],[1.7618475084430794,44.53010960300603],[1.761742894818443,44.530288497040516],[1.7616272760080827,44.530395240487834],[1.7615116567607247,44.5305019838188],[1.76133351461832,44.53059001866554],[1.7611553719206106,44.53067805322803],[1.7609532465152378,44.53071179800732],[1.760676805052583,44.53069068773799],[1.7604003637965684,44.53066957677658],[1.7601479040755503,44.53070275480074],[1.759895444057947,44.530735932248],[1.7597194730066996,44.53072495169716],[1.759543502023872,44.53071397086585],[1.7592686429926097,44.53062084776853],[1.7589937848676616,44.53052772399047],[1.7587189276490303,44.53043459953164],[1.7584599258090878,44.530383668522745],[1.7582009244362296,44.53033273690725],[1.757941923530462,44.53028180468515],[1.7576906520358846,44.53026097013352],[1.757388453159882,44.53026657185166],[1.757086254223943,44.53027217274252],[1.7568210128279096,44.530314202613745],[1.756555771037142,44.530356231848415],[1.756315299225978,44.53041654632692],[1.7560748269012514,44.530476860283095],[1.7557720318224095,44.53050946104421],[1.7554692363940405,44.53054206097518],[1.7552423379739663,44.53055750922402],[1.75501543942978,44.53057295700657],[1.7547885407614852,44.530588404322856],[1.7545352841338062,44.53065757412603],[1.754458989415265,44.53069272679997],[1.754407067474364,44.530764168040456],[1.754305605571116,44.53079903660622],[1.7541162576897154,44.53082390972558],[1.7539269096415513,44.53084878252042],[1.7538769728782324,44.53083021198187],[1.7538014719617627,44.53082935959094],[1.7538486282481904,44.53097394631162],[1.7540228117458798,44.5310659466099],[1.7541214944516124,44.53115709446468],[1.7539679101250907,44.53127240497756],[1.7538143251714766,44.531387715282335],[1.753659349137838,44.531566033466945],[1.7535043721256587,44.53174435144728],[1.7533493941349303,44.53192266922329],[1.7532707125734681,44.53206583497442],[1.7532334467019224,44.53223347755275],[1.7531961806091583,44.532401120130196],[1.7531589142951753,44.532568762706795],[1.7531472130223753,44.53271868725583],[1.7531355116874539,44.53286861181298],[1.753123810290413,44.533018536378265],[1.753103189546077,44.533192369280854],[1.7530825686748115,44.5333662021922],[1.7530619476766123,44.53354003511225],[1.7530843335635247,44.53366633568748],[1.7533356185084439,44.53368718075389],[1.7535798169492522,44.5337439588553],[1.7538240158810323,44.53380073641787],[1.7540682153037803,44.5338575134416],[1.754312415217493,44.53391428992649],[1.754473627312923,44.534024149945864],[1.7546348400355063,44.53413400973484],[1.7547323382413111,44.53427916416443],[1.7548298369482636,44.53442431851666],[1.7548034775851529,44.53447804161949],[1.7548881940331085,44.53463205514509],[1.7549729109430918,44.53478606861557],[1.7550322610759903,44.5349487993457],[1.7550916115508959,44.53511153005497],[1.7551630177547781,44.53529840578438],[1.755234424431198,44.535485281482146],[1.7553058315801595,44.53567215714826],[1.755251525365193,44.53585161302666],[1.755174430435618,44.53592277096989],[1.7549702982586841,44.53604651661681],[1.7547427821496366,44.53608896739871],[1.7545152656985727,44.5361314177125],[1.7543107342251913,44.53627316449998],[1.754108386125416,44.53631589799909],[1.7539060377194309,44.53635863112807],[1.7537022984816293,44.536464372104035],[1.753573272396556,44.5366069700057],[1.7534442456599342,44.53674956776502],[1.7533152182717593,44.536892165381985],[1.7531861902320265,44.53703476285661],[1.7530809400997258,44.53724065272499],[1.752975689200029,44.537446542510644],[1.752833080100729,44.53763400332547],[1.7526904700547072,44.53782146397068],[1.7526629141668177,44.53792919370352],[1.752684704457562,44.53808249812474],[1.7527064948666067,44.53823580255141],[1.7526777459072693,44.53839753938245],[1.752627007580546,44.53841497293758],[1.752573087884337,44.53857642534293],[1.7525820941045893,44.538738588795354],[1.7525911003765628,44.538900752257945],[1.7526508456174104,44.53904548218326],[1.752710591164481,44.53919021208495],[1.7528457498931111,44.539340295653794],[1.7529809093401216,44.539490379066514],[1.7531160695055168,44.53964046232312],[1.753251230389302,44.539790545423585],[1.7534782993467983,44.53993201962756],[1.7537053694419649,44.54007349337283],[1.7539324406748036,44.540214966659356],[1.7541595130453207,44.540356439487205],[1.7543865865535218,44.540497911856306],[1.754613661199411,44.5406393837667],[1.7548407369829926,44.54078085521836],[1.7550736857376696,44.54087351665884],[1.7553066352567936,44.540966177611395],[1.7555395855403613,44.541058838076],[1.7557725365883743,44.54115149805266],[1.7560054884008331,44.541244157541385],[1.7562384409777347,44.54133681654214],[1.7565357724016006,44.54139161405511],[1.7568331044024847,44.54144641076859],[1.7571304369803828,44.54150120668261],[1.7574277701352865,44.54155600179716],[1.757725103867189,44.541610796112224],[1.758022438176083,44.54166558962779],[1.758319773061963,44.54172038234387],[1.758518970982156,44.54182166026811],[1.7587181696168352,44.54192293783724],[1.7588790174630398,44.542050794196236],[1.7590398660375852,44.54217865032767],[1.7591383784593266,44.54227879532378],[1.7592368912304652,44.542378940236134],[1.7592848621907344,44.54248752050249],[1.759356027907711,44.54268639570133],[1.759427194125937,44.542885270870684],[1.7594490706102477,44.543035573868316],[1.7594709472110117,44.543185876870965],[1.7594928239282293,44.54333617987865],[1.7595152280815822,44.54346247966308],[1.7596373344563505,44.543634916790914],[1.759759441576844,44.54380735379601],[1.7599071176745213,44.54396207100351],[1.7600547945814076,44.54411678802338],[1.7601912692792763,44.54420835501177],[1.7603277444197378,44.54429992183493],[1.760326163472004,44.544371931556974],[1.7602211233336411,44.544568827641676],[1.7601160824627762,44.544765723642485],[1.7600531281389862,44.544957089948156],[1.7599901733885064,44.54514845623307],[1.7599272182113357,44.54533982249724],[1.7598984863169183,44.545501561683814],[1.759869754257911,44.54566330087373],[1.7598414174364605,44.545807037627185],[1.75981308047075,44.545950774381915],[1.7598259088852939,44.54613098730813],[1.759838737381718,44.54631120024631],[1.759851565960026,44.54649141319638],[1.7599229364100974,44.54668128713586],[1.7599943073401414,44.5468711610441],[1.7600810600268333,44.54704860283277],[1.7601678132587495,44.54722604456627],[1.7602545670358922,44.5474034862446],[1.7603413213582684,44.54758092786776],[1.7604280762258815,44.54775836943574],[1.7606518810873817,44.54788693007777],[1.7608125527469627,44.5480237851646],[1.7609732251853727,44.54816064002536],[1.7611097111463272,44.548252206031435],[1.7612461975499372,44.548343771872254],[1.7614288383008896,44.54843585529458],[1.761611479647538,44.54852793841828],[1.7617941215898802,44.5486200212434],[1.7619943369220685,44.54867628701569],[1.7622451657447524,44.548721115223124],[1.7624959949657022,44.548765942861614],[1.7627468245849132,44.54881076993117],[1.762973202662479,44.548822309849854],[1.7631995808325733,44.548833849304486],[1.7634517255535969,44.54881866652632],[1.7637038701390213,44.54880348317252],[1.763932021918031,44.548734009985395],[1.7641601731356198,44.54866453632887],[1.7643116169745925,44.548648224424895],[1.7644603030816501,44.54875792965711],[1.7646089897664643,44.54886763469408],[1.7647995042738602,44.54898380976014],[1.7649900195652066,44.54909998450304],[1.7651805356405097,44.549216158922825],[1.7654093921566916,44.549344766308444],[1.7656382497153844,44.54947337322657],[1.7658671083165898,44.5496019796772],[1.7660959679603134,44.549730585660335],[1.7663248286465583,44.549859191175926],[1.766529183630771,44.55001453279141],[1.7667335397394075,44.550169874038644],[1.766937896972474,44.55032521491763],[1.767142255329977,44.55048055542835],[1.7673744782198944,44.55060919628813],[1.7676067021679573,44.550737836666364],[1.7678389271741661,44.55086647656304],[1.7680880354618715,44.55099080260862],[1.7683371448465945,44.551115128098616],[1.768586255328338,44.551239453033006],[1.7688353669071044,44.55136377741179],[1.7690080676467999,44.55152776489624],[1.7691296317312337,44.55172719587333],[1.7692705695621669,44.55190433404727],[1.769411508277424,44.55208147205425],[1.7695524478770122,44.55225860989425],[1.769693388360939,44.552435747567266],[1.7698300949292638,44.552518301692814],[1.769966801897352,44.55260085565195],[1.7701654708560794,44.55272911680806],[1.770364140717421,44.5528573776135],[1.7704880648032988,44.55294879202046],[1.7706100291947622,44.5531302189523],[1.770657639155554,44.55325679729109],[1.7706808562182523,44.553347090256544],[1.7707044653469948,44.5534193806855],[1.7707524677405673,44.55352795646268],[1.7708004703187599,44.55363653222384],[1.7709900833019412,44.553602628982844],[1.771014440530857,44.55359827382733]]}}]}
