{"type":"FeatureCollection","name":"BD TOPAGE 2026 — Thédirac en omgeving","bbox":[1.2,44.48,1.48,44.71],"source":"https://services.sandre.eaufrance.fr/geo/topage2026?SERVICE=WFS&VERSION=2.0.0&REQUEST=GetFeature&TYPENAMES=sa%3ACoursEau_FXX_Topage2026&SRSNAME=EPSG%3A4326&BBOX=44.48%2C1.2%2C44.71%2C1.48%2CEPSG%3A4326&OUTPUTFORMAT=application%2Fjson%3B+subtype%3Dgeojson","features":[{"type":"Feature","properties":{"CdOH":"05C0000002000835176","TopoOH":"le Lot","StatutOH":"Validé","SourceNomOH":"IGN;BDCarthage"},"geometry":{"type":"MultiLineString","coordinates":[[[1.383909249393587,44.489409048817876],[1.383879170768862,44.48887737202635],[1.383943804936475,44.48859649391275],[1.384087295079869,44.488241137593285],[1.384263241281187,44.487894360241135],[1.384522275200841,44.48745695901814],[1.384839628081118,44.48700330382674],[1.38500629040838,44.486849075003896],[1.385879963325745,44.48629371342032],[1.386396684380283,44.48590509940107],[1.386819521297907,44.48536834504191],[1.387177745273989,44.484803632488145],[1.387441209448116,44.48425374064418],[1.387961709385739,44.483070124814574],[1.388104366073585,44.482610306501336],[1.388150962064508,44.482255330931224],[1.388109608017327,44.481897269137114],[1.387941618950648,44.481349173501364],[1.387689530533543,44.48097182379089],[1.386870548268427,44.480143187659266],[1.3867062900766338,44.48]],[[1.3639275202405137,44.48],[1.363795385066519,44.48035787441802],[1.363548821071717,44.48062073464723],[1.363213500347607,44.48090838870912],[1.362846724532038,44.48102269770057],[1.361621535732035,44.481334049282374],[1.359466331472663,44.482228523506066],[1.358395046338687,44.482522320561905],[1.357863723262551,44.482715200173175],[1.357336143546607,44.482952252846204],[1.355303647599298,44.48394752048242],[1.354187648188639,44.484435998786125],[1.353194603090654,44.48484796695139],[1.352050391221319,44.48522435272364],[1.350990955988873,44.48549664697969],[1.350156772166531,44.48567865884889],[1.348833384475542,44.48590106300403],[1.346625222576122,44.48618492470965],[1.346000120168415,44.48614133619107],[1.345368182913261,44.48594457221593],[1.344707718925873,44.48564833153372],[1.343572966746464,44.48501271372411],[1.342418936351108,44.48426334286632],[1.341989163212258,44.48390752413754],[1.341411222966588,44.48337209508202],[1.340752265254548,44.482812033420515],[1.338775680711652,44.48103908680753],[1.33837043504164,44.48062059471217],[1.337831766918697,44.48]],[[1.3268503566949084,44.48],[1.325836652177455,44.48078578646306],[1.325057292230883,44.48132410293551],[1.324654210126692,44.48164212804701],[1.324138209624923,44.48216282930287],[1.323500991656352,44.48291129076043],[1.323170522287543,44.483451916233655],[1.322840588631077,44.484143818410985],[1.32203477685861,44.48624843246197],[1.321912363880984,44.48689756914506],[1.321877393681955,44.487524625679065],[1.321943025905697,44.487983034758464],[1.322010068675366,44.488182145958675],[1.322419541804774,44.48896453233074],[1.323315744626244,44.48987677402834],[1.323620116801345,44.49025957487896],[1.32430149411381,44.49124868009247],[1.325094692869073,44.492540217964354],[1.325688676244773,44.493338900393],[1.326159521696754,44.49404837075803],[1.326675079160063,44.49494760478802],[1.327096760703667,44.495746367034556],[1.327292606989601,44.49643995633795],[1.327322903243282,44.496946449794294],[1.327270547596355,44.49718516668763],[1.327085435904391,44.49765867993874],[1.326861696893911,44.49799204249486],[1.326602762335522,44.49823933113843],[1.32619470271367,44.49859420749503],[1.325395083124469,44.4990863054265],[1.324697459244683,44.49944758545383],[1.323883038988546,44.49984400384932],[1.323426513617098,44.50005046557219],[1.322588045237701,44.50036637199422],[1.321881260224304,44.50061134153392],[1.321169142542736,44.500739170972714],[1.320516072682495,44.500785056249086],[1.319445013097555,44.5007984585482],[1.318363386415838,44.500744157859174],[1.316987073779777,44.50057279848577],[1.316489144890268,44.50047876030525],[1.316003179283599,44.50036329238808],[1.315518181569461,44.500215421941434],[1.314960333870643,44.50002141553189],[1.314490919692762,44.49981525119406],[1.313976377035126,44.49956157320374],[1.313254074067831,44.499145341668466],[1.31244499875243,44.49864403874934],[1.311945342453753,44.49827172329892],[1.311473276714513,44.49790252914589],[1.311038652380218,44.49750149107418],[1.310229875841024,44.49661299530128],[1.309798616104196,44.49605803191751],[1.30913361952314,44.49507448572568],[1.308591772104044,44.49405410601318],[1.308287804234273,44.49340834543557],[1.307932669673689,44.49249707581015],[1.307349353213986,44.49063686359805],[1.307230838314573,44.49030999350158],[1.307082850386243,44.48995926003169],[1.306606339537635,44.48902811536028],[1.306441468470017,44.48861139134536],[1.306286178607795,44.48829476069022],[1.306025268100769,44.487599232404506],[1.305940664543619,44.48735842170111],[1.305861031215229,44.487035749261175],[1.305751521966183,44.48670271324494],[1.305658152983967,44.48633480882195],[1.305304548471252,44.48512371668829],[1.305082938576016,44.48450262483408],[1.304848981796277,44.483957878284734],[1.30468787511891,44.48366816877653],[1.304370185624403,44.48318966532401],[1.304021255393509,44.48291417471401],[1.303710803765647,44.48278154070563],[1.303342620486441,44.48268673554422],[1.302968937601177,44.48264947119179],[1.301991475956623,44.48261461607068],[1.301307360725508,44.482653603363914],[1.300924607061139,44.48270893533654],[1.300596409306484,44.48279031840192],[1.300251500917639,44.48292546801014],[1.299974922053049,44.483088682462345],[1.299211545991563,44.483629768745644],[1.298784437949819,44.484030170074675],[1.298456917411863,44.48454826050233],[1.298212289219703,44.485195488811925],[1.298065243743894,44.48548405506652],[1.297744102693737,44.485998640704],[1.297513344137273,44.4863102255919],[1.296813389931616,44.48708188320897],[1.296517597703064,44.48738075650698],[1.295966109603798,44.487899883478555],[1.295476788783633,44.48827590141083],[1.294499865857609,44.48897033085025],[1.293813270122013,44.48950536706544],[1.293116432961806,44.490004223948226],[1.292445212840154,44.49044584628318],[1.292186829799415,44.49058771421022],[1.291223220975019,44.490880734017324],[1.290516415927706,44.490876084339035],[1.290275418729571,44.490858842465435],[1.289627200402647,44.4907056249639],[1.289189860046754,44.490567380307766],[1.288962469303298,44.49047471102593],[1.288461210227209,44.49012117104382],[1.288204894627249,44.48990379287964],[1.287784969517154,44.489315601167085],[1.287515704841541,44.48869553119584],[1.287407505907698,44.48840571575979],[1.287345005767755,44.488102203122025],[1.287312955724657,44.48783157856465],[1.287303754611314,44.4875541054714],[1.287318575579589,44.48681598913446],[1.287355701412093,44.48613044389695],[1.287306288015018,44.48485557954956],[1.287234584323028,44.48415033633407],[1.287167800113654,44.48386386553393],[1.287015709154848,44.48290615639299],[1.286923313985586,44.482510336812666],[1.286941945636147,44.48239357153021],[1.287008962009259,44.48109530572579],[1.287180140187524,44.48055140959823],[1.287343349653107,44.48022889289471],[1.2874898828763608,44.48]],[[1.2847544431319886,44.48],[1.284676367443626,44.48016943178386],[1.284478955144796,44.48045809712317],[1.284240056342487,44.480704697345544],[1.28380944814044,44.48101044281282],[1.282435367826777,44.48173639973666],[1.282119306507373,44.481955681668424],[1.281498324883145,44.48244123855719],[1.280767552845268,44.48289716756968],[1.280030814606497,44.48330077443724],[1.279697631066363,44.483462155742544],[1.278087936657627,44.48419789175744],[1.276908626171025,44.48467740654505],[1.276182926831622,44.484923587003564],[1.275765936317963,44.48502782054341],[1.275088879719135,44.48524594088762],[1.273960498140325,44.4855389331967],[1.273189188957665,44.485630407828594],[1.272183314279032,44.485783033109925],[1.270986843607474,44.48599839248921],[1.270014928621418,44.48615063019121],[1.268922371198112,44.4862991649969],[1.267446952669071,44.48646328539584],[1.266041099680864,44.48657355387457],[1.263517867276472,44.486533853878576],[1.262302626812966,44.48645798593653],[1.261277925816395,44.48628065895818],[1.260095103916975,44.485887426263496],[1.259657512822163,44.48576076471182],[1.258682380704069,44.48552656809511],[1.258307978314712,44.485472032708955],[1.257900113003094,44.48544217946807],[1.256033549610293,44.48540097293209],[1.255109871598389,44.48533413761215],[1.25467258693512,44.485279495314835],[1.254172298814059,44.48518783671994],[1.253430316637315,44.48502121437474],[1.252593967318141,44.48485579308619],[1.251386689599997,44.484564727396055],[1.250570958294641,44.484261851626],[1.249798257625085,44.483950648338094],[1.248545069967427,44.48335627774407],[1.247821389843545,44.48296570054597],[1.247459748195293,44.48274385057572],[1.246828689464588,44.48228720631723],[1.246585922355745,44.482044732430836],[1.246162354816167,44.48150854358991],[1.24599742157508,44.481230388586845],[1.245845675281372,44.480932633639775],[1.245601437430233,44.48033266330158],[1.245435712893277,44.48]],[[1.2325410653027173,44.48],[1.232427786667259,44.48079311346338],[1.232556442078717,44.48230970579011],[1.232636600882129,44.48372827467165],[1.232391934704183,44.485036287542606],[1.231929832831468,44.486740608803274],[1.231663621681613,44.488173437559645],[1.231144311682302,44.48953377460062],[1.230586286200269,44.49076382619242],[1.229830396689385,44.491964587876105],[1.227825474615025,44.49396198327856],[1.226677187986268,44.49495562313848],[1.225358092976838,44.49597892005424],[1.224458328168218,44.49690810348257],[1.224268190111148,44.497313843526356],[1.224022988947452,44.497750212324924],[1.223671836636827,44.49807502057339],[1.222690265921254,44.498403178802185],[1.222031638928111,44.49878335731118],[1.220632266627073,44.49971346295296],[1.219661609435297,44.500212855725096],[1.218517456269412,44.50058787852326],[1.217354246221903,44.50064922678278],[1.215639113428025,44.50061789508237],[1.213899065406695,44.500419550725866],[1.211907687201812,44.500092843454915],[1.210120444600508,44.49975680612096],[1.207054848007852,44.49930542189311],[1.204772276802573,44.49872172587292],[1.203617108973338,44.498332835677125],[1.202371437221837,44.49766512027685],[1.200970495783721,44.49673823050831],[1.2,44.49603385945314]],[[1.391210956530352,44.493079575813994],[1.391050801419177,44.49300520777353],[1.390744197260175,44.49290529254905],[1.389284994682844,44.49250852668093],[1.388248471599176,44.492199854927634],[1.385753336412596,44.4912116430264],[1.385501306275481,44.49109540411841],[1.385202117649649,44.49091274497867],[1.384853514572667,44.490654628176756],[1.384589384879624,44.490433763514005],[1.384088627405804,44.4898222595261],[1.384003783522229,44.48966614760797],[1.383909249393587,44.489409048817876]],[[1.394212432909483,44.494449601184186],[1.393642471967563,44.49463038628294],[1.393108816260834,44.4947729801908],[1.392264494892533,44.49495786474546],[1.391941031480641,44.49509631334337],[1.39163246982924,44.49510892222152],[1.391343177683295,44.49506328521841],[1.390864548087234,44.49495185749403],[1.39038986830492,44.494701823591896],[1.388373687899185,44.49354328131432],[1.387592151039248,44.493070854253894],[1.385831967077867,44.492069975168405],[1.383803172656299,44.49087514729057],[1.383708853357846,44.490786426298214],[1.383529102445202,44.49051817385061],[1.383369732302056,44.49019709620625],[1.383369895166243,44.49010345693019],[1.383418329188636,44.489685480599185],[1.383548253732671,44.48958473917773],[1.383909249393587,44.489409048817876]],[[1.394212432909483,44.494449601184186],[1.394015054407289,44.49431256803516],[1.393948969182805,44.494247677454155],[1.393517717974321,44.49419547707515],[1.393180730409341,44.494234688194155],[1.392927961384418,44.49423190615096],[1.392460017786541,44.49383341343127],[1.392104976666486,44.49362294733561],[1.3914642390454,44.49319672013899],[1.391210956530352,44.493079575813994]],[[1.394212432909483,44.494449601184186],[1.393066696315197,44.49466161737468],[1.392263900458,44.49489032605291],[1.391943636337578,44.494872151598955],[1.391434788268417,44.494452348857976],[1.391123161823644,44.493512288064345],[1.391210956530352,44.493079575813994]],[[1.396779415316058,44.49442301271237],[1.395793982008845,44.49408454169729],[1.395314298958768,44.49396591481681],[1.394727344219792,44.493770991570145],[1.393928803030183,44.493452330999105],[1.393321948149806,44.493294026787616],[1.39241473039961,44.493125939575044],[1.391716919566328,44.493069846739246],[1.391210956530352,44.493079575813994]],[[1.396779415316058,44.49442301271237],[1.394212432909483,44.494449601184186]],[[1.4066948603707934,44.48],[1.407022366416478,44.48047484369818],[1.407593105928029,44.48110795825987],[1.408167837440266,44.481823063116344],[1.408538859371587,44.48235874867248],[1.408809912120572,44.48291640084669],[1.408874189117481,44.48322436189609],[1.40887743020419,44.48382406981693],[1.408751640012444,44.484494848033094],[1.408569766968135,44.48496853145263],[1.407521911323067,44.486670455975805],[1.406852074676518,44.48843545898738],[1.406481534142124,44.48926477193456],[1.405942907996956,44.49025552690906],[1.405340784058602,44.49108869304413],[1.4047273263821,44.491832553290514],[1.404533637476135,44.49200983104398],[1.404045286461556,44.4921981520837],[1.403507424703375,44.49235784211188],[1.402653470424765,44.49253005998327],[1.401547119266081,44.49286428706355],[1.399331199345633,44.49368933125051],[1.398351729455714,44.49402806943098],[1.397502445838904,44.494300260243804],[1.396779415316058,44.49442301271237]]]}},{"type":"Feature","properties":{"CdOH":"05C0000002000886301","TopoOH":"","StatutOH":"Validé","SourceNomOH":""},"geometry":{"type":"MultiLineString","coordinates":[[[1.2,44.55553873219547],[1.20029695401065,44.55576767264081],[1.200426488871434,44.55577338575636],[1.200558967960333,44.55580526034607],[1.200671189138535,44.5558800272435],[1.200752483720901,44.55597680184369],[1.20091266424247,44.55624595114607],[1.201067674388787,44.556440276922416],[1.201216943048941,44.55653815858875],[1.201335715354325,44.55664454798885],[1.201569249829768,44.55694370626738],[1.201962350698265,44.557017643414085],[1.203372902063964,44.557215294654384],[1.203941892509165,44.55726327138288],[1.204802200508524,44.55749697623627],[1.205541386300062,44.55785657272727],[1.206260412640676,44.55825635784082],[1.20835089506558,44.55889721320179],[1.209129021240101,44.559102536269194],[1.209795466668046,44.559374478932156],[1.210438746062737,44.55966225051792],[1.211215544517857,44.560148483562806],[1.211756202142097,44.5605750581147],[1.212357292990155,44.56100260829758],[1.212708196236073,44.56121719719749],[1.213020717293173,44.56129159110455],[1.213354372726925,44.561295188987195],[1.213748134650496,44.56127004266379],[1.214763372000158,44.56106854676909],[1.216060307506395,44.56076083523925],[1.216289375152333,44.56068619483941],[1.217607610373711,44.55998260371662],[1.21875080847119,44.5592770746755],[1.21887700345411,44.55914944299965],[1.218818181485175,44.55889816436952],[1.218808887820417,44.55879356029443],[1.21883856959332,44.558731006393266],[1.219109611186824,44.558363485293555],[1.21924659290102,44.558133374068525],[1.219235793732979,44.558076470519545],[1.219141072066311,44.55796508599132],[1.219070750462227,44.55783878698953],[1.219916493800925,44.55630002095423],[1.220665184283642,44.555841144833465],[1.220762125315802,44.555802186018965]]]}},{"type":"Feature","properties":{"CdOH":"05C0000002000886325","TopoOH":"Ruisseau de la Masse","StatutOH":"Validé","SourceNomOH":"IGN;BDCarthage"},"geometry":{"type":"MultiLineString","coordinates":[[[1.2,44.66744177933418],[1.200135534198815,44.66724038171996],[1.200381462924092,44.667047170797666],[1.200684841600182,44.666754036664464],[1.200959595019697,44.66664594128294],[1.201154517647629,44.66654825383525],[1.202291741127015,44.66586704371478],[1.202463815996027,44.66573386293825],[1.202824061475835,44.66567487916638],[1.202934789797796,44.665645160113165],[1.203042566909206,44.66558927825779],[1.203110646029478,44.6655120398032],[1.203184689992198,44.66536645953038],[1.203262579674447,44.66510027352653],[1.203254875995445,44.66494616143978],[1.203229399417629,44.66483498510589],[1.203113013073382,44.66452782233254],[1.203097339216922,44.664425810287796],[1.203106056194066,44.66435030917289],[1.203152950563938,44.664304244438],[1.203233580416248,44.664268633213105],[1.203628383507854,44.66419399915178],[1.203772529829808,44.66414501080269],[1.203838885970757,44.66408215214019],[1.203858808819908,44.664011335477625],[1.203849037821302,44.663922026532774],[1.203808712341272,44.663841226564024],[1.203708168931982,44.66370992084776],[1.203611293164823,44.66362189898122],[1.203252819335378,44.663467493402166],[1.20323330296166,44.66340684237582],[1.203299920526566,44.66325663903028],[1.203323402591736,44.66307421730574],[1.203383825408289,44.66299955598541],[1.203579536205717,44.662837040915264],[1.204400114522605,44.662229913823936],[1.204649532726932,44.66200523326357],[1.204748417418696,44.66187176202794],[1.204781436882069,44.66178584921318],[1.204986943027412,44.66151362897925],[1.205121510257271,44.66128978528376],[1.205205230474218,44.661196590462396],[1.205449510374979,44.66101414875536],[1.205583300501193,44.66089385023625],[1.205768908954816,44.66069154548254],[1.205993409018022,44.660535797031834],[1.206127398016626,44.66048844214762],[1.206325270949675,44.660376386054956],[1.206777272568582,44.66001000439088],[1.207010108601889,44.65990931999923],[1.207228325458501,44.659752566844],[1.207578980600668,44.65959705889087],[1.207634551595955,44.65955563558661],[1.207660258018803,44.6595011212784],[1.207807183919089,44.659086567842046],[1.207929758181949,44.65896158248145],[1.208050213832877,44.65890320006601],[1.208284906864279,44.65882325484665],[1.208563557821121,44.6586305574293],[1.208764084506635,44.6585140376919],[1.208983609325759,44.658355501495144],[1.209162977906122,44.6581503890271],[1.209570987396984,44.65789674816372],[1.209783484742927,44.65772098715861],[1.210023825226293,44.65738358558824],[1.210093079444189,44.65718929686925],[1.210206496724666,44.65699482223482],[1.210482250306178,44.65661476868414],[1.210753309820164,44.65634269906762],[1.210931040441956,44.6562285084627],[1.211113014237647,44.65613960031208],[1.211171501182649,44.656085615493836],[1.21119677017951,44.65600497884254],[1.211198558560615,44.655829409599214],[1.211225027355514,44.655710971215015],[1.211271471535555,44.65559915939294],[1.211322963340425,44.65552705132843],[1.211416809590193,44.65543221505973],[1.211530459569402,44.65534940547803],[1.212150592989174,44.655089280079586],[1.212358865247018,44.654966575986386],[1.212428698357254,44.654912773943686],[1.212461706784763,44.654866481260804],[1.212475149020847,44.65392567332565],[1.212438939137589,44.65355588215882],[1.212470053002773,44.65348974784129],[1.213841946562705,44.65199906839307],[1.213942634893455,44.65192685330198],[1.214033156168219,44.65189679751106],[1.215727482294856,44.65149550576379],[1.216100879622002,44.65137635940955],[1.216434753508809,44.65123045995483],[1.216601486600338,44.651143999070285],[1.216870590112348,44.65097183992002],[1.217123813291693,44.650783215158576],[1.2172748849369,44.650633465843],[1.217548567081169,44.650316398471745],[1.218142476791156,44.64976585782982],[1.218262580383257,44.649677742833546],[1.219070806868016,44.649330560860875],[1.22014837458089,44.64896249414063],[1.220301794677332,44.64885780372943],[1.22068950639105,44.648683942381254],[1.221024921886957,44.64840838271437],[1.221128076970964,44.64829747968833],[1.221250451832902,44.64805721396874],[1.221315453886898,44.64779621448063],[1.221362450620851,44.647706020025815],[1.221384685809957,44.647601019365055],[1.221388537713404,44.64743899169135],[1.221351544184801,44.647332137988705],[1.221286927167431,44.64722123800595],[1.220921356346628,44.64689388001184],[1.220898878981284,44.646846692533096],[1.220802687260913,44.64673708530939],[1.220777858992492,44.64668445699829],[1.220759313463734,44.646552685960316],[1.220789323411522,44.64648112895314],[1.220705086650274,44.64639242542658],[1.220393008598724,44.64612896112219],[1.219053440413393,44.64520960047047],[1.219204131795169,44.64511117140346],[1.219840634748041,44.64444784710499],[1.219934998307012,44.64437552529713],[1.219948827790645,44.64433702652412],[1.21994424813109,44.644242400606785],[1.219886896044059,44.64394161189156],[1.219894355084396,44.64386518971212],[1.219873367902944,44.64381082205804],[1.219626769421789,44.64351148920935],[1.219565619790961,44.64337092768295],[1.219588586051407,44.64320290452033],[1.219649941455241,44.64301748948145],[1.219979882639051,44.64239515473796],[1.219977369652484,44.642314970100855],[1.219854150579256,44.64190326073909],[1.219844262860227,44.641777032080334],[1.220948243825686,44.64152645071096],[1.221236322472784,44.64139060763394],[1.221275068423712,44.641321892701654]],[[1.240024034580856,44.592044024322696],[1.239863485733714,44.59173710671729],[1.239650992653154,44.591398745186744],[1.23943712143071,44.59114500579167],[1.238890347900867,44.59061581805233],[1.238779069846049,44.590547409205385],[1.238667005274899,44.590504200959806],[1.238340180943789,44.59043775806375],[1.237644138066923,44.590451870776164],[1.237373571833628,44.590399829476105],[1.237003550686957,44.59022373611751],[1.236836053868167,44.590099499276285],[1.236728761115923,44.58998432729077],[1.236462270918263,44.5898423014002],[1.236421417118886,44.58977861612137],[1.236426186922703,44.58970665436523],[1.23656053610719,44.58952059984594],[1.236614320060856,44.58941250099767],[1.236643167080826,44.589295899864254],[1.236702066657627,44.58922570252068],[1.236940579588337,44.589093537478895],[1.237299220811247,44.588947980586894],[1.237516960837632,44.58883529333465],[1.237620621252111,44.58870367695559],[1.237725889329134,44.58827853198267],[1.237927094438754,44.58788823467217],[1.2379826731995,44.58772253367738],[1.238097108823997,44.58756857700098],[1.238182103893094,44.58738893750842],[1.238241122505708,44.58723409696037],[1.238292201111779,44.587010693893],[1.238294452641424,44.586696465013944],[1.238275025179743,44.58651155843998],[1.238238905589724,44.586417333358156],[1.238093822100913,44.58618089690087],[1.237949847765403,44.586030022780285],[1.237772032947996,44.585913727079145],[1.237545157812391,44.585794847473174],[1.237399521142162,44.585737595184064],[1.237231568890744,44.585749322973356],[1.236757971499409,44.586106456358884],[1.2364249724849,44.58631905536259],[1.236344615636782,44.586350189572904],[1.236260374549685,44.58634434234282],[1.236068138933616,44.58628634433034],[1.235404323619615,44.58603711817861],[1.235043695653448,44.585803537797446],[1.23497243092814,44.58570514820364],[1.234911843146424,44.58538631338377],[1.234889726648094,44.585126623953485],[1.235040729949353,44.58444827951382],[1.235084348831559,44.58406087293351],[1.235089521527455,44.583935789973495],[1.235069534909043,44.58380940459624],[1.23495670582857,44.58375087220933],[1.234744471268554,44.58368804989865],[1.231923398799163,44.58296217772723],[1.231224820325383,44.5827384831862],[1.230797051713631,44.58255784194401],[1.230270775140321,44.58238462566475],[1.230039096216132,44.58233949213182],[1.229444841749666,44.582284945549226],[1.228658160547484,44.58213906403617],[1.228256866425274,44.581998458122214],[1.227752602364704,44.58172653069562],[1.22698677133187,44.581358554767824],[1.22664966769491,44.581100110716704],[1.226509599700349,44.58094658259082],[1.226416820135789,44.58081182299729],[1.226348122954326,44.580632426352544],[1.226250291030644,44.58021753843368],[1.226162109095894,44.57957588632533],[1.226116533804567,44.579382453322715],[1.226053414261367,44.57926617920107],[1.225358953996932,44.57875346123485],[1.225093395838525,44.57850426600076],[1.22484402688736,44.57822111233191],[1.22445888017565,44.577728667014334],[1.224269013022183,44.57743656326387],[1.224171549973926,44.577210778804165],[1.224135361972312,44.57707962853038],[1.224137545409138,44.576930185248116],[1.224197420082439,44.576508826445846],[1.224063539851548,44.57587904505752],[1.22399903028096,44.5756871078174],[1.223960731976861,44.575663079750896],[1.223814241417691,44.575674231274355],[1.223758144616239,44.575655319755846],[1.223648614296496,44.57553289511304],[1.223553102160296,44.57548543497375],[1.223337429575446,44.57545315100648],[1.222937204132265,44.57552055137924],[1.222775473798024,44.57557557946438],[1.222514154116725,44.57563260662613],[1.222342042677238,44.57561723020486],[1.222086915587788,44.575517673863935],[1.22149249154747,44.575391042865625],[1.221163926657431,44.57526328769405],[1.22087550428382,44.575101059701886],[1.220668919058676,44.57490052852329],[1.220535026229755,44.574711973755434],[1.220355340124566,44.57449746778059],[1.220107859764938,44.574275565753624],[1.219635929768381,44.573900567123374],[1.219281257508824,44.57368233817004],[1.218755138469621,44.57330826297911],[1.218624662651403,44.57325122990538],[1.218505272534043,44.57324210051057],[1.218257840193129,44.573178678143904],[1.218068254081009,44.57303874786149],[1.218007599832589,44.57296483103151],[1.217978045722687,44.5728635013071],[1.217972017101737,44.57277515775809],[1.218004739477089,44.57257668134824],[1.218233812612948,44.572064406520575],[1.218378433675737,44.57179299603051],[1.218576068236551,44.57147831736953],[1.218704781699777,44.57123186319051],[1.218890625642663,44.571051164170086],[1.219160959239755,44.57070794145506],[1.219452266646896,44.57013903810412],[1.219447201466693,44.570020094288466],[1.219469466407077,44.56991329720501],[1.219569773165186,44.5697285168095],[1.219588383925171,44.569657679639846],[1.219565805400156,44.56953485164814],[1.219573378349752,44.56949445255047],[1.219659683783201,44.56939409064252],[1.219769547856058,44.56898614752321],[1.21960136328869,44.56844765656285],[1.219558611712986,44.568205641350566],[1.219511220616181,44.56771141972959],[1.219456902718663,44.56755656364881],[1.219384182025768,44.56714657786549],[1.219283831027339,44.56677396630351],[1.219154903641864,44.56618928353519],[1.219091691280632,44.56543817317066],[1.219056734442941,44.56522870057945],[1.218952526981295,44.56485872813291],[1.218931750325697,44.564718820345945],[1.218926858268913,44.564354951976505],[1.219024649134108,44.563970227976355],[1.219267791046916,44.563369934488755],[1.219396483002574,44.563123480316605],[1.219657865365734,44.56238390786671],[1.220242050506513,44.56107323897054],[1.220779032178499,44.55998062099991],[1.220855236101865,44.55972071344042],[1.220673667270335,44.55956740994366],[1.220512802462455,44.55915690632763],[1.220002875876754,44.55771424456924],[1.219952010403302,44.55749010899081],[1.219994977498759,44.55736563685073],[1.220762125315802,44.555802186018965],[1.220986145503462,44.555567172317204],[1.221137355898809,44.555324681982235],[1.221329348260115,44.55514678144949],[1.221473104686293,44.55506085154112],[1.221710896417235,44.55498814201165],[1.222024244712276,44.55483560684473],[1.222156954262944,44.55474049355747],[1.222681923997587,44.55426629617689],[1.223412884603919,44.5535288738862],[1.224272383236817,44.55270797060057],[1.224564178539777,44.552319160722135],[1.224711079436333,44.55209280523881],[1.225038435647192,44.55173428135595],[1.22534366817179,44.55151857455987],[1.225728206975385,44.55134376180158],[1.226645711825496,44.550999217911205],[1.228448201967821,44.550261861706225],[1.228785984319389,44.550091691199164],[1.229277475258843,44.5497583002163],[1.230488959384631,44.54883133979581],[1.230911020325714,44.54846261175164],[1.231123793316223,44.548182376124245],[1.231769718754844,44.54717880587143],[1.231941196750592,44.5466890010439],[1.232234703144724,44.54604176893676],[1.232674950749192,44.545251911766904],[1.233311039377904,44.54431931337959],[1.23362046173425,44.5435246583528],[1.233849511920287,44.54308529806826],[1.234217435106039,44.542513090331134],[1.234337237283592,44.5423862412317],[1.234631057769646,44.54217032844376],[1.234765762616344,44.54205002044114],[1.234986429208165,44.54179781918049],[1.235299608848015,44.54120402266588],[1.235312785069969,44.54102414207655],[1.235364367885721,44.54078364445119],[1.235295622680262,44.54036473394651],[1.235269662469698,44.5401076890298],[1.235272342067895,44.539981668064776],[1.235290129733661,44.539815368128814],[1.235377867214159,44.539586254084874],[1.235399675432376,44.53945243483449],[1.235487271281231,44.539227820766996],[1.235498027744436,44.53912534079752],[1.235475286201163,44.53900701762845],[1.235290605458199,44.538430475351596],[1.235194521648711,44.53828216504017],[1.235074859664014,44.5381631926757],[1.234945798934812,44.5380629794489],[1.234860113372027,44.53794455013069],[1.23483045524568,44.537886446741524],[1.234684222602279,44.537369047953945],[1.234674263766524,44.53724462591357],[1.23464085933878,44.53718556211252],[1.234546267208254,44.53715073241602],[1.234555255725801,44.53694377157501],[1.234655862667307,44.53638349694892],[1.234753767619865,44.535466599310624],[1.234701492815391,44.535246052481064],[1.234783440573166,44.53500063865192],[1.234836979080095,44.53489884310274],[1.234930002285373,44.534782371234066],[1.235375464593778,44.53430504974729],[1.236057991573708,44.533734266576],[1.236355604659932,44.53343556973381],[1.236549597702065,44.53327028461748],[1.236672375651322,44.533087653339514],[1.236720538759096,44.53299657659706],[1.236747424074597,44.53290155811285],[1.236780498327649,44.532205136207565],[1.236766514533318,44.53204823409805],[1.236575688702588,44.53166879635466],[1.23609713575136,44.530909271783564],[1.235696208532812,44.53048595422629],[1.235466897913314,44.5300896912719],[1.235352258466105,44.5298105192046],[1.235129138784953,44.52937743604089],[1.235069705465762,44.529184689410336],[1.234592013042907,44.528237878288216],[1.234001462668608,44.52691557210847],[1.233575968882672,44.52587054257266],[1.233532269373698,44.525617716885584],[1.233537483300666,44.5252900362871],[1.233515502814576,44.52518793353493],[1.233438392862231,44.5250777447111],[1.233337183011982,44.524973473190606],[1.23314543045876,44.524826331287535],[1.232691655309936,44.5243643378074],[1.231973785710614,44.523774749973],[1.23189852057651,44.523686200426276],[1.231990490033339,44.523482371210676],[1.23199931568138,44.52340147207585],[1.23209615635747,44.521875860302025],[1.232082901211641,44.52177659848072],[1.232015468198918,44.52167917002672],[1.231833973027067,44.52148626721857],[1.231598444304863,44.52117003708088],[1.231313265666316,44.520871920110956],[1.231124294433997,44.52063657516892],[1.230939926584172,44.52033467044133],[1.230875400699536,44.52014454160878],[1.230734253232197,44.51994958247655],[1.230689157628582,44.519862416298764],[1.230600901407166,44.519666504135216],[1.230552899762001,44.51947123740144],[1.23057953933387,44.51926366081231],[1.230626104243203,44.519183367049635],[1.230840523130592,44.518927475643835],[1.23095496209573,44.518729410699514],[1.230966219761178,44.518651252132734],[1.230961328268005,44.51832521127665],[1.231001654549292,44.51804221646122],[1.230981467636512,44.51784289371331],[1.23093273337665,44.5176710272046],[1.230863224818726,44.51751953792557],[1.230702775242996,44.51729815639043],[1.230595678894921,44.517221701904425],[1.230340529927025,44.51709064698584],[1.230045654646652,44.51698236590443],[1.22982066889887,44.51685269403491],[1.229731269469854,44.516773821247966],[1.229616154779614,44.516591884691145],[1.229585323261895,44.51649144024831],[1.229494388437668,44.51581914727004],[1.229424253827355,44.515727977078875],[1.229034876066584,44.51506169987399],[1.22893185382375,44.51493578449645],[1.227932366876412,44.51406161021118],[1.226346560611566,44.51250356781002],[1.2263042055219,44.51244976052606],[1.226173183060679,44.512173918115884],[1.226069678038358,44.51210382001869],[1.226056590793911,44.51187939817415],[1.226007806107327,44.5117498498182],[1.225910421292284,44.511685252656456],[1.225649966216371,44.51156400622629],[1.225216169990917,44.51127248775647],[1.225043011988881,44.51113643601545],[1.224660734745855,44.51076740518423]],[[1.221275068423712,44.641321892701654],[1.221348107457172,44.6412456248933],[1.221587267956536,44.64118103376531],[1.221715008194329,44.6411299588271],[1.221892242582134,44.640629431877606],[1.221861016276872,44.640539780716374],[1.221864094045534,44.6404821985048],[1.221887058000629,44.64043394101851],[1.221974728547325,44.64033359475544],[1.222000730120752,44.640189033104484],[1.222149988816315,44.6400554581665],[1.222344726013128,44.63995953446135],[1.222845903248404,44.63966502395009],[1.222913538765942,44.639639996584435],[1.223069761685983,44.63952544280151],[1.223114580197818,44.639464028871025],[1.223216665095835,44.639386425711],[1.223569261007495,44.639203887387104],[1.223792031270488,44.63889859642191],[1.223754172262226,44.63885926702566],[1.223841130902019,44.63870127637055],[1.223874148826359,44.638654080531985],[1.223943922382514,44.638601171596],[1.224263862189188,44.638454126466094],[1.224770240264244,44.63827405401596],[1.224862476272137,44.63822870910044],[1.224934911252924,44.63817133982809],[1.225031992080323,44.638052232068475],[1.225448069809045,44.637895920901116],[1.225675101561426,44.6377752960792],[1.225912528582249,44.637725076077864],[1.226028784578842,44.63771793632872],[1.226485309469413,44.63763881217923],[1.226786896228075,44.63755359965032],[1.227003840824477,44.63751295429706],[1.227083722881545,44.63745930506453],[1.22756493400901,44.63699606193654],[1.227909177581121,44.63655673617063],[1.228052446324382,44.636332108109045],[1.228127732970798,44.63618383285943],[1.228229017667891,44.63556951926473]],[[1.221275068423712,44.641321892701654],[1.221885002643008,44.64125876181251],[1.222350443337984,44.641177996442025],[1.224289065867467,44.64077690631543],[1.224381701190805,44.64079910520699],[1.224492607349741,44.64088193053434],[1.224551744190141,44.640886482014054],[1.224611873255964,44.6408595320753],[1.224697626979106,44.64077986430805],[1.224832857197771,44.64069108530813],[1.224987605301287,44.64062333082824],[1.22508902425007,44.64052680483805],[1.225274283528528,44.64029114724516],[1.225488082285463,44.64007035528695],[1.227019974784155,44.638964808099665],[1.227279075411692,44.63886720644136],[1.227481648685476,44.638842538538235],[1.22767627486423,44.63878982759978],[1.227926958190865,44.6386389604517],[1.228287373712517,44.63828724009682],[1.228361118890616,44.6381479447746],[1.228278689730851,44.63792150085013],[1.228175909814897,44.63774065590931],[1.228127193629787,44.637565179685424],[1.228139308671957,44.63734025064961],[1.228348716370189,44.63665653029875],[1.228427074892993,44.63616971897702],[1.228380593909158,44.63592313989861],[1.228263294024612,44.6356024862135],[1.228229017667891,44.63556951926473]],[[1.228108756282517,44.62238352200677],[1.227609146908903,44.622192713828994],[1.227545114639439,44.62214396132743],[1.227375191027057,44.621934124544524],[1.227226364019844,44.6216147663606],[1.227134847698247,44.621517847023455],[1.22664478977609,44.621103866689566],[1.226044096425675,44.62051971760136],[1.225953263528776,44.62040119653945],[1.225843811477179,44.62019322833358],[1.225648513806459,44.619628189674536],[1.225579417550722,44.61950011186188],[1.225569718791494,44.61944772792468],[1.225589032133193,44.619394909215806],[1.225635332641346,44.619365936365895],[1.225706114498368,44.61924010386735],[1.225721958886715,44.61909718077253],[1.225755898312796,44.61902028366671],[1.225731601638811,44.61891093477447],[1.225784499952282,44.61875239768429],[1.225812478241677,44.618584455740105],[1.225796478702061,44.618531970711445],[1.225707914928047,44.618421590281194],[1.225683179509612,44.61836626355271],[1.225669502185344,44.61832011918915],[1.225676369559209,44.61822207638461],[1.22580541362034,44.61788736576103],[1.225940996937976,44.61718446114962],[1.225997588624769,44.617108828097926],[1.226133637735143,44.61699214734371],[1.22627703489484,44.616922409619015],[1.226448677327304,44.616796394311216],[1.22654471378727,44.61674930896443],[1.226719074640297,44.61669717671104],[1.226873656310433,44.61667264196091],[1.227465606675947,44.61665151960944],[1.227692494622723,44.61661283495623],[1.22791674599839,44.61649756631377],[1.227991613593718,44.61644203599236]],[[1.227991613593718,44.61644203599236],[1.227920885207856,44.616245496776386],[1.22795987962503,44.61592735015773],[1.228109128636042,44.61502925780739],[1.228291178253714,44.61417041225727],[1.228418635152082,44.613724914502455],[1.228469066106145,44.61344387125146],[1.228488589663363,44.613143422477556],[1.228542234360298,44.612880440459875],[1.22877172642131,44.61203586269517],[1.228933227069543,44.61167015296863]],[[1.227991613593718,44.61644203599236],[1.228395185967972,44.616156747879685],[1.228548004818122,44.61602772630507],[1.228618380171858,44.61591449255326],[1.228686158374461,44.61568325362039],[1.228769856100177,44.6150254400194],[1.228922765601794,44.61429129394046],[1.229003566517075,44.613564997390895],[1.229000295234465,44.61202331669916],[1.228980489380175,44.61177086396023],[1.228933227069543,44.61167015296863]],[[1.228437619722754,44.634469759289516],[1.229054926235543,44.63449045416476],[1.229345972556105,44.634459095747715],[1.229492060952566,44.634425415479384],[1.229512664517471,44.63437171592276],[1.229513999434849,44.63420874838602],[1.229533862735351,44.63409830603446],[1.229634759473645,44.63389731110474],[1.229582373677946,44.633718175081256],[1.229537161662899,44.63343109499864],[1.229475218332058,44.63327521866495],[1.229329553833904,44.63301444511866],[1.229190652386352,44.632618706089886],[1.229127127634097,44.63251323173155],[1.228982169151176,44.63214981312296],[1.228826765616323,44.63187807705654],[1.228610692896992,44.63161077171977],[1.228491848889798,44.63141976457741],[1.228446413051896,44.631340693890536],[1.228412899207241,44.63120328233891],[1.228408440586229,44.63094386966428],[1.228443240600366,44.630719304706425],[1.228414470003217,44.630551352518005],[1.22854457623414,44.63026347939928],[1.228562032355954,44.63014939685372],[1.228404024975466,44.62943907998438],[1.228363130251607,44.62889452887859],[1.228384747462667,44.62872828470648],[1.228509525366626,44.62844933140833],[1.22859365111068,44.62830029762536],[1.228709398526104,44.62814816847287],[1.228851103863426,44.628012663883474],[1.228924907073101,44.62791119045109],[1.228976645668836,44.62778955275949],[1.229001136979822,44.62765217026444],[1.229001660762856,44.62739463880253],[1.228943841458153,44.62714787909204],[1.228930210389622,44.62673883880457],[1.228968956782585,44.6257462206415],[1.228896581156152,44.62548121807537],[1.228872344151442,44.62532954774709],[1.228870602375944,44.62506387581954],[1.228895112410266,44.62476530644173],[1.228988828838578,44.624551591194106],[1.229021005346127,44.62437020810204],[1.229023872534377,44.62423878280647],[1.228972805617897,44.623897580323664],[1.228818676722055,44.623465578372446],[1.228567426425784,44.62303472143859],[1.228319087469733,44.62271196909942],[1.228108756282517,44.62238352200677]],[[1.228437619722754,44.634469759289516],[1.228463258911523,44.63425585310435],[1.228460221412647,44.63411172580323],[1.22841015488746,44.63377864229062],[1.228380606775281,44.63367551283267],[1.228295044275493,44.63354897353276],[1.228175562409276,44.633418288648436],[1.228062276633967,44.63309049535575],[1.228010123309649,44.63254306143027],[1.227957854118816,44.63228018083976],[1.227941384204062,44.631921521505234],[1.227786456360821,44.63131390850715],[1.227742040188806,44.6312024361993],[1.227569125455292,44.630886293591544],[1.227529026584743,44.63067763744279],[1.227185285838486,44.63001927060997],[1.227001923488786,44.62955437873395],[1.226777141455096,44.62908341933139],[1.226772976203759,44.62897529371428],[1.226799251472567,44.628460634871956],[1.226810778096305,44.628414894761455],[1.226858217658431,44.628349919864206],[1.227196853708667,44.6281275266108],[1.227458113679133,44.62803986575719],[1.227931245192319,44.62771066742995],[1.228078514422581,44.627518522201996],[1.228109664696247,44.62741006226623],[1.228115479138163,44.627265176701606],[1.228048388905848,44.62703267570739],[1.228001747382502,44.626791497557264],[1.228066002217788,44.62659261889746],[1.228035028694832,44.626133773635296],[1.228051522957566,44.62568919660494],[1.22796724925672,44.625602299392625],[1.227929663532815,44.62551434952963],[1.227943325868532,44.62544072846741],[1.227980877251867,44.625369291303706],[1.228106844087008,44.62521282439057],[1.228171071751499,44.62509498934204],[1.228234811586153,44.62483216783565],[1.228252834553544,44.62441913261588],[1.228206184319162,44.62393752434602],[1.22814760512381,44.623634922012656],[1.228138084656578,44.622814425117134],[1.228108756282517,44.62238352200677]],[[1.228933227069543,44.61167015296863],[1.22888880781585,44.61151906044717],[1.228966461643937,44.61129428348102],[1.22921704978976,44.61094170729284],[1.229851286565926,44.610173849973236],[1.230509110318311,44.60929650833876],[1.230561636550172,44.609189291445055],[1.230624771798049,44.60898499231877],[1.230699309287849,44.6088592176502],[1.230743473955504,44.60881760202154],[1.23089065264968,44.608747019016086],[1.231018377925335,44.60865361240404],[1.23124986310377,44.608346651162954],[1.231396223744245,44.608181503869766],[1.231968051671886,44.607633255348816],[1.232124252197814,44.60751599011816],[1.232691449795399,44.60695415693848],[1.232853579759355,44.60684869183259],[1.233968170519538,44.60599394318966],[1.234433922415497,44.60561147720619],[1.234689997613209,44.60524276938025],[1.234852515888592,44.604963515199685],[1.235219086475668,44.604447091614894],[1.235356249017862,44.604091791696895],[1.235536116583507,44.60382181856987],[1.235655863159196,44.60362022222501],[1.235750497131901,44.603415523429476],[1.235962904170001,44.60307222998413],[1.236378690126764,44.602593508527505],[1.236649099121192,44.60241052427757],[1.236899121519863,44.602073232408095],[1.236970463115253,44.60200863573293],[1.237200739461874,44.60189974961978],[1.23768807649211,44.60171211892549],[1.237806956189664,44.60161856409574],[1.237973998773714,44.60143572937517],[1.238433146996618,44.60073797595829],[1.239665062841889,44.59950954681531],[1.240109865107681,44.599149237528934],[1.240193038334406,44.59910914025623],[1.240790430557823,44.59870533414735],[1.241044760760734,44.598592321068416],[1.241355159198085,44.59850001025127],[1.2416451741482,44.598455099425045],[1.24197558062821,44.59844865044122],[1.242263552202581,44.598388397415434],[1.24235817224929,44.59834487875319],[1.242409207495179,44.59828445821117],[1.242469960098951,44.59815485561938],[1.242483320840905,44.59800919115562],[1.242476252732764,44.59775064239281],[1.242432476698042,44.59765899813018],[1.242293444100792,44.59751000918093]],[[1.228229017667891,44.63556951926473],[1.228320710920887,44.635260318799034],[1.228428413451597,44.63508374710568],[1.228460912598473,44.63497260683325],[1.228437619722754,44.634469759289516]],[[1.242293444100792,44.59751000918093],[1.242263188466794,44.597429385622746],[1.24226221399172,44.59733932262769],[1.242339544941132,44.59708211646079],[1.242341370129636,44.59698309326696],[1.241995341603091,44.5958330852004],[1.241881826600451,44.59551251113466],[1.241795222048687,44.5950563935733],[1.241641301017215,44.59457669290572],[1.241201013083018,44.59362148618076],[1.240858292803486,44.59293257054867],[1.240661963664691,44.592641292949715],[1.240398711184638,44.59235435206013],[1.240024034580856,44.592044024322696]],[[1.242293444100792,44.59751000918093],[1.242034212506395,44.59733569545481],[1.241938176346331,44.59722250862034],[1.241517274186829,44.59608931700814],[1.241492104629357,44.59576474558246],[1.241496007477607,44.59559912038421],[1.241474069368426,44.59549431619912],[1.241062601436187,44.59462511237337],[1.240821522464164,44.59415212727166],[1.24053178695733,44.59350187395686],[1.240327565157046,44.59289800558266],[1.240149141120675,44.59243682265786],[1.240024034580856,44.592044024322696]]]}},{"type":"Feature","properties":{"CdOH":"05C0000002000886300","TopoOH":"","StatutOH":"Validé","SourceNomOH":""},"geometry":{"type":"MultiLineString","coordinates":[[[1.2,44.57575215572608],[1.20004578358793,44.575691074820796],[1.200374333104715,44.57550192510282],[1.200805386294803,44.57533785661039],[1.201152611485514,44.57523455424837],[1.201259012803211,44.5752164765362],[1.20147281623665,44.57518844140074],[1.201757818381388,44.57517957457221],[1.202756938514017,44.57521654715159],[1.203063115334417,44.57525484629985],[1.203308307913549,44.57530926167959],[1.20414484943988,44.57554618425148],[1.204947914872595,44.57580596876382],[1.205020718446613,44.5758143557124],[1.205221730072792,44.57579240876784],[1.205383735745593,44.57572930627362],[1.205575446494853,44.575564031815055],[1.20566195780998,44.57545828052959],[1.205783067255692,44.57521531832637],[1.205971397990267,44.57499776073956],[1.206143043780622,44.574829458080366],[1.206565431977568,44.57462020299263],[1.207317830503303,44.574452322047115],[1.207413496381286,44.574415154242],[1.207512509497362,44.57435192688722],[1.207672386235712,44.57415731721917],[1.207775253088349,44.5738537252731],[1.207943479455473,44.573554795657294],[1.20801415918261,44.573471297747155],[1.208087244316758,44.57343106162395],[1.208173608232758,44.57340905037535],[1.208610981655773,44.573362116457],[1.209080746577375,44.57328689084994],[1.209366418182522,44.573177162270596],[1.209593994946122,44.57303227323744],[1.20976302575817,44.57294586614221],[1.209846807125407,44.572846370955915],[1.209899250092993,44.572702244564],[1.209921102964808,44.57256932854783],[1.20992837699524,44.57226058379191],[1.209997140925182,44.57187989724996],[1.210045405677519,44.5717483097851],[1.210260022335771,44.571376290158405],[1.210313236750439,44.57124748424829],[1.210526857224495,44.57031085129178],[1.210994798155353,44.569696205198255],[1.21120731443573,44.56935026395518],[1.21130539477038,44.568958345924734],[1.211524050661283,44.568259518536216],[1.211690516798918,44.56789572198843],[1.211805377437271,44.56741132695213],[1.212081430082328,44.56680887842682],[1.212346350850234,44.56600094181581],[1.212373506927962,44.56577986548273],[1.212360960312621,44.56565899926141],[1.21261701783245,44.56544883169604],[1.212753359204094,44.56524032808918],[1.21289197939148,44.564959823567975],[1.212997311257025,44.564815651803904],[1.213185641726221,44.56463590360587],[1.213692965693647,44.56424700349185],[1.214122577292266,44.563885659552625],[1.214354033778171,44.563616559966],[1.214469048259341,44.56340500831244],[1.214583612590108,44.563247477470796],[1.214857917378933,44.56293764813176],[1.215373772006853,44.562397600084275],[1.215606461413756,44.562049276889475],[1.215893947612519,44.56128222023084],[1.216030081654188,44.56099987152959],[1.216102703669609,44.560893888986854],[1.216289375152333,44.56068619483941]]]}},{"type":"Feature","properties":{"CdOH":"05C0000002000886302","TopoOH":"","StatutOH":"Validé","SourceNomOH":""},"geometry":{"type":"MultiLineString","coordinates":[[[1.211401905262558,44.589324179448894],[1.211230852501766,44.58911520020999],[1.210824160994564,44.588866385707036],[1.210753166529648,44.58880040140877],[1.21070721546481,44.588699703943426],[1.21070577419527,44.58858622013659],[1.210727948829571,44.58848302408629],[1.210944148315777,44.58818216318951],[1.210969261985011,44.58798626531302],[1.210995474834457,44.58791465142179],[1.211034856672845,44.587864862280384],[1.211158589430471,44.587777718333456],[1.211744608753655,44.587536872241905],[1.212125871458,44.587235979549696],[1.212233888980586,44.58716749020421],[1.21234491457667,44.58712336236396],[1.213211166475177,44.58682671085269],[1.213428643750895,44.58680321364364],[1.213730280382857,44.586827901674035],[1.213883988071052,44.58682858587323],[1.213998020742523,44.58680881794187],[1.214125160450057,44.58677305316305],[1.214193790494538,44.58671473099297],[1.214219052595918,44.58663319582009],[1.214213826040818,44.58651965107939],[1.214124182729676,44.586167015522115],[1.214071645822502,44.58607521794259],[1.213750227473844,44.585799878029384],[1.213656786497464,44.58568670787441],[1.213393101415903,44.5851799771009],[1.213217902000219,44.58474401371894],[1.213063412384225,44.58441013906768],[1.212976186443777,44.58429977030515],[1.212690369306597,44.58409433993164],[1.212574060248,44.58394748119885],[1.212496644741673,44.583766133048655],[1.212461876857973,44.58359087781104],[1.212458597813235,44.58345575311597],[1.212478704736415,44.58333811591305],[1.212460394259405,44.5831604255657],[1.212397412688089,44.58304054340297],[1.212092990130594,44.58274656359167],[1.212045716325793,44.58256840442619],[1.212089694094109,44.58245295463461],[1.212208428500169,44.582324307070294],[1.212364946880862,44.58223589183006],[1.212649055950992,44.58213693417447],[1.21289374933009,44.58200942337651],[1.213136112046277,44.581796329066314],[1.213256809210812,44.581605579327736],[1.213430631409905,44.58124910053048],[1.213599301028051,44.58069713486565],[1.21371146978497,44.5805368630484],[1.213825016854557,44.5804126324684],[1.213902084124605,44.58036615336463],[1.214117929192444,44.58031381364424],[1.214415633540138,44.58030241768518],[1.214826088383968,44.5803909949704],[1.215308793047812,44.58054557227642],[1.215922965025041,44.58060682037942],[1.216195591127553,44.580551791744895],[1.216854211293148,44.58032289886974],[1.217227797462022,44.58022267270539],[1.217644746493129,44.580145656855095],[1.218563514080522,44.580056922917855],[1.218870306010844,44.579997035915696],[1.219020548856656,44.57994723082164],[1.219927129507553,44.579445871945076],[1.220453269110654,44.579102263953885],[1.220779712841917,44.57881847041066],[1.22145065164415,44.578157522110786],[1.221669079583978,44.5779827451639],[1.221972328573823,44.57779492561748],[1.222357887308049,44.577233833254155],[1.222561923516663,44.57699579001449],[1.222865775769514,44.57674854674954],[1.223244655250737,44.57647909731308],[1.2233837415032,44.57630304100592],[1.223425087793947,44.57619024653761],[1.223436934053385,44.57609408655998],[1.223395228081598,44.57569810855492],[1.223337429575446,44.57545315100648]]]}},{"type":"Feature","properties":{"CdOH":"05C0000002000886303","TopoOH":"","StatutOH":"Validé","SourceNomOH":""},"geometry":{"type":"MultiLineString","coordinates":[[[1.2,44.62538280235897],[1.200264454188581,44.6255194760576],[1.200554945903704,44.62558363752661],[1.200870318046359,44.62577697400916],[1.201101086318237,44.62589509228183],[1.201202223013831,44.62592645429614],[1.201489482487101,44.62597345126087],[1.202166750088686,44.6260087807273],[1.202768082651333,44.62609239882298],[1.202943978345377,44.62615198941016],[1.20330253299265,44.62621724993817],[1.20389432920969,44.626362841024594],[1.204233979532744,44.626507034924366],[1.204651112865788,44.62663357569913],[1.204754802825176,44.62662445361181],[1.205056621845197,44.62649157867861],[1.20542855912658,44.626255383811795],[1.205892123319662,44.62607200297281],[1.20617213961741,44.62599009945872],[1.206535018369726,44.62580057975598],[1.206704986380933,44.625769118231275],[1.206798076763584,44.62577603121506],[1.207151330637039,44.62569081073906],[1.207869469988436,44.625670036985376],[1.208442566015709,44.62576937527403],[1.208853744937942,44.62588499767458],[1.209041849194118,44.62595738317426],[1.209539428329305,44.6262112776719],[1.209690182480653,44.626268649234774],[1.209994221368093,44.62650229784943],[1.210169446510771,44.62666272122417],[1.210224935526778,44.626741962505186],[1.210432276789959,44.62696323845572],[1.210432511976945,44.627035281749684],[1.210365064001695,44.62713414471924],[1.210341438494783,44.627203100281406],[1.210352759445641,44.627283427484294],[1.210396217351821,44.62734446405018],[1.210603986550539,44.627512617480974],[1.211251141818364,44.628100306650886],[1.211374750029782,44.62817884848516],[1.212325798443571,44.6286480796912],[1.212464305465863,44.628734065138694],[1.212718634092401,44.62890566876831],[1.213287462560273,44.62933989603357],[1.213491461108442,44.62946836125272],[1.213943301086529,44.62981424719621],[1.2142682782853,44.6299851874818],[1.214774457318355,44.63008881434052],[1.21503007488322,44.630180289420565],[1.215913196355288,44.63056644751525],[1.216245873919497,44.63065376024641],[1.216546337968732,44.63080268637185],[1.216824437033755,44.63098096723434],[1.217010511069465,44.63107851994998],[1.217384360440463,44.63118000055207],[1.218198014659389,44.631291270070705],[1.218635155262159,44.631305518055996],[1.218901067709882,44.63127108090197],[1.219037193777396,44.631273273744604],[1.21951930285709,44.63138099334382],[1.219757381879947,44.63138932955218],[1.220525916344585,44.63157189471829],[1.220571813766665,44.63159604622289],[1.220569835589558,44.63169867054179],[1.220592391866627,44.63174315770552],[1.221029238825504,44.63192668403637],[1.221180140198365,44.63190029618859],[1.221658597679213,44.631724292480726],[1.221815050967086,44.63168178422018],[1.22211023711958,44.631638805231475],[1.22235680010252,44.63165807815121],[1.222882385222836,44.63198710251461],[1.223037691491528,44.63222102516666],[1.223161479258348,44.63233467562092],[1.223250063612395,44.63236491494549],[1.223303477563699,44.63251075252788],[1.223354982500674,44.63259712692575],[1.223453805326075,44.63266264979794],[1.223544072947886,44.632759552350336],[1.223688109244057,44.633031113680566],[1.22372307518917,44.6334422999373],[1.22383086217465,44.633583607838304],[1.223873120168361,44.63368334084326],[1.223922853393874,44.63386603922119],[1.223921363298182,44.63395336306044],[1.223950380168719,44.634033072509375],[1.224331183434971,44.63427511776076],[1.22452566448511,44.63442682213656],[1.224893259181978,44.63464794197866],[1.225068056666428,44.634784020996214],[1.225458798934018,44.634910958783344],[1.225844486780502,44.63491804857629],[1.225971090240237,44.63494259225246],[1.226120326745729,44.63504944369409],[1.226209724336759,44.63509410151014],[1.226398901029824,44.63513405636902],[1.226617623609702,44.635277140901586],[1.226702602758901,44.63530191661471],[1.226839659652907,44.63531492053052],[1.227450741852928,44.635293201282195],[1.22767512719593,44.63525627604566],[1.228349000998437,44.63508247470971],[1.228428413451597,44.63508374710568]]]}},{"type":"Feature","properties":{"CdOH":"05C0000002000886250","TopoOH":"Ruisseau de Niaudon","StatutOH":"Validé","SourceNomOH":"IGN;BDCarthage"},"geometry":{"type":"MultiLineString","coordinates":[[[1.208598336774868,44.54661615223209],[1.20908693568794,44.54617834932089],[1.209463171494604,44.54567028679775],[1.209690948876145,44.545078773976954],[1.209824360667514,44.544445209839125],[1.209752718605678,44.54372637842365],[1.20956695868689,44.54299308986702],[1.20929799064455,44.54250157650536],[1.209080891700957,44.542200901761326],[1.208745906815335,44.5419649480568],[1.208168903980578,44.54165843091082],[1.207589820454138,44.54137799033904],[1.207386066638664,44.54121259836803],[1.207241942855839,44.54095362579738],[1.207234681033498,44.53999271373685],[1.207319586105105,44.53973746071314],[1.207493350498871,44.53953857886768],[1.207845513668362,44.539272357226615],[1.208063428492464,44.538991348833505],[1.208250471248329,44.538453207263984],[1.208237164898773,44.5382774011751],[1.208207616158154,44.53813734992214],[1.20764090031812,44.53719076840401],[1.207601916891434,44.537070373977194],[1.207599996196114,44.53693257214754],[1.207564010117298,44.53663843729681],[1.207517620234166,44.53651342027962],[1.207463561519628,44.536233399332076],[1.207425608868109,44.53612022530494],[1.207250295564073,44.53577340180596],[1.207129494632994,44.535573338225085],[1.207038402866311,44.53519096348383],[1.206876273573977,44.53462734248766],[1.206769718898597,44.534494144096186],[1.206664393732335,44.53432224575662],[1.206616633244677,44.53408194715546],[1.206587478525283,44.533136890175086],[1.206480409038582,44.53274254963543],[1.206306054949218,44.53232640500396],[1.206038595822887,44.53182950635545],[1.205947318516976,44.53173077300925],[1.205866735824903,44.53149354257536],[1.205816006865934,44.53106950172749],[1.205760017432297,44.530890300478525],[1.205736111857385,44.530652190450404],[1.205632198259088,44.53039657142463],[1.205577668510719,44.530171470401314],[1.205429635312874,44.5298782150353],[1.205302106188098,44.529533966712],[1.205254984141712,44.52935310854603],[1.205046938183803,44.528849069748325],[1.20498317677098,44.52859770505494],[1.204900456535629,44.52846759396423],[1.204668022048761,44.528216186858195],[1.204614382121663,44.52812166651499],[1.204631314422183,44.527866211582975],[1.204783246443625,44.52696732377362],[1.204748451625642,44.52679477017342],[1.203756285048866,44.525695374391915],[1.203377116601854,44.525111107968954],[1.203272300854758,44.52504276761351],[1.202636286600409,44.52473796101588],[1.20202121259501,44.52436865884283],[1.201917631905452,44.52426161758409],[1.20155865735957,44.523953214071035],[1.201216719438576,44.5237423365653],[1.2,44.523249254197744]]]}},{"type":"Feature","properties":{"CdOH":"05C0000002000886288","TopoOH":"","StatutOH":"Validé","SourceNomOH":""},"geometry":{"type":"MultiLineString","coordinates":[[[1.252518324450344,44.596044131154116],[1.252168183474613,44.5961592563547],[1.25181210987813,44.59630310171991],[1.25085672550813,44.596834568905294],[1.249226671721995,44.597865908849435],[1.248575493400743,44.59834004424157],[1.248141300751834,44.59860420402021],[1.247685715356494,44.59882660113325],[1.247175003018107,44.598916652761176],[1.246837428648973,44.598950918305775],[1.246568719252804,44.59904030406805],[1.246134678096658,44.59913697039749],[1.246062846168739,44.59913673073487],[1.245958681379691,44.59912247067336],[1.245884049920918,44.59909066984349],[1.245597758114696,44.59889432370191],[1.245358161045758,44.59881758093622],[1.24500009719391,44.59861919304048],[1.244734355786936,44.59857264980218],[1.244432420354107,44.59847420382783],[1.244376881377545,44.59847692333433],[1.244282514791921,44.598512343459724],[1.24376290563714,44.59836181117794],[1.243598214149916,44.598550994677154],[1.243474199587073,44.598648075642046],[1.243212574791326,44.598590788463056],[1.243061298054911,44.59859198517655],[1.242983418765247,44.598624064455294],[1.24271562396301,44.59880530393453],[1.242535761551173,44.59887448146562],[1.242443433586038,44.59896576195634],[1.242362166914667,44.59898518028129],[1.242302121350103,44.598970718038274],[1.242228529888635,44.598905613655454],[1.242196817557558,44.59883127020079],[1.242211826710277,44.59875406807186],[1.24197558062821,44.59844865044122]]]}},{"type":"Feature","properties":{"CdOH":"05C0000002000886287","TopoOH":"","StatutOH":"Validé","SourceNomOH":""},"geometry":{"type":"MultiLineString","coordinates":[[[1.250557468538174,44.60867827811328],[1.249423448432242,44.60829742927215],[1.249095606593125,44.60813825429739],[1.248825217402751,44.60795567581312],[1.248748744636927,44.60777977151686],[1.248743167143883,44.60767522780586],[1.248680074387712,44.60743380067671],[1.248563814861692,44.607199635256045],[1.248472893936461,44.60696136892101],[1.248287029016115,44.606614440932105],[1.24821277010401,44.60640795518712],[1.248124899187106,44.60607158499684],[1.247928878228745,44.605767718323236],[1.247829985336667,44.60558335371419],[1.24759791306887,44.60542569252141],[1.247072125755393,44.605187732346046],[1.246449388628531,44.604824866023215],[1.246226757923686,44.60464754121901],[1.245315307712161,44.60400363992137],[1.245189969368103,44.60394041731733],[1.244661856430096,44.603575441310696],[1.244309841568435,44.603303308250936],[1.24386440841296,44.6030359928691],[1.243570770466937,44.60279179937753],[1.243078236823375,44.60233733348252],[1.243008449310174,44.60223086817572],[1.242472639555465,44.601871161960254],[1.242345581825109,44.601661131047585],[1.24231154457574,44.60158044725738],[1.242301080783027,44.601471323175495],[1.242299643579415,44.60066807550461],[1.242371827758012,44.600414388942525],[1.242371000171872,44.6001982615502],[1.242437299851765,44.59952666066925],[1.242403361527114,44.59920014869349],[1.242329582633759,44.598979259132804]]]}},{"type":"Feature","properties":{"CdOH":"05C0000002000886306","TopoOH":"","StatutOH":"Validé","SourceNomOH":""},"geometry":{"type":"MultiLineString","coordinates":[[[1.253452879747142,44.52299932326468],[1.253257574495711,44.52296561696055],[1.252586076882132,44.52278300125333],[1.252245840704498,44.52267406210258],[1.251776077325387,44.522480229073174],[1.251380396067108,44.52225155010619],[1.251017028044922,44.521954948009544],[1.250624750636845,44.52157594592227],[1.250412686983445,44.52131145494165],[1.250118676364472,44.52088898672926],[1.249933013384672,44.52070685393864],[1.249836536990352,44.520652197628145],[1.249488018053257,44.520567430430596],[1.248979403743816,44.52049092721327],[1.2486087181491,44.520390497905616],[1.247813979752064,44.52004381647658],[1.247607588405761,44.51996220038211],[1.247392895961617,44.51990476407147],[1.246940283696705,44.51984895056282],[1.246314439130155,44.519819196538776],[1.245761891813676,44.51982031889766],[1.245052156362694,44.51985765791176],[1.244469332354926,44.519942033755484],[1.243887319268835,44.51995978645308],[1.243291278937198,44.519821535603285],[1.242785479607543,44.519655003822244],[1.242475665592439,44.51958073549694],[1.242241102428368,44.51955538864978],[1.242014815408437,44.51950676154642],[1.241289842527993,44.51922507555014],[1.241090821439333,44.51906882751633],[1.240982431586029,44.5188717029036],[1.240548735207888,44.5184514837413],[1.240120962483723,44.518124103283306],[1.239740289672039,44.517860503731214],[1.239499354921519,44.51763605067674],[1.239387298596785,44.51755682443899],[1.239174793065426,44.51734903229521],[1.239061507931518,44.5172688856649],[1.238858674927849,44.51707385350765],[1.238734182084425,44.516989925868735],[1.238509130359359,44.51678103171515],[1.238354605480575,44.51657056175305],[1.238199613480265,44.516092651649025],[1.238185147246611,44.515991570723045],[1.2381371399245,44.51587644755299],[1.237951638876967,44.51573121498108],[1.237723506561021,44.515621319063676],[1.237298152838949,44.51525794825053],[1.237171381337303,44.51512625877895],[1.237131838605284,44.515062595814555],[1.237121479042303,44.51499129508141],[1.237201892396328,44.51483410134429],[1.237283165642029,44.51452834777353],[1.237281941839156,44.51448690772516],[1.237209467156389,44.514268742501066],[1.237135329918426,44.514144197007965],[1.237096811178745,44.513967094277795],[1.236930023927602,44.51378704158674],[1.236881740138634,44.51368091794314],[1.236873572152449,44.513539417502045],[1.23694793500455,44.51309218402959],[1.236934195889963,44.51300822309539],[1.236871022113373,44.51285503839787],[1.236697949928133,44.512674884945106],[1.236676805036501,44.51258630340678],[1.236786473075545,44.512298112741306],[1.23679696924234,44.512203733764984]]]}},{"type":"Feature","properties":{"CdOH":"05C0000002000886309","TopoOH":"","StatutOH":"Validé","SourceNomOH":""},"geometry":{"type":"MultiLineString","coordinates":[[[1.246239843126918,44.53746320311563],[1.245766564096676,44.53677133916126],[1.245462245611348,44.53627395522783],[1.244991932150638,44.534596140830764],[1.244686233430219,44.534143755523786],[1.244188720775852,44.53386840847112],[1.242816123255557,44.533315298953674],[1.242177706261299,44.532997179044244],[1.241884019431875,44.532766488100904],[1.24161043867855,44.53253701712879],[1.241086882583738,44.53172457196859],[1.240848517716641,44.531092258216994],[1.240665770562261,44.53077598840594],[1.239971581520348,44.53022915230272],[1.239038008095149,44.52977033852858],[1.238559511027382,44.52977530921562],[1.237466432004617,44.52982989470457],[1.236920883132904,44.530047194501336],[1.236222091931819,44.53021341847134],[1.236025604294373,44.52997526035292],[1.235799245673597,44.529806859643244],[1.235570575507886,44.52975277888139],[1.23533797599444,44.529784177740424]]]}},{"type":"Feature","properties":{"CdOH":"05C0000002000886335","TopoOH":"Ruisseau de l'Herm","StatutOH":"Validé","SourceNomOH":"IGN"},"geometry":{"type":"MultiLineString","coordinates":[[[1.248779553467537,44.5804410262287],[1.248733544289494,44.579893713306305],[1.248517630075552,44.57958413127583],[1.248252377165707,44.57915940711838],[1.248040164141838,44.57889310526089],[1.247940007934561,44.5788320859006],[1.247674714572358,44.57861176567154],[1.24760161862908,44.578531365000025],[1.247362487629612,44.57815837970725],[1.24731133235206,44.57810173909844],[1.24700762446676,44.57790151843717],[1.246726582560335,44.57758009368951],[1.246631297723081,44.57744351123845],[1.246479515754361,44.577300629036955],[1.246401106000693,44.57718862687249],[1.246382636535466,44.57713430566189],[1.24640395768886,44.5770157825644],[1.246389095769738,44.57680483746087],[1.246392337269968,44.57649782987885],[1.246346389138715,44.57643586869172],[1.245922816668044,44.57616080413467],[1.245488559210097,44.57582433648526],[1.245283618454254,44.57568961288129],[1.245175832068623,44.57559065015617],[1.245032397636979,44.57542268549765],[1.244938492146595,44.575242000651365],[1.244864761129738,44.57514177779897],[1.244682573555051,44.57500471320345],[1.244245169032067,44.5747294222563],[1.244179217972854,44.574662639856086],[1.243782011334197,44.57402689909362],[1.243680474571898,44.57380827226565],[1.243590076252478,44.573555604767975],[1.243587898374035,44.5734232016388],[1.24362686171791,44.57302131299375],[1.243740013997995,44.57221899648037],[1.243754017345664,44.571809507398704],[1.2436906485533,44.571619402040206],[1.243611889483943,44.57147857749818],[1.243570232867429,44.571319433173485],[1.243613963746836,44.570561937058514],[1.243553690563236,44.56913914486864],[1.243605777996291,44.56859879420713],[1.243728621838177,44.56805146469261],[1.243859041693712,44.56762491780928],[1.243902359433704,44.56736627306324],[1.244127762371292,44.566882706193795],[1.244227146898781,44.56656282085706],[1.244358255124706,44.56631637732344],[1.244386178466379,44.56622857583358],[1.244386068177191,44.56615113425449],[1.244326619634954,44.56599711047174],[1.244342456169202,44.56593342935676],[1.244335463131415,44.56587478809098],[1.244307766577112,44.56583382694963],[1.244028919411478,44.56576816209054],[1.243974196666597,44.565745680860765],[1.243936316653487,44.56570815955049],[1.243907530712968,44.56562125736962],[1.243907198244898,44.565510495135925],[1.24394242948596,44.56522831000439],[1.243914850291582,44.565021665474376],[1.243859657150262,44.564852401272404],[1.243796265264556,44.56474423813161],[1.243663352804613,44.56460345313893],[1.243340177255885,44.56434348198025],[1.243232724091746,44.564234617627505],[1.243042300887235,44.56395874805279],[1.242962409135005,44.56377378260384],[1.24282490335419,44.563254729265104],[1.242558588739127,44.562422966519804],[1.242167210609683,44.56103722944894],[1.242093197226378,44.560906384758006],[1.242024614609064,44.56072249923574],[1.241812633964798,44.56012842152467],[1.241640267558317,44.55955658535941],[1.241525618961404,44.55931523697075],[1.241524857096709,44.55901627170795],[1.241706423077452,44.55714980634965],[1.241799756221437,44.556498458792476],[1.241803212335541,44.55626619510817],[1.241771916975885,44.556179252619536],[1.241396814927207,44.555687931139076],[1.241225254551451,44.555414160138795],[1.241122355832504,44.555281053922705],[1.241074785853403,44.555150629925144],[1.241224195228345,44.55500353357264],[1.241191627250188,44.55475538837779],[1.240635025731187,44.55370378863499],[1.240522470040007,44.553072573992665],[1.240473756829763,44.552938529747955],[1.240316997302689,44.55275593968218],[1.240022489745062,44.55250812161211],[1.239313015503068,44.5519988562359],[1.239113234047441,44.55190382335752],[1.238519492781091,44.55180250559012],[1.237784238929149,44.55159537322453],[1.237524855235613,44.55151379346463],[1.237446499054941,44.55140178612278],[1.236619334720074,44.55143630269163],[1.236293287980096,44.55143289574235],[1.236044960640084,44.551319972991266],[1.235816385860476,44.551179451039665],[1.235432872251125,44.551121095679136],[1.234973490327852,44.550992190735506],[1.234496083277755,44.550795461125645],[1.233486423847902,44.55030386840994],[1.232728607572047,44.549732555038425],[1.23265986292398,44.54971614680055],[1.232558394271441,44.54957855302023],[1.231722526116215,44.54904740422672],[1.230921540217702,44.54844837296049]]]}},{"type":"Feature","properties":{"CdOH":"05C0000002000886330","TopoOH":"le Rieutord","StatutOH":"Validé","SourceNomOH":"IGN;BDCarthage"},"geometry":{"type":"MultiLineString","coordinates":[[[1.238629738844203,44.62156562782594],[1.239120904955649,44.62166440175009],[1.239667966304373,44.62207292969015],[1.239897789209708,44.62222336813663],[1.240381952447972,44.62242558055011],[1.240650575714348,44.62278734833219],[1.240885497941349,44.62297658666283],[1.240943852539873,44.62308647384793],[1.2410249232789,44.62315530017287],[1.241375383895846,44.62356159155359],[1.241428308962006,44.62364347709001],[1.241484169912392,44.62379294564016],[1.241455059655513,44.62395817172716],[1.241195056845747,44.62424939440808],[1.241136431943125,44.62435021646374],[1.241074546553553,44.62459596468192],[1.24101597396283,44.62473550838157],[1.240816638186202,44.624900727223334],[1.240393245816478,44.625093896684646],[1.240176318937601,44.62525703347936],[1.240132088263772,44.625340975001286],[1.240041487328519,44.62561778268922],[1.239841338250912,44.62601080984901],[1.239686934601988,44.626554045816114],[1.239626787087364,44.62670346924217],[1.239556223651181,44.626823010748],[1.239509939219049,44.626972654888746],[1.239388227842863,44.627397547130634],[1.239371764854412,44.6276016953519],[1.239331476368264,44.6277208184295],[1.239197687256564,44.62792670004996],[1.23909642312918,44.62830239108525],[1.239020416804089,44.62847497440003],[1.238883556123423,44.62857725083373],[1.238674739459597,44.628924213722485],[1.238476322868785,44.62918039280462],[1.238366743244031,44.62925698920516],[1.23798547077324,44.62939228987679],[1.237873211552798,44.62939320216456],[1.237402844135536,44.62931276477668],[1.237245464322433,44.62930485268521],[1.236983803858953,44.62932499360073],[1.236840816893288,44.62934072312521],[1.236375087282273,44.629515193336765],[1.2360079611316,44.62960118613013],[1.235638890311973,44.62974928036803],[1.235525749880869,44.62981861331902],[1.235380288366696,44.630034209874296],[1.235254697203291,44.630178984864465],[1.235078640134353,44.630284233131704],[1.233755468827612,44.630898847983765],[1.232632997478085,44.631345563032504],[1.232497284591656,44.63137040822623],[1.23216705101941,44.631365128458924],[1.231916536505157,44.631230551592196],[1.231732721251844,44.631180786448304],[1.231292361776415,44.63114852899046],[1.230951085932984,44.631173685573096],[1.230757054026216,44.63120840136251],[1.230543900230574,44.631209492660865],[1.230396764574234,44.63131699754746],[1.230291561722745,44.63141436757368],[1.230113474215264,44.63162403255057],[1.229969976684364,44.63173609760702],[1.229523541895549,44.631977484963045],[1.228982169151176,44.63214981312296]]]}},{"type":"Feature","properties":{"CdOH":"05C0000002000886286","TopoOH":"","StatutOH":"Validé","SourceNomOH":""},"geometry":{"type":"MultiLineString","coordinates":[[[1.2192897452767,44.57113774177308],[1.219796112674998,44.570060837134974],[1.22002549997877,44.56953775895898],[1.220308211954019,44.56876160717792],[1.220441996575204,44.568154144720346],[1.220481330090324,44.567785585864996],[1.220332631106086,44.56714835864777],[1.220168243892381,44.566689171455124],[1.220134170439648,44.56581246568462],[1.220159394218615,44.565092496998865],[1.220269349607678,44.56464133326414],[1.219746453028603,44.56448702921568],[1.219710019233116,44.564444119846165],[1.219916732334423,44.56384053621722],[1.220313905788242,44.562788887488956],[1.220594931367133,44.56194517546604],[1.220814086707739,44.561505676622325],[1.22089378183,44.56113506762091],[1.220954780978268,44.56071823361227],[1.221094752713333,44.56023333594231],[1.221244210194923,44.55960721777212],[1.221156445997152,44.559434715355586],[1.221074178240514,44.559167752440096],[1.221009134473072,44.55911357704569],[1.221060727245353,44.558835263641136],[1.221040770157764,44.5586692563245],[1.220996793205621,44.55854608441525],[1.220858952464819,44.55832414983328],[1.220711308315062,44.558133573430474],[1.220403569273389,44.55782785852267],[1.220305105628051,44.55763537277722],[1.220310734282308,44.557496791721846],[1.220390904186772,44.557310786894604],[1.220443610223354,44.55723689765679],[1.221126834081893,44.556497818686715],[1.221207067478038,44.556349633978186],[1.221479204034289,44.55610638969214],[1.221737543368926,44.555741359813986],[1.221905318768795,44.555612593811986],[1.222005955195036,44.555496253458095],[1.222152125087107,44.5550537774847],[1.22222256097146,44.55477666801499],[1.222233457848327,44.55467058864905]]]}},{"type":"Feature","properties":{"CdOH":"05C0000002000886313","TopoOH":"","StatutOH":"Validé","SourceNomOH":""},"geometry":{"type":"MultiLineString","coordinates":[[[1.225976031032787,44.682554837364734],[1.226433583323128,44.68225419764453],[1.227437980312703,44.68186326106881],[1.228626101175797,44.68156981008576],[1.229221442226803,44.68158294046535],[1.230390309120784,44.681419736240926],[1.230925557275593,44.68137696554506],[1.231650903248238,44.68134983734768],[1.23208997087221,44.6812749067877],[1.232744536217052,44.681210620358115],[1.232774841627389,44.68121020383765],[1.232902456626246,44.68132660611288],[1.233010093966134,44.68139586290067],[1.23329678589339,44.68135001205952],[1.234105188304465,44.681089161702474],[1.234454709148292,44.68101189230785],[1.234688602729422,44.68099941473016],[1.23510588645332,44.68089440811434],[1.235403801635186,44.68077218791235],[1.235821364242456,44.68065817804822],[1.236417289123171,44.680652368538766]]]}},{"type":"Feature","properties":{"CdOH":"05C0000002000886289","TopoOH":"","StatutOH":"Validé","SourceNomOH":""},"geometry":{"type":"MultiLineString","coordinates":[[[1.235755782223431,44.635000095913234],[1.235538995781212,44.63471388283215],[1.235373076248607,44.634293407687295],[1.235188229454942,44.633994196321055],[1.234914973831728,44.633739498301104],[1.234803940970469,44.63358014003187],[1.234709645766216,44.63349038658397],[1.234273423028349,44.63312412566502],[1.234119827378027,44.63291456003685],[1.233963788189205,44.632742775724786],[1.233884770656279,44.63260824110932],[1.233856135236604,44.632515933764566],[1.233845794856943,44.63240320740278],[1.233741453501014,44.632151204539056],[1.233695113254119,44.63193974972917],[1.233438811309429,44.63146649994616],[1.233242370245373,44.63137691407789],[1.232779950472709,44.63128397727276]]]}},{"type":"Feature","properties":{"CdOH":"05C0000002000886307","TopoOH":"","StatutOH":"Validé","SourceNomOH":""},"geometry":{"type":"MultiLineString","coordinates":[[[1.268507738623501,44.51629687321207],[1.268629344507965,44.51680482779074],[1.26880615084205,44.51715427071308],[1.269556457480119,44.51805027043679],[1.270382285487073,44.51874124827961],[1.270567007615297,44.51887380669844],[1.271249012164188,44.51920685040798],[1.271714876047723,44.51940594122395],[1.271828578448578,44.51943293425639],[1.272855427458847,44.519560665286555],[1.274491428349714,44.519894209065406],[1.275214487641181,44.519873097177005],[1.275511048753541,44.51980569703041],[1.275670271911112,44.51974335363961],[1.276466106845773,44.51923443313356],[1.276680270228933,44.519145032878214],[1.276984840145027,44.519062446518156],[1.277387981371272,44.51909035104745],[1.277977184948053,44.519166179669796],[1.278679175661199,44.51946437160811],[1.278765892157305,44.51946842556218]]]}},{"type":"Feature","properties":{"CdOH":"05C0000002000886369","TopoOH":"Ruisseau des Fages","StatutOH":"Validé","SourceNomOH":"IGN;BDCarthage"},"geometry":{"type":"MultiLineString","coordinates":[[[1.253342763053402,44.49945376862172],[1.253247898554437,44.5003247889481],[1.253243040615407,44.50056332761222],[1.253182083744956,44.500703730862256],[1.252963985708428,44.50079932504114],[1.252762032825007,44.50106445658994],[1.252517113947007,44.501457669666664],[1.252438252317335,44.5016887330955],[1.252220553286422,44.50189328511975],[1.251871764228126,44.50239020247273],[1.251806801030637,44.50274124401892],[1.251779095457023,44.50314870315629],[1.251832005471396,44.5034718982908],[1.251944960638563,44.503684390611646],[1.252137595470534,44.50392425796838],[1.252347782707778,44.50416620392482],[1.252659572305938,44.50429630362065],[1.252833866450364,44.50443773152329],[1.252969147640374,44.504579441781736],[1.252980385483619,44.505029838702576],[1.25285610177396,44.50522416600619],[1.252454332818772,44.50568422956712],[1.251210444738321,44.50704939405266],[1.251166092324854,44.50734403509004],[1.251087403607783,44.5083413751916],[1.250919041385227,44.50894290135961],[1.250738653784478,44.50981076716362],[1.249863720160539,44.511975959108504]]]}},{"type":"Feature","properties":{"CdOH":"05C0000002000886324","TopoOH":"Ruisseau de Luziers","StatutOH":"Validé","SourceNomOH":"IGN;BDCarthage"},"geometry":{"type":"MultiLineString","coordinates":[[[1.229464516279873,44.66349029398287],[1.229862067497609,44.6639694192501],[1.230064074414494,44.66408611460113],[1.23091935018415,44.6648165942067],[1.230993721133845,44.66485920654603],[1.230930528517137,44.66526432218937],[1.230885168187703,44.665422985590304],[1.230864897376275,44.6656666973719],[1.230881582731959,44.66573810383241],[1.230872553049458,44.66586493017769],[1.230894710984216,44.666123728531005],[1.230920408954014,44.66635016544191],[1.23110156906966,44.667251763242675],[1.231261414478751,44.667787416232514],[1.231987601417277,44.66889403461441],[1.232232870779657,44.66916090063902],[1.23259394521664,44.66935667545883],[1.232736150444262,44.66940937524466],[1.233048095624619,44.66972323008842],[1.233803578574119,44.67042057557692],[1.233682250202264,44.67050688789828],[1.233394834211972,44.67065808592251],[1.233359875591062,44.670686343804306],[1.233344759264937,44.67072572455089],[1.23335105705076,44.67076634773819],[1.233517505108553,44.67085095117906],[1.233578869092669,44.6709464837094],[1.233585976859066,44.67100152786038],[1.23354245607025,44.67122235671638],[1.233587347195039,44.67127980512007],[1.233609356582913,44.6713828138419],[1.23355222410725,44.67207799055448],[1.233565666941308,44.67213223536837],[1.233665344025834,44.67225359364369],[1.233693231455381,44.672531393852104],[1.23366977277365,44.67291733529398],[1.233640944295101,44.67311228431576],[1.233552672732575,44.67339183217916],[1.233502615091871,44.67349909342186],[1.233439020787665,44.67359533247563],[1.233086563743182,44.6739688166252],[1.23304126794849,44.67408515878793],[1.233037079532616,44.67413822163595],[1.233186133159428,44.67433511074757],[1.233406318751791,44.674718639232914],[1.233494148058352,44.67481549493671],[1.233784968448399,44.67483814770446],[1.2339476251016,44.67488306772659],[1.234117503659326,44.6749794314947],[1.234295894248656,44.67512635905704],[1.23460521134228,44.67532400258315],[1.234833512512926,44.67540869030253],[1.235166630914598,44.67561211495116],[1.235425278320186,44.67577562928927],[1.235682799635013,44.67597514521097],[1.23579703335396,44.676115644251965],[1.235944523451855,44.676362932852285],[1.235992627975129,44.67651948696177],[1.235999675551281,44.676616853756336],[1.235941156468277,44.67687346499992],[1.235944870612833,44.67695637060013],[1.235983278576388,44.677100163091765],[1.236025105446751,44.677416906908455],[1.236119844659973,44.677817340630234],[1.236127197897513,44.678267710115264],[1.236096091308027,44.67837437430338],[1.236041333202995,44.67843023319069],[1.23557392606964,44.678806396158784],[1.235458403256183,44.67894863482639],[1.235446055656108,44.67902047832673],[1.235454061232079,44.679087243361856],[1.235565974451734,44.67938259258777],[1.235683245015231,44.67966812157638],[1.235790325897978,44.67987604454446],[1.23592254612506,44.67996640199823],[1.236417289123171,44.680652368538766],[1.2369158438787,44.680692731256606],[1.237341179628823,44.68069320371608],[1.237620227472388,44.6807300665022],[1.2382272199915,44.680773951276166],[1.238449443133956,44.68081170824802],[1.239211555992831,44.68106157091364],[1.240194098472284,44.68144730814993],[1.241026984339072,44.68173520427589],[1.242120742878573,44.6820362434572],[1.242309133530292,44.68210677378795],[1.242507306121314,44.682227887390184],[1.242806381687527,44.68227045804855],[1.243020595127584,44.68232248660056],[1.243431874003438,44.68220744774733],[1.243619989008956,44.682205931117124],[1.243950244561547,44.68209860939383],[1.245009576523286,44.68180384048467],[1.245403605979922,44.681756058640595],[1.245571646518254,44.68179114105807],[1.246054264912021,44.681695233709526],[1.246131359253137,44.68157038517715],[1.246238927315834,44.681480238683825],[1.246501525191242,44.68131600605072],[1.246660339603822,44.68124197976399],[1.246864066187231,44.681225396482304],[1.246901520627476,44.68123859689861],[1.246923809390915,44.68129298017744],[1.246978673566065,44.681314560900354],[1.247048787441683,44.68129225852803],[1.247196583183055,44.68120725090287],[1.247474909169508,44.6811864450983],[1.247726547887897,44.68121204214538],[1.247769916718665,44.681197420336744],[1.247814405471066,44.68114679613982],[1.247844850725593,44.681141875196545],[1.248022845169926,44.681222136627156],[1.248143506511933,44.68123845494938],[1.248320010265194,44.68120432847341],[1.24849556222231,44.68120080373814],[1.248739179834724,44.68115963433882],[1.248960289889004,44.68119284994849],[1.249166935581774,44.68124474680742],[1.249339961787338,44.68120065816786],[1.251102713589778,44.681176302457764],[1.2512274957195,44.68118187651056],[1.251515669628736,44.68125036586795],[1.251615891342544,44.68123393936432],[1.251965133066014,44.681124192567715],[1.252116407797084,44.68113018411096],[1.253851722739561,44.68138000413593],[1.25449998877933,44.681518102740625],[1.255159033486042,44.68171580052231],[1.255266085570029,44.68180483702234],[1.255646341691279,44.68191619034296],[1.255850437780526,44.68192841237049],[1.25649969440881,44.68191252910648],[1.256687995076195,44.6818641671793],[1.256818338630946,44.681771667948986],[1.257008332458198,44.68150541105394],[1.25713200769297,44.68130204491401],[1.257953845392177,44.680684635748804],[1.258464919994952,44.680483764311106],[1.258539156165689,44.68049123612121],[1.258798830987132,44.6807060393532],[1.258856500453138,44.680718653265],[1.258877028639326,44.68074869275358],[1.259013740254963,44.680817480707965],[1.25945773654848,44.681112625114245],[1.259641574906645,44.681290213480615],[1.259754152249891,44.68136402392898],[1.259855170894667,44.6814034335096],[1.260113457648042,44.681418300838196],[1.260361280010147,44.68140418706948],[1.260506432395321,44.68136324489832],[1.260755149701221,44.68123838289513],[1.260860665046758,44.681213926769736],[1.261242972986723,44.68121813355978],[1.261999059480086,44.68129844913968],[1.262067862154505,44.68131844020968],[1.262417705018655,44.68159768575628],[1.262625138709832,44.6817063010903],[1.262883619042957,44.681796806879646],[1.263556605259522,44.68182988171328],[1.263685037742769,44.68175805606065],[1.263768634426365,44.68174856172361],[1.264046817108401,44.68181415992493],[1.264202446914362,44.68192466107283],[1.264439482789878,44.6821787175759],[1.264699437451699,44.68238540652321],[1.265026716210638,44.68270121024244],[1.265271631712092,44.68269964681076],[1.265978222115768,44.682748541988396],[1.266081007928976,44.6827717645162],[1.266390337723811,44.68289187466969],[1.266552366208773,44.68299977118351],[1.266761059392345,44.683067875913544],[1.267978185586108,44.68305631541046],[1.268725475117264,44.68313644687232],[1.269115449296718,44.68313804469981],[1.269326064914513,44.683102617353526],[1.27003029394739,44.68285878786904],[1.270249518005335,44.68283069734957],[1.270469257231321,44.68282692788301],[1.270617628410234,44.68284545562463],[1.27079371775244,44.68290673967261],[1.270904314714046,44.6829633981479],[1.271018678398831,44.682979592978405],[1.271257287122116,44.68310128588577],[1.27149495704412,44.68313021237818],[1.271702745293942,44.68322800996901],[1.27189327569011,44.68323008495424],[1.272145522941372,44.68319530237462],[1.272249002342196,44.68319601752606],[1.272393802800832,44.683248706007184],[1.272471691259036,44.68326072789685],[1.272883030959206,44.6832653474551],[1.273116614029589,44.683304112126315],[1.27377583499353,44.68345757623612],[1.274184935394239,44.683576519093386],[1.274662958882292,44.683876634356814],[1.275324058439649,44.68438131212227],[1.275474141255076,44.68455024291396],[1.27548213390137,44.684660228078],[1.275548906232094,44.68474681578121],[1.275591085627739,44.68477088595267],[1.275622158266315,44.6847866785728],[1.275966476917816,44.68479564514515],[1.276025085461992,44.68481907059557],[1.27655461311107,44.68488044771647],[1.276935863287596,44.68500254847768],[1.277158885497178,44.685139294181724],[1.278044391781974,44.68606708005109],[1.278227860637218,44.68630046175077],[1.278262904510003,44.686392857619104],[1.278253711049552,44.68644584389901],[1.278182663521941,44.686540191205644],[1.278155228520183,44.68661180410793],[1.27816991630086,44.686750709141634],[1.278248859893414,44.686976161067584],[1.278269962555893,44.687152986774116],[1.278196067077985,44.687753369203385],[1.278197304532675,44.68800192569562],[1.278230914562514,44.688182548047465],[1.278306036049184,44.68824405003451],[1.278394902991835,44.68826884540159],[1.27883614850942,44.688287414931956],[1.278926002427741,44.68832123018976],[1.278949655191596,44.68853861784804],[1.278964572427649,44.68858747667477],[1.279009169605144,44.688615185097696],[1.279539722969949,44.68868556834037]]]}},{"type":"Feature","properties":{"CdOH":"05C0000002000885211","TopoOH":"Ruisseau de Rivalès","StatutOH":"Validé","SourceNomOH":"IGN;BDCarthage"},"geometry":{"type":"MultiLineString","coordinates":[[[1.360758080810701,44.62308298780707],[1.361409238424426,44.623150270488146],[1.361691727424209,44.62314815407527],[1.361950197549915,44.62319160423798],[1.362296543521102,44.62320483972596],[1.362842002062496,44.62330836711595],[1.36308264065537,44.62331463190124],[1.363339683061985,44.62327701674984],[1.363763939870713,44.62334272695258],[1.363864457059288,44.62339824191555],[1.363919211825803,44.6234665863498],[1.363947134717358,44.62354714003069],[1.363949584441822,44.623766887166205],[1.363977240461305,44.623987007346834],[1.364067115576096,44.624148618266766],[1.364222430379743,44.624358021055436],[1.364252117546077,44.62446471396402],[1.364222668573408,44.62469749599191],[1.364232876462334,44.62482371069719],[1.364300147755411,44.62515607341624],[1.364402121022656,44.625422315866174],[1.364354080232077,44.62564401749445],[1.364351450049444,44.62577814638463],[1.364385840196111,44.62589661479848],[1.364529262309544,44.62608152897287],[1.364676637642979,44.626347542403586],[1.364710160034913,44.626452491063326],[1.364714034064462,44.626536290704266],[1.364778871841072,44.62673534989603],[1.364789834353306,44.626966028611456],[1.364768560440619,44.6270908772567],[1.364730502512847,44.627185762619845],[1.364534585253329,44.627462906281195],[1.364262890763074,44.62761376518227],[1.363878366391478,44.62778546515902],[1.363832476262297,44.62784601703539],[1.363835219282667,44.627925297752704],[1.363799575545459,44.62802382040956],[1.363795885894658,44.62810750821429],[1.364005977926793,44.628602266266554],[1.364095115560949,44.62870263541122],[1.364279948066047,44.6288512440373],[1.364318401456172,44.6289166457874],[1.364499218977103,44.6290732987465],[1.364585941809402,44.62917002994337],[1.364652680781484,44.62926016229102],[1.364693767465902,44.62936522293544],[1.364762401165897,44.629476994193205],[1.364860860591058,44.62956039191645],[1.364913101668692,44.62962869874014],[1.364942341680493,44.62970747086295],[1.364973994654042,44.629920446660925],[1.365036230480867,44.63007894687478],[1.365257735250031,44.63026771621603],[1.365412124026388,44.63046629834796],[1.365405576433863,44.63056164993506],[1.365267165401421,44.630725287557674],[1.365238294517161,44.630807702694376],[1.365258216436143,44.63090344565602],[1.365497622475864,44.63117081892628],[1.365533304892064,44.63128840579451],[1.365601551192133,44.631413677680136],[1.365640170381447,44.63164746686015],[1.365761147363864,44.63191128799741],[1.365823853973042,44.63231471908201],[1.365842306608593,44.632548210188304],[1.365898540426572,44.632739938205724],[1.365892123841108,44.63283078954768],[1.365913855976718,44.632907649591466],[1.365967839805487,44.633002995413676],[1.366018928071362,44.63319824917634],[1.36599421915875,44.633485129916785],[1.365969946528983,44.63358292106763],[1.365916994675376,44.633669482887726],[1.365688646241831,44.63432524292897],[1.365608402704449,44.634526659851524],[1.365364231636331,44.63485802075952],[1.365345678145133,44.634932484489426],[1.365353752973195,44.63500193913495],[1.365081376880922,44.63565344571696],[1.365062595386998,44.63577923218927],[1.365080597997891,44.63585423642289],[1.365216286127051,44.635958894857325],[1.365233080619658,44.63603208028907],[1.365224443927392,44.636199437879405],[1.365157193527346,44.636387539899985],[1.365139273370904,44.63648362402178],[1.365095402727281,44.636561315284126],[1.364797879524194,44.63673160485945],[1.364722780412362,44.63679892912928],[1.364651809631097,44.636897830469366],[1.364623986396018,44.63698746486825],[1.364485780491046,44.63723034561582],[1.364468727817089,44.63733994939823],[1.364352864959212,44.6375516444349],[1.364343890959914,44.637600136488594],[1.364425387186854,44.63761664975876],[1.364489137469636,44.63767972437308],[1.36448856295396,44.6376995259782],[1.364458811352277,44.63772519924509],[1.364442724736859,44.63780150034352],[1.364477984192208,44.63789026687126],[1.364422473759927,44.638108257435164],[1.364423489607018,44.638377509826505],[1.364435979568181,44.63846864097322],[1.364581924494989,44.638785059913396],[1.364903899838686,44.63916351203592],[1.364991489346628,44.639317885285266],[1.365011231106065,44.639419929122326],[1.365000034743681,44.63967549414227],[1.365054202841023,44.639895106766645],[1.365291729993854,44.64031553126681],[1.365596785515821,44.64101699643155],[1.365725721891007,44.641180984829816],[1.365843452919392,44.641252960556095],[1.36617556421517,44.641369524886606],[1.366447875928831,44.64150411452344],[1.366496608714935,44.64156336429736],[1.366594726816111,44.64178992863252],[1.366605899408277,44.641839618965484],[1.366596535424775,44.641901612405874],[1.366551114938764,44.64198918661096],[1.366254198301224,44.64296450145049],[1.366175195990802,44.643253282634866],[1.366138832908614,44.6434634532245],[1.366113597325416,44.64389890346156],[1.366104713958779,44.644683974309054],[1.366055982858617,44.64519021407272],[1.366075431143601,44.64552007031746],[1.366125175275737,44.645631562013776],[1.366761942354086,44.646335223533335],[1.366904381069378,44.646556139150064],[1.366973805407818,44.64668502985101],[1.367312673969101,44.64752746251088],[1.367383095168743,44.647883284116055],[1.367343100052586,44.6481753438929],[1.367280520828289,44.648376123605736],[1.367233965703251,44.648459179308475],[1.367084794111467,44.6486010509494],[1.366644526783209,44.64890701028409],[1.366595605050821,44.64898462802883],[1.366461265063606,44.64935453501783],[1.366408664396366,44.64942849651405],[1.365959603322177,44.64981986747242],[1.365636993569954,44.65006993175694],[1.365145928115212,44.650517408154336],[1.364921714195498,44.650767123987784],[1.364697412644381,44.650976317255],[1.364569749210682,44.65115902471013],[1.364081155865009,44.6517380011506],[1.363996288090026,44.651793475102586],[1.363734372902843,44.65190756148937],[1.363623972129264,44.651973463006144],[1.363184030182272,44.652483819906685],[1.363080368857033,44.65266508013784],[1.362214384810526,44.653727415878656],[1.362100514977528,44.65382568138538],[1.36161313074142,44.654144431572476],[1.361044448759372,44.654612352926584],[1.360258273281804,44.655227425428386],[1.36016050207289,44.65533583287095],[1.360067411590097,44.65550013855078],[1.359905409749676,44.65564811447692],[1.359814997239946,44.65580705689069],[1.359805237586778,44.65596899615919],[1.360033142720793,44.65659099599117],[1.360213831441329,44.656798080716776],[1.360482633874607,44.65696865159035],[1.360531823031132,44.65705582547352],[1.360598343287535,44.657327851908065],[1.360608701924426,44.657405445586],[1.360544351928357,44.65757918244745],[1.360560544511071,44.65767307101036],[1.360630560812002,44.65795505442961],[1.360626602641302,44.658047743882314],[1.360699953616785,44.65830186222306],[1.360801804139224,44.658487066879545],[1.36081694578669,44.658573736115365],[1.360793826925633,44.65884803606189],[1.360720975126184,44.659140508858854],[1.360707041420135,44.659315893539265],[1.360731538818686,44.65942791455079],[1.360685680348132,44.65957311071659],[1.360691885372543,44.65962002698986],[1.360806021933425,44.65994678720393],[1.360943392204434,44.66008209193514],[1.36095745221841,44.66011921943998],[1.361151019535433,44.6602310439284],[1.361323105541249,44.660430795702716],[1.361823457954725,44.660883037599724],[1.362124017721114,44.66122066122395],[1.362498381925018,44.66153686484321],[1.362699712943358,44.66168572067057],[1.362744754227323,44.66174221631378],[1.362799844247241,44.661887106514925],[1.3631607883177,44.66218780128138],[1.363656734063888,44.6626624812372],[1.363859307209319,44.662812253754396],[1.363968540236374,44.66287420060484],[1.364112656128923,44.663038416069874],[1.364299636043551,44.66342117840837],[1.364305330756902,44.66370310914272],[1.364296437927923,44.663792124010115],[1.364271959419665,44.663852993916244],[1.364176840935775,44.66400016473158],[1.364056759049904,44.66413796164548],[1.364028339689126,44.664204176045814],[1.364043611710637,44.664243122031245],[1.364084264852821,44.66427704053084],[1.36428705397818,44.66441961169991],[1.364456596301154,44.66466434437828],[1.364557377947428,44.66475678161117],[1.364669518249216,44.664892609144665],[1.364698488858392,44.66498128330279],[1.364695827293273,44.66524688219558],[1.364738790899313,44.665418606309416],[1.364785837245547,44.66549314013857],[1.364940861909247,44.66562960126314],[1.36505123224168,44.66569606616463],[1.365180704376658,44.66575650994622],[1.365565852933875,44.66587656021866],[1.366020302105777,44.666043556591994],[1.366208246033296,44.66613277726431],[1.366399695866906,44.666275177026314],[1.366459575162122,44.666385918360355],[1.366471535135587,44.6666697425816],[1.366541800955453,44.66694452255218],[1.366577421182662,44.667021588312245],[1.366592765416336,44.66714517908558],[1.366586546044367,44.66718560836005],[1.366400310956851,44.66738546411005],[1.366385792964067,44.6674509839751],[1.3664023459886,44.667576393586245],[1.366455972405241,44.6676852416898],[1.366526065446219,44.66774840896974],[1.366671714680367,44.667860416542716],[1.366936770430105,44.6679885940226],[1.367029306915948,44.66806109694795],[1.367173995791153,44.66846754306721],[1.367294427262252,44.66897088173904],[1.367359043478136,44.66909249816639],[1.367437515770152,44.66912787396234],[1.367738199692965,44.669202547034324],[1.368572238320371,44.66937873401973],[1.36872620922961,44.66942152542067],[1.368894456427035,44.66949424255643],[1.3691918093237,44.669684122563865],[1.369548149749348,44.66984155369726],[1.369669052362629,44.669936984116354],[1.369681855432513,44.67006143750908],[1.369727911302742,44.670126949927614],[1.369956081661994,44.6702221596265],[1.370421121338193,44.670504553557414],[1.370716440240934,44.670808759002334],[1.370772160417964,44.67084559828117],[1.37087079310626,44.67088216893447],[1.371495024294832,44.671027329459825],[1.371586050958071,44.67102146547259],[1.371707727984816,44.670959322949315],[1.371791576511236,44.67093984612152],[1.371951054931996,44.67092328306533],[1.372025085403968,44.670937879408676],[1.372155942461436,44.670994733362605],[1.372186566421895,44.671026700332305],[1.37222533090515,44.67112632222234],[1.372406032619975,44.67124874294292],[1.372505044953669,44.6714032791259],[1.372519818047781,44.67150344847894],[1.372554291956971,44.67157689354703],[1.372620614022517,44.67181469240017]]]}},{"type":"Feature","properties":{"CdOH":"05C0000002000885186","TopoOH":"","StatutOH":"Validé","SourceNomOH":""},"geometry":{"type":"MultiLineString","coordinates":[[[1.3585056015282,44.628907934870085],[1.358452579007216,44.62925652519084],[1.358484788812096,44.62953614531894],[1.358604307495931,44.62976213375196],[1.359036519660768,44.629945939691545],[1.359159630267697,44.630048618103224],[1.359460903502415,44.630398864641066],[1.359472830471226,44.63081235180183],[1.359503075290651,44.631073032938104],[1.359629469632331,44.631149646260305],[1.35987576648196,44.63122263539533],[1.35998546127903,44.63130980607587],[1.360192742038413,44.63203054561932],[1.36012430922798,44.63234559154289],[1.360206174691345,44.63247917308625],[1.360571449008232,44.632667382827314],[1.360614318719084,44.63279768447554],[1.360692486352485,44.63323196396757],[1.360691299278171,44.633446255512865],[1.360604770978183,44.63373311938321],[1.360325983176897,44.634299876441325],[1.360256313986948,44.63461400395974],[1.360251785749856,44.635073171009786],[1.360369621618764,44.63535766264365],[1.360546496206766,44.63565023321661],[1.361522923585274,44.636203180929364],[1.3617237168789,44.63636733830979],[1.361891876967232,44.63661295368823],[1.362215071676216,44.636904987725565],[1.362542798490616,44.63708453048032],[1.363026947618337,44.6372627861975],[1.363675613153883,44.63763887409486],[1.36400200313765,44.637777871990565],[1.364469637001133,44.63791715718854]]]}},{"type":"Feature","properties":{"CdOH":"05C0000002000885215","TopoOH":"le Vert","StatutOH":"Validé","SourceNomOH":"BDCarthage"},"geometry":{"type":"MultiLineString","coordinates":[[[1.26091470931638,44.51284133384547],[1.260753628819308,44.512637096494444],[1.260548833363226,44.51221786529073],[1.260490981537894,44.512135013297126],[1.260438393383921,44.512085560497844],[1.260242972582139,44.512015846804516],[1.259995272920501,44.51200923948184],[1.259858628646912,44.512033197212745],[1.259573558389975,44.5121367535494],[1.259158685570291,44.51224636520523],[1.258845691140122,44.512235123333305],[1.258526481848793,44.51218056139103],[1.258419459229719,44.512182473903415],[1.258229626185341,44.51221729577877],[1.25794410908207,44.51221278817999],[1.256923232679599,44.51218225801827],[1.256639806869288,44.512150766884645],[1.255502827294364,44.51213099515005],[1.255407069115547,44.51213488372209],[1.254841698981388,44.51222769249768],[1.254482000677807,44.51222110215507],[1.254111282242429,44.51216391159646],[1.253810110057419,44.51213663455949],[1.253693915389233,44.512109583233205],[1.253579312488161,44.51207175169172],[1.253415873338541,44.51198542361816],[1.253076735709027,44.51188370743509],[1.252268477849802,44.511773659717505],[1.251798061977021,44.51168516747828],[1.251547988489064,44.51167400133997],[1.251074342508365,44.51168990595795],[1.250822680740955,44.51173003814043],[1.250364193411932,44.51186593872431],[1.249638190722899,44.51202550755412],[1.249374924806735,44.51203393693434],[1.249171578092064,44.51193616397068],[1.248618993577999,44.51137272190917],[1.248524461828843,44.51129648466556],[1.248289734995304,44.51127745075216],[1.248034664415575,44.51134633658454],[1.247788619282131,44.51136764176086],[1.247659209374975,44.51136108430562],[1.247049637526863,44.51117491462915],[1.24667605246045,44.5110077994329],[1.246530012673308,44.51096946090115],[1.246395796902817,44.5109961419226],[1.246335006226538,44.511049202228136],[1.24632463795853,44.51113998207303],[1.246235533783044,44.511213302468015],[1.24615749732323,44.51125438281281],[1.246003743355709,44.51126184350997],[1.245818628845241,44.51118506427451],[1.245448205840471,44.51095676506913],[1.24531306746825,44.51093210490375],[1.245075464276243,44.5109247241196],[1.244782044175458,44.51097228230008],[1.244524341827173,44.51112575977914],[1.244292798367188,44.51132827685342],[1.244149577504432,44.51148267474108],[1.244086632327193,44.51152399381841],[1.244063069418919,44.51155333343198],[1.244058483785257,44.51161989321698],[1.243994836747145,44.511764752003245],[1.243937312725623,44.51183407101612],[1.243692236512858,44.5120264667116],[1.243357915428382,44.51213460029968],[1.243048446182579,44.51213147367638],[1.24287543277618,44.51211070963452],[1.242652750284061,44.51210896398157],[1.242576807708214,44.512123061920605],[1.242467656660442,44.51219335876483],[1.242387095987312,44.51231543622769],[1.242229919767476,44.51247321127902],[1.242084403835441,44.512539326656736],[1.241812548595365,44.51262143758847],[1.241637211843882,44.51263485145866],[1.241261665601762,44.512611757487946],[1.241194638599553,44.51262239483274],[1.240841747258608,44.51276084003357],[1.240760908881578,44.512810876453244],[1.240598499350358,44.51297486897558],[1.240535830225984,44.51300718608133],[1.240366108141631,44.51304229815363],[1.240238850207904,44.51300695214177],[1.24010318431958,44.512918345658925],[1.240040642984756,44.5127849827782],[1.24003704974441,44.51265796282776],[1.240007679961838,44.512590861476035],[1.239904529668864,44.51242803654],[1.239847653121658,44.512395613669575],[1.239773612233342,44.51238902981999],[1.239669296234861,44.51242518422387],[1.239088831995006,44.51251677149844],[1.238241118699446,44.51246181858098],[1.237165901080117,44.51231768224139],[1.23679696924234,44.512203733764984],[1.236666728690106,44.5121431234606],[1.236159113543256,44.51199724165434],[1.235747941619367,44.51194654594105],[1.235528148171938,44.511892606280064],[1.235368720703009,44.51188015168805],[1.234985993388969,44.51188573564135],[1.234533063855488,44.51184247137561],[1.233822731739677,44.511700538374946],[1.233592991545517,44.51164283381436],[1.233415270358893,44.51157155454844],[1.233292488212178,44.51155428099879],[1.233131672605971,44.51150578310512],[1.231632211585382,44.511207124650426],[1.231098927429464,44.51107791633688],[1.230808746657054,44.51098141815102],[1.230329840630118,44.510602754049074],[1.230035072682051,44.51053229314324],[1.229926991883128,44.51052785788949],[1.229066873765738,44.51058879246468],[1.228751778199935,44.51064496474867],[1.228144095893776,44.51072165027157],[1.227271310761951,44.51078506884981],[1.226775519780191,44.510744685639565],[1.226460717312234,44.510751331564684],[1.226174588924611,44.51084668140475],[1.225950216187517,44.510898901612144],[1.2256474248564,44.51092374730604],[1.22504197038455,44.51084917654191],[1.224660734745855,44.51076740518423],[1.224637914177595,44.51065268115956],[1.22452360714459,44.51040592008711],[1.224410132479159,44.510252818815616],[1.224333824437912,44.51011832454159],[1.22432367994696,44.51004072281348],[1.224398977828423,44.50988705773555],[1.224404123924639,44.50980339897283],[1.224312965458898,44.509620942008276],[1.224190562841341,44.50943167895568],[1.224137926551591,44.50930476915142],[1.223980466452334,44.50906991922797],[1.22386687285818,44.5088006578562],[1.223830886438807,44.508624491384445],[1.223886384729651,44.50850022274181],[1.223893226308025,44.508442704291255],[1.223851013902695,44.50810435722856],[1.223905495842579,44.50793234858475],[1.224052142528173,44.507710498129214],[1.224098408893345,44.507679727260694],[1.224174548129715,44.50765934212807],[1.224357815616113,44.50763347760801],[1.224420629457952,44.50759666980862],[1.22446648639367,44.507538878815936],[1.224440220808432,44.50737367445157],[1.224394098388236,44.50731980582921],[1.224326119277172,44.50712061358155],[1.224198197543929,44.50690694977772],[1.224188395650267,44.50673840859905],[1.224658900523496,44.505980602144234],[1.224754527049573,44.505780441158564],[1.224951803357651,44.50502814186207],[1.225039174734684,44.50485035905399],[1.225042369687862,44.50474866017052],[1.225018306710764,44.504673536080254],[1.224989823142469,44.50445877189584],[1.224892947574037,44.504338354425194],[1.224878606422051,44.504274192079976],[1.22494123566303,44.504042885055966],[1.224983797078616,44.50396973340431],[1.22500609682313,44.50382061838503],[1.224948780656759,44.50320199120423],[1.224969100997447,44.50311587550185],[1.225052568863352,44.502982151838836],[1.225211969874781,44.50291448176211],[1.225410355642962,44.50276729906186],[1.225644927891857,44.502389283965165],[1.225684251729803,44.502218832115126],[1.225639249194304,44.50200920531231],[1.225657420380463,44.501911349213685],[1.22576212200871,44.501622189916205],[1.225783641886112,44.5012974759065],[1.225696293526958,44.50111418143125],[1.225658949429718,44.50106135505391],[1.225560919447473,44.50097783788498],[1.225470943100163,44.50095838166447],[1.22537961070112,44.500901985373346],[1.22516001145769,44.50084352537169],[1.224875375841506,44.500732693115225],[1.22455040096415,44.50066443215875],[1.224266022002802,44.50054549844346],[1.223818962979317,44.500318592810615],[1.223382973900426,44.50001982812765],[1.222894373392686,44.499433873070664],[1.222031638928111,44.49878335731118]],[[1.270822588693832,44.515992807846054],[1.27066666863584,44.515865203469026],[1.270400223981444,44.51560710387128],[1.270159167130869,44.51542413795674],[1.269201927619399,44.51458792778115],[1.268749440699595,44.51424136412464],[1.267888874719762,44.51370110221573],[1.267759744800238,44.513644148337214],[1.267402768728335,44.513548499681775],[1.267043452901902,44.51332405052312],[1.266850283864798,44.513180548169025],[1.266641276522761,44.513061108472066],[1.266500525283798,44.51301387533862],[1.266014498869372,44.51289998665438],[1.265679908978632,44.512854208220865],[1.265520057664199,44.51285529723704],[1.264965726835221,44.51291681596666],[1.264697469212412,44.512964822714956],[1.264410163398041,44.51314129185663],[1.264284257010586,44.513266273086],[1.26402112341211,44.51343411714716],[1.263689901801264,44.51352435190583],[1.263329004472259,44.513556490536374],[1.262788709436201,44.51357049615447],[1.262013950066927,44.51355649435959],[1.261687887287948,44.51351984252523],[1.261476069303813,44.513410253425846],[1.26113193237377,44.51310228298187],[1.26091470931638,44.51284133384547]],[[1.270822588693832,44.515992807846054],[1.270576799150537,44.51592322384733],[1.27043027171103,44.51585879698295],[1.270173843694722,44.51568459453822],[1.270077108241279,44.515638056088896],[1.269914112269239,44.51549503224867],[1.269805377636858,44.51542939622329],[1.269445616280637,44.5152598747624],[1.269053411855315,44.51504031908933],[1.268580448967215,44.514869018871714],[1.268474618999353,44.51479082095853],[1.26806884983572,44.514603464614616],[1.267671060232217,44.51444324516769],[1.266551630460993,44.51409610409349],[1.266103605680438,44.51397380852571],[1.265100411665335,44.51361227113139],[1.264802820190261,44.513631903377],[1.263217243099845,44.51387618803167],[1.262939774759883,44.51389613203446],[1.262323219764626,44.513893627375005],[1.262009622306391,44.51386077458738],[1.261646930937327,44.51378752812709],[1.261522561418334,44.51373964624318],[1.261318527842065,44.51358155577408],[1.260924748653565,44.513373651582384],[1.260707391823904,44.51323966182356],[1.260654680788902,44.51315328918005],[1.260668456458518,44.51303284749266],[1.260729817707307,44.51296087919929],[1.26082907906397,44.51288410564722],[1.26091470931638,44.51284133384547]],[[1.271661754183537,44.51690549245155],[1.271625916490919,44.51671944092461],[1.271563755806886,44.5166122155942],[1.271463666033397,44.51651069913946],[1.270822588693832,44.515992807846054]],[[1.279581588302235,44.51954597727321],[1.279246440170424,44.51935165983724],[1.278910067328794,44.51911500172837],[1.278581782259935,44.51898472029518],[1.278440763260896,44.51890418231642],[1.277986186357505,44.518581936517734],[1.277641338319054,44.51841717715839],[1.277455196781276,44.51837195106754],[1.277171755933274,44.51833961257784],[1.277024523502334,44.518339114641414],[1.276248640635576,44.51844225313205],[1.275930357008133,44.51843818115304],[1.275683604674011,44.518482048792634],[1.275178301522358,44.51846154550874],[1.274867180622189,44.51847018855026],[1.274104503816355,44.51855280844984],[1.273749224418964,44.51852383972254],[1.273544684341126,44.518463011720925],[1.273410616165472,44.51840238558554],[1.273283553225411,44.51831845751548],[1.273159997017524,44.518202168407015],[1.273068357094848,44.51807107121004],[1.272855793021426,44.51765534379857],[1.272780416933504,44.51756862238321],[1.272612836681359,44.51745164354602],[1.271801005001685,44.517002219441665],[1.271661754183537,44.51690549245155]],[[1.278765892157305,44.51946842556218],[1.278599410951344,44.51939739543586],[1.278199786589556,44.519171454081835],[1.277883584098841,44.51909898705099],[1.277676599515818,44.519076847442854],[1.277172640180099,44.51897083281308],[1.276789247638393,44.51891442188856],[1.276432624264134,44.51888814217659],[1.275611706010674,44.51889962871508],[1.275419729814041,44.51892184082844],[1.27503341329305,44.519043664755564],[1.274889623030607,44.51905402306146],[1.274773101669244,44.5190368939418],[1.274079192892607,44.51880453518514],[1.273875359320071,44.518761727620685],[1.273641005540455,44.51872924745643],[1.27310243655365,44.518767643169085],[1.27293781208696,44.51875966411223],[1.272798896773971,44.51873407845542],[1.272653424786944,44.51867597420846],[1.272552283489924,44.51860865893423],[1.272427128909072,44.51842120933458],[1.272366690712194,44.51829870395028],[1.272265785027476,44.51801798825466],[1.27218278771233,44.51789242824439],[1.271690929310958,44.51743270561393],[1.271642522039605,44.5173283970396],[1.27163324756308,44.517220199212474],[1.27166762177657,44.516960511065285],[1.271661754183537,44.51690549245155]],[[1.279581588302235,44.51954597727321],[1.279412614210176,44.51951542918521],[1.279052619868826,44.51951701899652],[1.278765892157305,44.51946842556218]],[[1.281883294097124,44.52720674522445],[1.28159592708644,44.52705369872848],[1.280717448168287,44.52667804037625],[1.280170721721974,44.52656867267193],[1.279813608059416,44.52618492249996],[1.279379356859037,44.52564779431617],[1.279339241427063,44.52555982627155],[1.279336841316885,44.525473346688734],[1.279474908535045,44.525031582790234],[1.279511788877129,44.52485387084545],[1.279530032539264,44.52446156393564],[1.279557170762521,44.52435573524284],[1.279651732165185,44.52414380541761],[1.280111291585716,44.523518860694615],[1.280142720489159,44.5234374106244],[1.280148906279083,44.52335826846623],[1.279945298522353,44.52248076980619],[1.279815706351782,44.522313969700605],[1.279682648323132,44.52205437031862],[1.279578924773153,44.52194740209566],[1.279439017884746,44.52187138495632],[1.279430105298575,44.521833427610275],[1.279456910353611,44.52177981926984],[1.279449642704893,44.52168786130981],[1.279173905654046,44.52119552464954],[1.278939453445466,44.52087671521995],[1.278853650437688,44.52071870086456],[1.278837934575794,44.52061490543413],[1.278852357319634,44.51985245998239],[1.278831808965121,44.51965944593707],[1.278765892157305,44.51946842556218]],[[1.282526987248848,44.527356332232266],[1.282190687662496,44.527198023624656],[1.281650335095972,44.52683754003143],[1.281570748141288,44.526764265710256],[1.281383899745081,44.526534445542836],[1.28134309759383,44.52642755833856],[1.281314228079079,44.52613536652346],[1.281274381398783,44.52607981920272],[1.280890103728731,44.52571996146455],[1.280774776521647,44.525580397789895],[1.280704604028984,44.52544603965698],[1.280674279594212,44.52532580887094],[1.280684350892129,44.52520170522433],[1.280741133279273,44.52511434683633],[1.281367124719779,44.52476932439194],[1.281444308594167,44.52467327900974],[1.281645914553096,44.52429373206305],[1.281831469740076,44.52373834955971],[1.281902062657032,44.52356926585312],[1.281885408235271,44.5235374912436],[1.281837330103608,44.52350432695861],[1.2817621486257,44.52349325160686],[1.281646435964875,44.52349054948391],[1.281208525371619,44.52352875186731],[1.280970126939033,44.52350432852209],[1.280884335471067,44.523469675908615],[1.280808884510799,44.52338475978751],[1.280841051976501,44.52327900922023],[1.280908990163151,44.52319722726493],[1.281236884896501,44.52292770107238],[1.281251519267443,44.5228603961685],[1.281239515910608,44.522799879894215],[1.28120670127012,44.52272013029382],[1.281152390745573,44.52264364762699],[1.281054405634715,44.52255477895665],[1.280810492537865,44.52242221679137],[1.280400851189446,44.52227626649216],[1.280305765072132,44.52221625632239],[1.280265976953382,44.522158908707624],[1.280242435996277,44.52206399589295],[1.280264073849959,44.52197338889318],[1.280396779768573,44.52174854661457],[1.280446015877436,44.521578230716045],[1.280458769773907,44.52140734634573],[1.280451751892815,44.52122444821463],[1.280427284214491,44.52107729567448],[1.280371857775688,44.52095487294842],[1.280291134884149,44.52083655816944],[1.280090936768359,44.5206326406338],[1.280062419641526,44.52053584939537],[1.280142639179745,44.520381324054824],[1.28015514449593,44.520259959955666],[1.280119353673192,44.52015405101342],[1.279931913718646,44.51977924903224],[1.279711727481334,44.51961193716608],[1.279581588302235,44.51954597727321]],[[1.282526987248848,44.527356332232266],[1.281883294097124,44.52720674522445]],[[1.287211913461814,44.531798968190664],[1.286856946606266,44.53163228047929],[1.286529614377456,44.531592082175294],[1.28637214299854,44.53155452026103],[1.286227088340559,44.53148113332765],[1.285995322650514,44.53131995745612],[1.285640358115848,44.53102900511763],[1.28519781469139,44.53072048304735],[1.284777350446474,44.53047263175349],[1.284254730026888,44.530231294771745],[1.283773962472901,44.52993838057722],[1.283665758331591,44.529853857508336],[1.283462835746655,44.529613886048445],[1.283294679300206,44.52930692200903],[1.283025543952634,44.52892635168823],[1.282614059237593,44.528011406052094],[1.282177084625355,44.527562489763945],[1.282022340190115,44.5273529800367],[1.281883294097124,44.52720674522445]],[[1.287211913461814,44.531798968190664],[1.287081978166305,44.53164207614225],[1.28683989555797,44.53144742570385],[1.286695934959734,44.531379459014026],[1.286329896033064,44.531245913965364],[1.286239739448179,44.5311886868712],[1.286174226593718,44.531107530497536],[1.286130677139505,44.53100780590784],[1.286112450616558,44.53077881123989],[1.286138048203031,44.53068196126481],[1.286328540705503,44.53033644908642],[1.286350472372503,44.530235940412574],[1.286324210266908,44.530147289609914],[1.286141238881825,44.52983019524534],[1.286030322121146,44.529710515301645],[1.285908657468811,44.52961317930204],[1.285620610192575,44.529440323264254],[1.285532780956956,44.52934801460624],[1.285284855218698,44.52897318213051],[1.285164122590917,44.52884524484988],[1.284848181625743,44.52859631647592],[1.284502349085475,44.528378437923855],[1.284084885912107,44.5280324827158],[1.283917059775006,44.52792182062733],[1.283516861469417,44.527712097964105],[1.283301829795557,44.527622311270285],[1.282907378134634,44.52751352491498],[1.282526987248848,44.527356332232266]],[[1.342127396756483,44.55603518253317],[1.341555768545588,44.55594555932951],[1.340658861777596,44.55591137466533],[1.339999069323235,44.55582221929756],[1.339087455447966,44.555688752781684],[1.338601300082064,44.55560490198941],[1.338431854615712,44.55554292356568],[1.336793023993233,44.555301245443594],[1.336401389182161,44.55521520683114],[1.335942513199791,44.555060620750076],[1.335013178826946,44.55467473103262],[1.334493466013257,44.55453362844791],[1.334292984382255,44.554456768453136],[1.333790043776574,44.55421686750426],[1.333180041871181,44.55389250793096],[1.3330976464144,44.553825532200406],[1.332925233482893,44.553736487303865],[1.332615237695528,44.55361565017164],[1.33219648726683,44.553510277786366],[1.331417529532644,44.55340666445762],[1.331169605226902,44.55335879616175],[1.330635855259873,44.55322466650542],[1.330165602898938,44.553072585373904],[1.329439646225796,44.552752754156344],[1.329211745788225,44.552624145027835],[1.328909649587054,44.552407070102326],[1.328697009673137,44.55223096769034],[1.328527459890055,44.55204561237982],[1.328169663948554,44.55162599427703],[1.327844412323654,44.55121317094889],[1.327670755645876,44.55091159575801],[1.327607266670122,44.5507593607166],[1.327502833504959,44.55041651327296],[1.327246168904559,44.54994169660013],[1.327169899687795,44.549285923727275],[1.327254143363102,44.548822575003435],[1.327204385939043,44.548377005694434],[1.327161172178747,44.548220575510136],[1.32686554719532,44.54765872601371],[1.326815316820093,44.547484180667375],[1.326795164491044,44.547356913812095],[1.326813138366625,44.54717529820071],[1.326805872270497,44.54686813953897],[1.3267562948861,44.54654413181777],[1.326690892716002,44.54645669876516],[1.326399312561727,44.54626859019746],[1.326075336342081,44.54611150489368],[1.325781039353072,44.54576037465829],[1.325458421275418,44.545472744973054],[1.325235109145081,44.54531808441055],[1.324890230575275,44.545186791093194],[1.324442924817926,44.544985509069456],[1.324158109521331,44.54482451020405],[1.324076218875563,44.54474132745526],[1.324046222075507,44.54464902766736],[1.324054381941419,44.54454380060353],[1.324108463121863,44.5444185606493],[1.324327341552818,44.544086020791134],[1.324333144049716,44.543975355348316],[1.324260612753617,44.54370412389213],[1.324265156835715,44.54359343936708],[1.324311658906106,44.54346898477242],[1.324458347319869,44.54319297688837],[1.324671757698102,44.54287476057996],[1.324719566790545,44.54270620441708],[1.324676531190202,44.54262901439389],[1.324594242371756,44.5425593325427],[1.324152309992693,44.54230500514242],[1.323386874204266,44.54204846446347],[1.323001397201939,44.541843613248425],[1.322702063631378,44.541705801281914],[1.322418183997008,44.54164115854387],[1.322114358292737,44.541612229292234],[1.321584870253707,44.541720336279454],[1.321130109287656,44.54168640808047],[1.320973497877672,44.54170293532949],[1.320673073920073,44.541771300836785],[1.320332967249739,44.54177693172853],[1.320151400309197,44.54174355416922],[1.31959240326017,44.541573868543786],[1.318771303480551,44.54136957382577],[1.318531343144747,44.5412677715862],[1.318232747321608,44.5411056468024],[1.318144897179176,44.54109620448669],[1.318058357528162,44.541127301666165],[1.317990907360873,44.54119380663047],[1.317881438534015,44.54144516104222],[1.317645808412444,44.54153611608792],[1.316667302578127,44.541755312891866],[1.316278646444703,44.541826823256535],[1.315759837085887,44.54182971433519],[1.3154049538266,44.54178197886552],[1.315085392502848,44.54168975954582],[1.314757460971265,44.54149836349587],[1.314624852026203,44.541385585323056],[1.314457660393953,44.54116602745884],[1.314445617563426,44.54110551433913],[1.314326508162691,44.54096232708862],[1.314269891503054,44.540834501008355],[1.314099282050736,44.54030784165344],[1.314030485394981,44.540166322907744],[1.313946023635824,44.54004347401748],[1.313863913081486,44.539968384090564],[1.31359074781676,44.539798531042294],[1.313205983381938,44.539655786023616],[1.312852804626732,44.53959366121807],[1.312505494115755,44.539503711455204],[1.312356125664624,44.53944650135698],[1.312190607421282,44.53942416114388],[1.312039383070654,44.539429052342776],[1.311868643015918,44.53941293485154],[1.311453731098956,44.53931024224074],[1.311251262245077,44.539302642808366],[1.310873693538831,44.53925634634391],[1.310429765492372,44.53928196828829],[1.310218345891127,44.53932105267089],[1.309921158040069,44.539407447133925],[1.309706016274159,44.53944467268848],[1.309550739000914,44.539500823331394],[1.309321037156829,44.53964587762739],[1.309067227210949,44.539839185797646],[1.308311521279328,44.54014366087474],[1.308085076522902,44.54030587095605],[1.307941705294174,44.54038471284014],[1.307811709466615,44.54039532631131],[1.30757496429224,44.54027103827666],[1.306671771932208,44.53999335907053],[1.30647607283607,44.539885906144065],[1.306345974050293,44.53977405673932],[1.306167169703135,44.53956511298459],[1.305943041542686,44.539020510541945],[1.305872160674003,44.53894918860448],[1.305787318822041,44.53892357467143],[1.305659221601794,44.53895492476408],[1.305036560021299,44.53923080454132],[1.304769867544457,44.53939148941562],[1.304474978513612,44.539652589680344],[1.30394328801015,44.539917254678706],[1.30372547833664,44.54008499128571],[1.303626079883921,44.540208624829724],[1.30350204278964,44.54043993230323],[1.303453115702943,44.54055983917592],[1.303433483950645,44.540668490568265],[1.303406002159509,44.540703185321085],[1.303331877086004,44.5407398645009],[1.303226696694672,44.54076255971145],[1.303014156255418,44.54075479042425],[1.302896674824684,44.54072597119529],[1.302809693518866,44.54068771593691],[1.302730858113271,44.540629776193846],[1.302667665143101,44.540554068127555],[1.302628788332809,44.54046522733082],[1.302602697814802,44.54024421859712],[1.302597824433219,44.539987518567465],[1.302617321579032,44.539799626647465],[1.302598607021557,44.53971019544221],[1.302554074969902,44.53964197777221],[1.302336017557257,44.539482848566365],[1.302096717324139,44.53936031017084],[1.30176291704896,44.539114758232024],[1.30155058649108,44.539058365567975],[1.30145111894193,44.5390586359629],[1.301361014626935,44.53908246176011],[1.301294886867725,44.53914627576418],[1.301106581154052,44.539463033683965],[1.30078523360948,44.53976603780765],[1.30073098432826,44.539853445780906],[1.300689602371899,44.539973467628066],[1.300623756097147,44.540069701432564],[1.300530928619482,44.54014210840045],[1.300393312404132,44.540196717365674],[1.300015294793542,44.54029084537118],[1.29973074003859,44.540333285757534],[1.299475051299326,44.54029513051587],[1.299166768877467,44.54020573971874],[1.298812858914511,44.54012645017853],[1.298664517044444,44.540077341133745],[1.298519587246588,44.53999856996236],[1.298260717408898,44.5398153920208],[1.298097743052024,44.53966700823943],[1.29801503016632,44.53961260703572],[1.297789564429452,44.53953259313903],[1.297640410980258,44.53951048337518],[1.297387607030059,44.539502082240205],[1.29725015943506,44.53946754633525],[1.29714846303064,44.539416453403966],[1.296929326193454,44.53925189399504],[1.296836538210689,44.53915591621099],[1.29652011526399,44.5387107185203],[1.296137293317771,44.53846349225056],[1.296060215105056,44.53838936684962],[1.295906150020147,44.53815467506783],[1.295870951971182,44.538069490341464],[1.295850040042853,44.53788637822391],[1.295810705142844,44.53777141510703],[1.295731872160763,44.537672050073866],[1.294797095191845,44.53694266452163],[1.294711620084655,44.53685490185577],[1.294653424174509,44.53665590606263],[1.294570594336787,44.53652226173805],[1.293921342373365,44.53588552277558],[1.293793514966616,44.535741277526455],[1.29363882840213,44.53561102394854],[1.29347643664206,44.53552747387571],[1.292784302385829,44.535310570358156],[1.292327223496244,44.53523056427816],[1.292052089370292,44.53521190032532],[1.291473349213665,44.53520024240607],[1.291247540160316,44.53521565619226],[1.291080353991581,44.535249085504574],[1.290921403766863,44.535301551329795],[1.290692624669691,44.53541506597176],[1.290262018936664,44.53550024181449],[1.290017274489437,44.5354757404346],[1.289778404032484,44.53538199561557],[1.289671466045332,44.53529659772036],[1.289592511016384,44.53520172849534],[1.289536641930395,44.53509280991674],[1.289413948805475,44.53473793599856],[1.289350994243723,44.534613600045176],[1.289239216048786,44.53452182363118],[1.28896059990836,44.53436893235808],[1.288852352245414,44.53428531423462],[1.288778242233947,44.53419682261536],[1.288743684692351,44.53409093536038],[1.288734636350733,44.53384947714669],[1.288713343695212,44.53372128455024],[1.288663001797655,44.53359624332303],[1.288586758307937,44.53349511234469],[1.288454302250483,44.533379603069626],[1.288117916417168,44.533139371568666],[1.288038312192231,44.53306610171816],[1.287745729778127,44.53254381036104],[1.287558400473189,44.53232840035271],[1.287308120158881,44.531905812535044],[1.287211913461814,44.531798968190664]],[[1.350433498587801,44.55725990912608],[1.350302134181045,44.55727325401673],[1.350191590944947,44.55730671938302],[1.349811348191436,44.557303738892635],[1.349650903327045,44.557277929763984],[1.349264638963055,44.55717941138707],[1.348725843735232,44.55712903508695],[1.348326045815306,44.557062726639494],[1.347514221797959,44.557003757983765],[1.346559244293652,44.55688771336951],[1.345867335077697,44.55677650198841],[1.34511067544493,44.55668322497095],[1.344292266120194,44.556548497278214],[1.343731755980224,44.55642303475638],[1.343302004620621,44.556304933884576],[1.342812669019043,44.556200344060414],[1.342485877853023,44.55609278949762],[1.342127396756483,44.55603518253317]],[[1.350433498587801,44.55725990912608],[1.35026561716592,44.55710072560839],[1.348836754861638,44.55639413866094],[1.34720116927091,44.556082430612626],[1.346331007923844,44.55603788721393],[1.34572510022614,44.55608643920816],[1.34470296137913,44.55607112120587],[1.344267604417877,44.556058290930075],[1.343333018838065,44.55597764085775],[1.342529128646269,44.5559493690986],[1.342127396756483,44.55603518253317]],[[1.399543113800793,44.563271698968435],[1.399396257094758,44.563165121350906],[1.399151788793903,44.56303641885198],[1.398557355847957,44.56290174099598],[1.397312684612209,44.56291249823824],[1.396660536632311,44.562858911155345],[1.394563213145705,44.56282483958297],[1.394101333316001,44.562856842344004],[1.392592131551413,44.56331121105837],[1.3919869881673,44.5634644781258],[1.391552871591801,44.56340593152337],[1.391182756190983,44.56331139810734],[1.390460570615838,44.563284667283206],[1.389800358346597,44.563293051561004],[1.389399955948574,44.56333313453171],[1.388453212004793,44.56336344396663],[1.387717844455515,44.563445454529464],[1.387508648781384,44.563493724569845],[1.386933376295075,44.56348262211347],[1.385982034490379,44.56340929408802],[1.385839511377303,44.5634603362439],[1.385755258700471,44.56354374494998],[1.385548548188621,44.5636811899874],[1.385472211606471,44.563707987265765],[1.385201094231643,44.563719330579154],[1.384781243552812,44.56364655902959],[1.384536523127575,44.563527724721816],[1.384526947405087,44.563422234573295],[1.38447813434636,44.56336749483606],[1.384395197089883,44.56336087897352],[1.384171380829439,44.56339182070383],[1.383777659046091,44.563374353709875],[1.38370022165533,44.563351610108754],[1.383652745747837,44.563294188281525],[1.383644099597694,44.5631562962366],[1.383606927574046,44.56309092134899],[1.383563869201934,44.56305517441606],[1.383394863421372,44.563019384701306],[1.382956672885501,44.56297154964334],[1.382915483724817,44.56300246150644],[1.382966756785817,44.56310315981143],[1.382966670398139,44.56319410179684],[1.382946780317611,44.56322892725771],[1.382873193121553,44.56324765914757],[1.382709450442631,44.56324796258458],[1.382598202182243,44.56321842004796],[1.382521750454599,44.56311735278319],[1.382480064674193,44.5629897818353],[1.382387324425198,44.56288577461678],[1.382276236879537,44.562806710546774],[1.382112474861259,44.562763792238954],[1.381859064098043,44.56277268540812],[1.381701715272878,44.56281360029456],[1.381610703722935,44.56286899356635],[1.381531234703602,44.56287323150666],[1.381429414193518,44.562866336657414],[1.38119183900316,44.562806127400044],[1.380996139299864,44.56277894697196],[1.380914178273011,44.562782247504586],[1.380654563114631,44.56287568724338],[1.380401468052811,44.56282965555718],[1.380203464051005,44.56275111548801],[1.379880669527006,44.562676146960776],[1.379764613581869,44.562682548159096],[1.379498702217457,44.56277589282319],[1.379448000922297,44.56283097541643],[1.379274523653978,44.563126471613266],[1.379193270763199,44.56319281130829],[1.379093650177656,44.56324087277474],[1.378819646162741,44.56330888508106],[1.378725198010453,44.563308398974904],[1.378615184824766,44.56327977095812],[1.378532101230322,44.563234430072995],[1.378036828583038,44.563156923587684],[1.375984541061195,44.562914260942215],[1.375297950382465,44.56278890695519],[1.374683729887525,44.562599782841815],[1.373891464296002,44.56220813825881],[1.373428456534723,44.56201673138996],[1.373162818428391,44.56183813502146],[1.372751159173732,44.56161326535383],[1.372662035044881,44.56160294774123],[1.372584747633522,44.56161891696557],[1.372376466954911,44.56159153575142],[1.371892651694157,44.56142322684721],[1.371600375453811,44.56133877908729],[1.370788255749785,44.56137452351437],[1.370755200206477,44.561341620339086],[1.370762833776958,44.561251689920624],[1.370734308467344,44.56119274109518],[1.37066747024309,44.561152136024944],[1.370579762027065,44.56113643502621],[1.370393287022587,44.561139085984934],[1.370346083593722,44.56115999973224],[1.370198825221451,44.56128748849709],[1.369998940162391,44.561361975331266],[1.36987473444944,44.56138895572184],[1.369663767206722,44.56141105339315],[1.369415593343463,44.5613695711387],[1.369308325321112,44.56137699151397],[1.369022676211371,44.561455612715804],[1.368516054542216,44.56151025890988],[1.36843602996995,44.561490167566696],[1.368042589381798,44.56124573975419],[1.367778041921515,44.56116079113154],[1.367723899086563,44.56111677016818],[1.367662323463203,44.56102491646451],[1.367487690078794,44.56096650823917],[1.367364506709877,44.560871042295595],[1.367069435880596,44.56079644584788],[1.367006247278096,44.56076039464521],[1.366887284564662,44.56064968324381],[1.366810300426457,44.56061162704558],[1.366743552688847,44.56061154029573],[1.366185199612385,44.56071313343584],[1.365870612605979,44.560747197200854],[1.365632072632949,44.5607211562665],[1.365590286352365,44.560685420993984],[1.365555638785657,44.56053363571757],[1.365483693703462,44.56036509062048],[1.365446544548664,44.56029970969722],[1.365371394168756,44.56024187013474],[1.365207566572753,44.56015840612856],[1.365082225097459,44.560137641436974],[1.365018803871288,44.560109689515045],[1.364880337410111,44.56002029748444],[1.364490687270414,44.55986325475174],[1.364406863739816,44.55984400461328],[1.364086553141482,44.55981494825329],[1.363752258179285,44.559746965195515],[1.363553903164649,44.559725116859894],[1.363204366214448,44.55961818769653],[1.362934203726002,44.55959707472358],[1.362687156500722,44.55964743792351],[1.362357216646888,44.55977670974314],[1.362244549606614,44.559796649200514],[1.362083517408892,44.5597906590881],[1.361498990764308,44.55966583184698],[1.361269134207624,44.55960119166865],[1.360772527585686,44.559528089424525],[1.360420740811171,44.559412113644896],[1.360193934859973,44.55941594934268],[1.360049766116725,44.559393098449505],[1.35987588149297,44.559352697800854],[1.359703330991897,44.5592663946467],[1.359570440319422,44.559245511510824],[1.358613492214057,44.5592384950157],[1.358443671116274,44.55914502697345],[1.35803280573329,44.559068684709445],[1.357752442057045,44.55896546794306],[1.357477615948866,44.55893166613691],[1.356958466838435,44.55889783033572],[1.356774174481153,44.5588689755244],[1.355785418107788,44.5586138420142],[1.355483949250226,44.55858684196408],[1.355024285080725,44.55858629846973],[1.354882795634845,44.55855807809063],[1.35475942864766,44.558513019308585],[1.354592657606797,44.558488023609925],[1.354437819244298,44.5584857163101],[1.353853113040863,44.55836804900755],[1.353315747874659,44.55822497198259],[1.352894377183807,44.55820698194578],[1.352650636645541,44.558143917405],[1.352491026634065,44.55813253184011],[1.35209454228977,44.5581680356199],[1.351989640544173,44.55813765620607],[1.351937770308869,44.55805944476986],[1.35190772088378,44.557967152051226],[1.351533994820181,44.557697746452675],[1.351426366307073,44.557674529254534],[1.351318288037132,44.55770983342399],[1.351195971208537,44.55771521057386],[1.351108457784387,44.55769319384688],[1.351100677573322,44.557571519118916],[1.350929250255023,44.557447400595535],[1.350576714757566,44.5572719532581],[1.350433498587801,44.55725990912608]],[[1.407929095295869,44.567144975743965],[1.407936883924982,44.567002821047325],[1.407918937486112,44.56696924666016],[1.407718891551111,44.56678267625571],[1.407530730312235,44.56671063067548],[1.407243333398359,44.566629049854676],[1.407080187445933,44.566518646028804],[1.406920943273624,44.56631465415954],[1.406703874877973,44.56615124735906],[1.406647610789441,44.566091908092],[1.406545078994996,44.56597607497238],[1.406388864602902,44.56575411757039],[1.406332423344268,44.56570107855156],[1.40612919643099,44.565582891525224],[1.405981643851063,44.56527731914895],[1.405937971546835,44.565218161260276],[1.40577556947706,44.56508165392659],[1.405724546860372,44.565015186459135],[1.405715707255739,44.56492681733748],[1.405655196539436,44.56475036119371],[1.405502601918711,44.56466802045338],[1.405136206648194,44.564663630277266],[1.404974494792487,44.56459196221476],[1.404837746980805,44.56457287906738],[1.403443618311845,44.56394404695477],[1.40337493419787,44.56392324466021],[1.403235325427823,44.56396084484054],[1.403166132098948,44.56395804352914],[1.402997263990122,44.56391688346331],[1.402628730818879,44.56376568488418],[1.402548461655883,44.56375371873963],[1.401827590413982,44.56390266410302],[1.401568708399253,44.563926830560284],[1.401255929005225,44.56398623314867],[1.400887734515697,44.563956590883244],[1.400528905219875,44.56386315288975],[1.400379663785169,44.56379616073867],[1.400208202330403,44.56362439727137],[1.399958191985192,44.563424482778984],[1.399678112841229,44.56330787145436],[1.399543113800793,44.563271698968435]],[[1.407929095295869,44.567144975743965],[1.40779565604473,44.56705300969948],[1.407706694678328,44.5670364199391],[1.407229740912419,44.567021438667645],[1.407111045065629,44.566987311541894],[1.406942390617729,44.56684891491463],[1.40680376503302,44.566762275384065],[1.406668716357317,44.56677203265214],[1.406571679321011,44.56672921316358],[1.406379054262447,44.5665922706635],[1.406262977614804,44.566465436728215],[1.405868027372172,44.566133783140735],[1.40555572081842,44.56590867089608],[1.405433988653822,44.565848385803235],[1.405335351558616,44.56577312684208],[1.404971124118253,44.565379784350334],[1.404482399302214,44.56502426074385],[1.403739982767713,44.56477672096711],[1.403368018836992,44.56470201136728],[1.402626036911459,44.56461744706123],[1.40174100543581,44.56446957875903],[1.401194641918142,44.56441574875566],[1.401082173684081,44.56438440648608],[1.401050561697593,44.56434433012523],[1.401180432362871,44.564294886168575],[1.401232219789946,44.56424521212626],[1.401213809563202,44.56418371674754],[1.401148153876727,44.564144948413436],[1.40107307342897,44.56412765377138],[1.400702870193717,44.56407997332797],[1.400539320026103,44.564028981824364],[1.400007277028017,44.56373674078468],[1.399641441085693,44.56340188460105],[1.399543113800793,44.563271698968435]],[[1.431525781123387,44.58142382876471],[1.431453362294759,44.58140028993657],[1.431267223618512,44.58138864259985],[1.430976364979946,44.581291768235076],[1.430825523769065,44.581188778248496],[1.430680373233679,44.58092649388802],[1.430633943920491,44.58087451015558],[1.430299754759917,44.580704984499356],[1.430144279539749,44.58058752094081],[1.429954601806321,44.58047677444902],[1.429676166966912,44.580703325322936],[1.429589320644422,44.58070028991674],[1.429361354879229,44.580561985370394],[1.429160037285994,44.580416855888856],[1.428810417161945,44.58025881174157],[1.428743865470146,44.5802056405701],[1.42885452580649,44.57994158947233],[1.428936057082656,44.579592484213144],[1.428883321122614,44.57945036767913],[1.42887849667393,44.579352152892284],[1.428820397946991,44.57922166556983],[1.428482578427191,44.57891161660829],[1.428275448683138,44.578749294763526],[1.427950573630615,44.578381801228346],[1.427798840744654,44.57808520332303],[1.427551097420704,44.577979028725416],[1.427396719151483,44.577867879819884],[1.427136796226261,44.57761116018288],[1.427063350619946,44.57757949998759],[1.426781920325128,44.57755208120186],[1.426574834514586,44.57747889865887],[1.426305453740825,44.577290474487356],[1.425310748093164,44.57672974194561],[1.425112833814824,44.57664408143313],[1.424740559375369,44.576531622755994],[1.424595485819901,44.576448515685875],[1.424520278469098,44.57638981594215],[1.424474160114106,44.57632702893576],[1.424397090650606,44.576289912710415],[1.424265950822957,44.57629434502722],[1.423816753138363,44.57645541505043],[1.423709136780679,44.57647458914917],[1.423563966391362,44.5764401022011],[1.423357691631139,44.57629309037232],[1.422995721880245,44.57612764782991],[1.422901953135098,44.576011955271056],[1.422664046542616,44.575779850667516],[1.422102762422047,44.57535403763038],[1.421396876984688,44.5750540153907],[1.421300419112242,44.57503462835525],[1.420663999573263,44.57504353910784],[1.420544926054288,44.575022027199196],[1.420237044216603,44.574860050139534],[1.420024538884677,44.57466612082284],[1.419806467924988,44.574536041564926],[1.419688330413622,44.57439118403663],[1.419367201726489,44.57443251078799],[1.419119641581704,44.57432091706164],[1.418885301743387,44.57427704381141],[1.418788141660386,44.57423783517728],[1.418761422365324,44.57420233614492],[1.418784392690052,44.57414683868695],[1.418880876717318,44.57407528550268],[1.418731136100335,44.57393447666326],[1.418601112948411,44.57385427831675],[1.418603532365831,44.5738128934562],[1.418635844949434,44.57378364208305],[1.418787153706314,44.5737335836431],[1.418794308919934,44.57365805047269],[1.418772677161564,44.573620823429586],[1.418283016302762,44.57320321932941],[1.417808319026787,44.57283625109967],[1.417316602287306,44.5724924479419],[1.417117335728544,44.57232121323762],[1.416916262202102,44.572079719224384],[1.4168517040575,44.57191131511659],[1.416842669208639,44.571829247070276],[1.416870929600317,44.57176482163975],[1.416858644208177,44.5717088192909],[1.416817448603235,44.57165060170742],[1.416744319547977,44.57160813398971],[1.416702294243765,44.571534597270194],[1.416717735807164,44.571478091941394],[1.416843080791454,44.57136553487426],[1.416921281149342,44.57127211128262],[1.416998755428219,44.571114747183245],[1.417033039593571,44.57097027040421],[1.417033730622609,44.57081090540433],[1.417001829163461,44.57073571306756],[1.416944946957623,44.57065295929615],[1.416852531315065,44.57057960083113],[1.416668577694212,44.57049142374926],[1.416042036977638,44.57041941065812],[1.415940076339972,44.57037202680252],[1.415868617018113,44.57027015450768],[1.415830594527554,44.570233592228526],[1.415774514760929,44.57021207812731],[1.415538956396831,44.57021230083199],[1.415244988739728,44.5703188353551],[1.415093488465425,44.570331068255506],[1.41487739802003,44.57031085917317],[1.414821520784513,44.570282144102265],[1.414705093897907,44.57012199853629],[1.414586265675429,44.570047358603894],[1.414131282374033,44.56992197078319],[1.414025218063327,44.56988623171671],[1.413898710038342,44.56981598287122],[1.413700157930345,44.569530398383485],[1.413600073041223,44.569416407939386],[1.413527101106032,44.56936853777026],[1.413186065557,44.569312314439614],[1.413097453352336,44.569283128167086],[1.412999148015222,44.56924029619067],[1.412787264375183,44.56907067310078],[1.4127009684512,44.56904872317959],[1.412480600117548,44.56904645632685],[1.412434494354232,44.569028685561705],[1.412388871707143,44.568814629393124],[1.412338869149877,44.568756283515],[1.412213523565125,44.568689651109246],[1.411677695968581,44.568572995415614],[1.411293249919486,44.56853775203387],[1.411124260829464,44.568500204553544],[1.411011102686797,44.56844815286903],[1.41091620553313,44.568373853215135],[1.410837694012372,44.568343910007265],[1.410716736653853,44.568255728848264],[1.410654931214523,44.56816929921371],[1.410475237016128,44.56801994413913],[1.410431456482492,44.567964388196394],[1.410319060591763,44.56788533405149],[1.410050945471609,44.56778963139393],[1.408807964318745,44.56764747198529],[1.40870607528919,44.56755326033632],[1.408414899825478,44.56733746502098],[1.408332766180946,44.56730206526408],[1.408125477801345,44.56728287007237],[1.408026149147484,44.567231915035755],[1.407929095295869,44.567144975743965]],[[1.436437135054703,44.58323036737142],[1.435819730845144,44.583095568123625],[1.435707829991301,44.58304175912649],[1.435534718527362,44.58287813197454],[1.435170646666378,44.58287657727783],[1.434957069764984,44.582854642913034],[1.434729375765085,44.58288743394668],[1.434587386067856,44.582873716532305],[1.434360644404766,44.58278136142575],[1.434105397058135,44.582717415353244],[1.433691813200191,44.58241171118485],[1.433599766399759,44.58236898659708],[1.43340362380178,44.582354499788636],[1.433326190362655,44.58232999067189],[1.433080117644835,44.582162623587244],[1.432821196341135,44.5820950206979],[1.432754163708415,44.58205895321416],[1.432715287944337,44.58200707753383],[1.432659615064328,44.58197027073056],[1.432397407944002,44.58183959055742],[1.432265078448284,44.58175037160858],[1.4321318562123,44.58160261229048],[1.43206082134358,44.58157459138934],[1.431849269074021,44.58157068815148],[1.431797366707493,44.581488913244556],[1.431732729141488,44.58145738124832],[1.431525781123387,44.58142382876471]],[[1.436437135054703,44.58323036737142],[1.436375859107707,44.583350156825325],[1.436273869741664,44.58343875558406],[1.436189188478747,44.58344836200016],[1.436015910817075,44.58342700015796],[1.435585599568254,44.58326963626787],[1.435143921958824,44.58297704615141],[1.435034851617754,44.58295749264898],[1.434828406541084,44.58295096626724],[1.434546007602805,44.58300279118617],[1.434279481118107,44.583072848823534],[1.433885167220712,44.58311678290357],[1.433298175146824,44.58333896848042],[1.433143775059206,44.583363791453706],[1.432994252973953,44.583349064744745],[1.432889201409179,44.58327554067911],[1.432816935713962,44.58315565956553],[1.432687636985875,44.58300255401641],[1.43250023073629,44.58285492681442],[1.432245797434569,44.58244432473349],[1.432064966338712,44.58228688543099],[1.431961618814509,44.58215215583017],[1.431778979711955,44.58201449971582],[1.431673431874578,44.581958975908584],[1.43160169627663,44.58195615663231],[1.431552070964739,44.58192843935867],[1.431449884632767,44.581797327453764],[1.431408333001873,44.58170579465589],[1.431431444067734,44.581644893989505],[1.431475789551296,44.58159059778664],[1.431525781123387,44.58142382876471]],[[1.48,44.59122674132627],[1.478876181044181,44.59159254396166],[1.478598669676277,44.59169677315343],[1.478324787731296,44.59185327583881],[1.478276988885103,44.591943559671925],[1.477734664191599,44.592334974132974],[1.477004206507929,44.59274000061827],[1.476444547834552,44.59283943478695],[1.47613898222329,44.592862233555245],[1.47582515808489,44.592864207949084],[1.475504860271861,44.592919216797924],[1.474996137543072,44.593045458585756],[1.474820552709213,44.593107865184294],[1.474657528106533,44.59326498882835],[1.474461294808476,44.593391939954834],[1.473986253632181,44.59357716943613],[1.4738580286812,44.593612315643156],[1.473643258219791,44.593585938158625],[1.47336027787384,44.59351899943391],[1.473219372577395,44.59346392782868],[1.472688198016423,44.59334853666727],[1.471838859420184,44.59339532060384],[1.471299031359984,44.59345988686689],[1.471004171905407,44.593459408737736],[1.470602015218677,44.59337280531334],[1.469863925447321,44.593359885364],[1.4696326845307,44.59333687364027],[1.469088126317276,44.593204171722775],[1.468290572967697,44.59296801367043],[1.468028576213961,44.592917559615444],[1.467593934279245,44.59286741194809],[1.467534241647193,44.592884592463136],[1.46732506729327,44.593069878910775],[1.467248314104205,44.59311203438378],[1.466861415727503,44.593252534753375],[1.466789321553871,44.59326233944053],[1.466702943177509,44.59324133157977],[1.466476547702235,44.59313284055464],[1.466380764802928,44.593133311997626],[1.466199922918248,44.59324965728296],[1.465864838506271,44.5933845705104],[1.465692692064719,44.59341279453316],[1.465391278777192,44.59337529317919],[1.464968819169269,44.59324786822566],[1.464823199038746,44.5932737581437],[1.464748109324354,44.59325470642762],[1.464331930142523,44.593035523377395],[1.46397811914143,44.59293245959909],[1.463753430976243,44.59280777908183],[1.463249310585383,44.59248652204804],[1.462767216002759,44.59223580192263],[1.462487878452759,44.59212836687151],[1.462252865984747,44.59196662234119],[1.462033755737213,44.59191494997156],[1.461634379795731,44.59191209145622],[1.461442933037545,44.5918626039018],[1.460679131478368,44.59154582243876],[1.460545057357608,44.59147192080815],[1.460129928280704,44.59130766198202],[1.459821352538186,44.591163795770974],[1.459746316467338,44.591142940515574],[1.459460360230964,44.59113985426518],[1.459192898947941,44.59110551045752],[1.458698377660665,44.59098786132401],[1.458412392384869,44.59093975088875],[1.458240072346715,44.590928342269144],[1.458154468360805,44.590925346881036],[1.457620774065375,44.59099623469415],[1.457383524970302,44.591009130138865],[1.456987622576351,44.590833422320095],[1.456893886849156,44.59075917909917],[1.456526006089362,44.5901120401761],[1.456401264106699,44.58988159051202],[1.456211475630855,44.589403516482605],[1.456094279467761,44.58931183677056],[1.45603193809762,44.589241633189175],[1.455859256372928,44.58892137132268],[1.455748334937647,44.58883067935578],[1.455519064877905,44.58873653209008],[1.455333926466075,44.588595279034735],[1.455140544233651,44.58852504365074],[1.454994773868782,44.58837263500489],[1.454632387362793,44.588216296091595],[1.454346664202977,44.58811325292688],[1.45375407873304,44.58785104239824],[1.453616268529304,44.58777617951197],[1.453362848433275,44.587506107579294],[1.453176188490806,44.58737473417746],[1.453067298952893,44.58725615486986],[1.453059462906843,44.586898578046736],[1.45307802912667,44.58663501471044],[1.453058147522752,44.58657891024567],[1.452832891001309,44.586430788252976],[1.452727560360881,44.58632036224511],[1.452584890057375,44.58623912703628],[1.452375663564522,44.586057913049316],[1.452303822014852,44.585920943129466],[1.45226087498906,44.58578707922368],[1.452215681285859,44.58573512210559],[1.452136308679732,44.585688989056216],[1.451894956470578,44.58562257788905],[1.451745547140825,44.58555745471754],[1.451387758831618,44.58514274867562],[1.451269468117254,44.585045645902994],[1.451096230594547,44.58493066466667],[1.450800778782131,44.584678005931025],[1.45033498270001,44.58438874111091],[1.450161256061588,44.584245838486076],[1.449980491270146,44.58412984945247],[1.449922014139148,44.584102916785646],[1.449672422160569,44.584061596838865],[1.449554530466891,44.583996012519215],[1.449502550747069,44.58391604599882],[1.44938885838973,44.58383521328607],[1.449298029962345,44.583839340923454],[1.449093779577726,44.58379865608469],[1.448818290671025,44.58364531846909],[1.448564554708205,44.58357152265779],[1.448490250629122,44.58352455770298],[1.448320977932385,44.583357403325294],[1.44815258822445,44.58329561030285],[1.4470697392514,44.58281307569109],[1.446851446485017,44.582733471161774],[1.44661505169048,44.582670719655],[1.446282579191716,44.582528279810795],[1.446186422214485,44.58249721350805],[1.446082163541705,44.582485842419885],[1.445876730420869,44.58248835511964],[1.445574679908032,44.58238505918368],[1.445339566851063,44.58236734399802],[1.443533744295464,44.58251839881878],[1.443462305345571,44.58250478638351],[1.44328501531537,44.582400540642034],[1.442651984331853,44.58219262537424],[1.442588574457438,44.58216201754577],[1.442554329701412,44.58212461748466],[1.442492005448202,44.582100327855365],[1.441944264333042,44.58208900239483],[1.441864656707385,44.58205186274554],[1.441688365342761,44.5819116116206],[1.441614234799251,44.581904262960286],[1.44153454462564,44.58191574467264],[1.441302076863197,44.582030420162354],[1.441237913280395,44.58207273507497],[1.441119080349055,44.58222412998444],[1.441049141594126,44.58224745444261],[1.440791162249066,44.58223661024188],[1.440726410206493,44.5822546051716],[1.44049815611925,44.58239905242986],[1.43991248184988,44.582620390789174],[1.439638890243306,44.58262733188794],[1.439491897352172,44.582566728156685],[1.439303682465243,44.58253885750109],[1.439211446592592,44.58254835947627],[1.439056229584715,44.58260289303535],[1.438738807518296,44.58260020836288],[1.438685414035967,44.582617462216135],[1.438656187665136,44.58267197493153],[1.438658361144022,44.58277555424634],[1.438618248215953,44.58281370548716],[1.438373112907358,44.58288497566368],[1.438150848391929,44.58304030797084],[1.438082316314237,44.58305824794052],[1.437764042550253,44.5829952201275],[1.437660645325289,44.582998260027686],[1.437382242083538,44.583269851888964],[1.43719682092519,44.58341399798837],[1.437072162158554,44.58341133403673],[1.436771506934185,44.58330353146237],[1.436437135054703,44.58323036737142]]]}},{"type":"Feature","properties":{"CdOH":"05C0000002000885217","TopoOH":"le Rieutor","StatutOH":"Validé","SourceNomOH":"IGN;BDCarthage"},"geometry":{"type":"MultiLineString","coordinates":[[[1.369895153649776,44.58872378166992],[1.370088659296691,44.588568159008936],[1.37016926045301,44.58843878418978],[1.37029898817653,44.58813544856671],[1.37044642299271,44.58791701539652],[1.370552905084462,44.58763314639334],[1.370584617241555,44.58749494633725],[1.370667386768904,44.58676681075272],[1.370639363639185,44.58638461106017],[1.370643475072621,44.58606771698608],[1.370658623856612,44.585717669478385],[1.370692546175643,44.58541562217094],[1.370760265303423,44.585121276827664],[1.370855847367276,44.58482193974134],[1.370913745533548,44.584693130322286],[1.37097168151202,44.58460664206683],[1.371011051486666,44.584464953260394],[1.371279457052525,44.584245601855024],[1.371542264792023,44.58400185549301],[1.371819015009513,44.583711491256736],[1.371963393887543,44.58359836294206],[1.372468053629323,44.58326903505851],[1.372651328451337,44.583117760094744],[1.372935182556567,44.5827554629411],[1.373222835452207,44.582304978229104],[1.373481314703007,44.58203595171553],[1.374024199490766,44.581297481230855],[1.374193126235871,44.581031637320606],[1.374434879263731,44.580599383671995],[1.374655694281696,44.580325298365246],[1.374682510479459,44.580181623092926],[1.374751577676952,44.58014572137557],[1.375058946361495,44.579884614426454],[1.375742503004183,44.579466059780394],[1.375927446381881,44.579343618403634],[1.37602852276948,44.579246056458274],[1.376086134489844,44.57917036636947],[1.376097501765675,44.57890670583524],[1.376146664143888,44.578686821837294],[1.376308820125913,44.57839296220533],[1.376308392844627,44.57823267843791],[1.375956188974858,44.57760079792495],[1.375918253421115,44.57738683705831],[1.375815348419346,44.57706657002937],[1.375599095308906,44.57670141524713],[1.375362106425348,44.576225201594625],[1.375240623255491,44.57602531910451],[1.37516514746119,44.575802701954856],[1.375117349549986,44.57558139235485],[1.375141529554945,44.57548540154866],[1.375459064160482,44.575045257481946],[1.37566885083405,44.574671961199975],[1.375736469138773,44.57442353530609],[1.375704505998548,44.574177246799394],[1.375634274904694,44.57394750378175],[1.375582953258897,44.57384860173519],[1.375470734396844,44.573720890579565],[1.37536477563347,44.57363829307832],[1.375188463823891,44.57341779464439],[1.374825058609964,44.57273892380231],[1.374773283838069,44.57261210128191],[1.374557432298542,44.57227756541719],[1.374356208390088,44.57182888938512],[1.374166132182899,44.57121199609551],[1.374139321060851,44.5710495234518],[1.374075490609839,44.570554246049205],[1.37408884466733,44.57009071967627],[1.374116420835332,44.56987682261779],[1.37454048857661,44.56853601756188],[1.374579201421675,44.56837270865924],[1.374594199044536,44.56820184728691],[1.374593776709144,44.56804156417446],[1.374537333379779,44.567595920119565],[1.374411917893327,44.566877330574535],[1.374367651813858,44.566752419456414],[1.374278149698105,44.56658002000834],[1.374021317838917,44.56613862937166],[1.373823054390587,44.566156420144004],[1.373610486513201,44.5661460865334],[1.373520588852829,44.566118650111875],[1.373371541170056,44.566002100145056],[1.373307303284776,44.56591471256558],[1.373265454674959,44.565793438340904],[1.373126654456181,44.565234026744385],[1.3731243027886,44.56509712654925],[1.373165236237786,44.564900535103924],[1.373222914980694,44.56482214680144],[1.373521613758637,44.564509594600906],[1.373729624844723,44.56424072780512],[1.373753151538175,44.56407989714821],[1.373705060313157,44.563956730386536],[1.373738194430471,44.56389959075574],[1.373864970960959,44.563783501163556],[1.37392005185911,44.56370777560285],[1.374139774577053,44.5633382324368],[1.374544542195468,44.56253470414652]]]}},{"type":"Feature","properties":{"CdOH":"05C0000002000886249","TopoOH":"le Céou","StatutOH":"Validé","SourceNomOH":"IGN;BDCarthage"},"geometry":{"type":"MultiLineString","coordinates":[[[1.463448647861487,44.669419684813775],[1.463261097764084,44.669402672825306],[1.463202304819227,44.66938384725183],[1.463023517222412,44.66927691182008],[1.462973259325711,44.66926901005912],[1.462893769190926,44.66926880618554],[1.462603223386465,44.66932690015902],[1.462323824216899,44.669346429046385],[1.461876852410792,44.66931050133132],[1.46174650664423,44.669278073950615],[1.461513827955299,44.66915778049416],[1.461422338941609,44.66913489751639],[1.461241645612377,44.669144090424055],[1.461041360619453,44.66913139977623],[1.46072622892617,44.66902706622181],[1.460436240902286,44.66901852912334],[1.460314350281019,44.66895380156569],[1.460236853149795,44.66888068722602],[1.459956258058813,44.66848238561285],[1.459580384304972,44.66815389213457],[1.459447993632323,44.66815024786576],[1.459209755487031,44.66818745045882],[1.458735584873191,44.66831591312667],[1.45853127006203,44.66849675811174],[1.458411340828037,44.668683280817184],[1.458245337231316,44.66889347348562],[1.45814609498144,44.66896952906403],[1.457967505543056,44.66899405356886],[1.457354159945288,44.668905363424464],[1.457147713563201,44.668841254224105],[1.456625489093645,44.66851251040196],[1.4563041224089,44.668544044893466],[1.455851187644057,44.66867999523747],[1.455576242547435,44.668721180009236],[1.455081793244689,44.66866835388412],[1.454923725588441,44.66858870794449],[1.454473358872161,44.6681709123659],[1.454264122246012,44.66807074078096],[1.453737127937731,44.66787068066145],[1.453639507672507,44.66774955654714],[1.453586626903747,44.667607446923235],[1.453525784529434,44.66752555607307],[1.453333095009769,44.66732836549851],[1.453307371178881,44.6672082461687],[1.453258153218653,44.667116612743726],[1.453030594402869,44.66690272606078],[1.452983207759604,44.66683633068956],[1.45295256412621,44.66675756313934],[1.452948431694005,44.66663234296368],[1.453043987210298,44.66632302429933],[1.453048708325704,44.66619702749792],[1.45299617385247,44.665904547560494],[1.452940055491271,44.66569665966535],[1.452939603948183,44.66534547845453],[1.452925357640296,44.66526694022595],[1.452865135866337,44.66511662364052],[1.452821828338694,44.66485578843629],[1.452808765781851,44.664550353814114],[1.452850876750466,44.664257396659835],[1.45282720897682,44.66420033743884],[1.452704545267763,44.66407255917526],[1.452406421987029,44.663947729093856],[1.452353919456807,44.66388396325986],[1.452219683152671,44.66362635804287],[1.452130753724632,44.66351075692249],[1.452080502363115,44.66345692738409],[1.451952821837602,44.66337410047746],[1.451869655385391,44.66327838964221],[1.451867973935292,44.66306405951364],[1.452008363810277,44.66259238854156],[1.452092937455984,44.6621775651648],[1.452086927632245,44.66198298441976],[1.452260178150675,44.66155499465011],[1.452466831834665,44.6608294240424],[1.452466434966943,44.66070605726],[1.452419771096042,44.66061355887194],[1.45195823539668,44.660421609083535],[1.451910187793892,44.66037951613925],[1.45190289288372,44.66032358634218],[1.451911918799949,44.660224663496294],[1.452003388836143,44.659834249172874],[1.452091222839301,44.659530226842676],[1.452250471684498,44.65942800328863],[1.452290926580425,44.659379044748924],[1.452321663168841,44.65931644353163],[1.452348491983595,44.65916644433197],[1.452361992495881,44.65904237161061],[1.452343149068009,44.658947561110125],[1.452287485948057,44.65886123992177],[1.45230024487142,44.65876417023419],[1.452243642273432,44.65866613008032],[1.452166639510301,44.658575908467334],[1.452149997382736,44.65849283454664],[1.452158229823329,44.65805533290904],[1.452093962820819,44.65800670997923],[1.451707868183755,44.65782481912957],[1.450985661415617,44.65738699623103],[1.45063555523767,44.657089447983076],[1.450361291797963,44.65674073526471],[1.450088784961958,44.65646588304918],[1.449971286002339,44.65638049513648],[1.449809202758657,44.65635661306024],[1.44968047687188,44.65631248801159],[1.449167572802251,44.65624676920303],[1.448977006102902,44.656203577182204],[1.448820884749771,44.6561464607349],[1.44869757864591,44.656042981084354],[1.448595691569007,44.655848856647296],[1.448477086595708,44.655712126177306],[1.448344976611374,44.655653544945125],[1.447024835335458,44.65530815641228],[1.446769423013637,44.65519201439288],[1.446466245710264,44.65502387548996],[1.446387822438331,44.65493993295346],[1.446336203641281,44.65484466106121],[1.446245890209376,44.654734438470236],[1.446155031134593,44.65464401795762],[1.446028292825527,44.65457380357251],[1.445769743239826,44.654480126283524],[1.445402870956549,44.65438042376249],[1.445116263603331,44.65425213361728],[1.444507402023905,44.65377894264373],[1.444455961381739,44.65367736923793],[1.444451898474595,44.65355034917347],[1.444380325426422,44.653309823885195],[1.444197307458517,44.65313076227868],[1.443705034241807,44.65273034192795],[1.443373143335628,44.65259780822026],[1.443173990349401,44.65254638117221],[1.443062292721299,44.65247997681254],[1.443001929580235,44.65238187891594],[1.442894325705305,44.65207601333556],[1.442864194209813,44.6520251641607],[1.442775568406235,44.65194557762167],[1.442714676534698,44.6519123042469],[1.442643174701589,44.65189779081572],[1.442217234927838,44.65192781050873],[1.442099450778261,44.651899138177164],[1.442010079763807,44.65184655390087],[1.441821482755629,44.65168721952082],[1.441126043143355,44.65133615102198],[1.440954854599621,44.651186064954445],[1.440805625944847,44.65101737881948],[1.440522150163075,44.65082248767388],[1.440428725529847,44.65077974985031],[1.44007552320164,44.650734248859486],[1.439954233896625,44.65069561986116],[1.439561983767973,44.65046587539634],[1.4389310873339,44.650290390035174],[1.438605878998467,44.650236274945286],[1.437947451808386,44.65023508188237],[1.437758449408386,44.650181987407706],[1.436996487593943,44.64986597075546],[1.435813665634363,44.6495340926096],[1.434878046865462,44.649112954109015],[1.43412017993234,44.64892303786457],[1.432914999063851,44.64858000639442],[1.432651514630869,44.648529449506164],[1.432551604344406,44.648538838956185],[1.431801872024506,44.648737114762206],[1.431280181097628,44.648808955831214],[1.431093218513084,44.648818910107344],[1.430744854014944,44.648781551733165],[1.430406945548311,44.64868581153998],[1.429637883801494,44.64853622560133],[1.429031084740635,44.64844836876458],[1.428545589045555,44.64839825011616],[1.428193577483995,44.648401351999425],[1.427606606048166,44.64855238788596],[1.42738784530457,44.64857178874727],[1.427333295694332,44.64853769650046],[1.427264941723457,44.648410661742645],[1.427210934950461,44.64826672245391],[1.427154140294223,44.648222693259136],[1.426662263904501,44.648130154480086],[1.426514892429644,44.64812265522964],[1.426395641512288,44.64814707158498],[1.425829805035043,44.648354226584374],[1.425679965381532,44.64838991263628],[1.425524399465589,44.648404806648195],[1.42530689598724,44.64837919885235],[1.424966754105039,44.64827350515278],[1.424866236149853,44.64825946734738],[1.424544967190469,44.64829090935622],[1.424313675805379,44.6483524467431],[1.424246675731575,44.6484028177767],[1.424191453863791,44.64848307140857],[1.424156008401992,44.64866805890047],[1.424198186778558,44.648918984738756],[1.424188255804783,44.649003485474935],[1.424141051639925,44.64906764525658],[1.423890294110014,44.649238759296026],[1.423594192951805,44.649407425621675],[1.423278519884039,44.64955420138429],[1.423139948024976,44.64959274606186],[1.4227308353024,44.6496076228534],[1.422475654881854,44.649666114502594],[1.422111660588927,44.649871627491656],[1.421958612261098,44.64993157499084],[1.421782387601012,44.64996327762004],[1.421072039583859,44.64996934722155],[1.420495119699682,44.65016551198535],[1.420257436480501,44.65018462864834],[1.419790090272774,44.650161744390374],[1.419405486560612,44.650112126668844],[1.418758212739687,44.64998311472454],[1.418476881607549,44.64989444986925],[1.418236653939088,44.649869403701565],[1.418035866052487,44.64987733737013],[1.41743942467666,44.64995975025823],[1.41712255661191,44.64996872261743],[1.416975608209322,44.64999093164945],[1.416864644641371,44.650034365954966],[1.416565692984993,44.650213778493494],[1.415968883750701,44.650398829762935],[1.415856126381825,44.65046114688093],[1.415682055808311,44.65059552222318],[1.41555149292178,44.65066298670213],[1.415285739148747,44.650917609016346],[1.41513168424851,44.65110269565104],[1.414951792363724,44.65139906790873],[1.414829061099885,44.651546784080665],[1.414543955146628,44.65181643514354],[1.414363623130884,44.651948917926575],[1.414071735673306,44.65236974671309],[1.413997783578332,44.65244252345337],[1.413891299448155,44.65250582911257],[1.413231516771661,44.65282052888375],[1.412896128929515,44.652948983975215],[1.412797392448731,44.65296107396032],[1.412563205582193,44.65294510681115],[1.412232818178805,44.65285121971283],[1.411786219458412,44.652762866615824],[1.411585724787863,44.65275998751488],[1.41151548332783,44.65279049463399],[1.411465917215099,44.6528483122556],[1.411410583906012,44.65315547267027],[1.411391509304408,44.6532056241159],[1.411359071309401,44.653237574551056],[1.411251651601364,44.65328915841682],[1.410691293072902,44.65343238437687],[1.410587909203121,44.65347502106687],[1.410445375333381,44.65356391865189],[1.410206582155938,44.6537558852306],[1.409937049662078,44.653919495361016],[1.409583799634158,44.65400986480411],[1.409454660367794,44.65407103968235],[1.40932108655478,44.65411053973545],[1.40915104510185,44.65414591332042],[1.408892132912273,44.65415659646825],[1.408228143715226,44.65412723304914],[1.407752425885189,44.65408706918226],[1.406998482567356,44.65393754336427],[1.406795970893327,44.65391661748945],[1.406272046280392,44.65393068060073],[1.40615121966305,44.65392083548964],[1.406018012249255,44.65390270773147],[1.405890536343889,44.65386035012618],[1.405240282162814,44.653613256485215],[1.404970010068435,44.653579644330414],[1.404773384790574,44.653618229661255],[1.404473305342278,44.65383541345537],[1.404100608882179,44.65398851688088],[1.403739516376966,44.6540436368791],[1.403565447541059,44.65404292557393],[1.403418879692828,44.65400659272867],[1.403292743009484,44.65396155006699],[1.403032397288872,44.65380021175027],[1.402905076909004,44.653752450181415],[1.402795676718839,44.65374006501188],[1.402690580702831,44.65375385510984],[1.402582452381399,44.65378561043356],[1.402137742185648,44.654031314694194],[1.401790207061735,44.65418657484735],[1.401652624945274,44.65427823427035],[1.401399106478677,44.65436551664041],[1.401143228139032,44.654491483959156],[1.400962319733412,44.65464284686353],[1.400821992706432,44.654786692107066],[1.40064606856125,44.65502907272849],[1.400461246285212,44.65518488058133],[1.400174850925205,44.65536353143803],[1.399959309499845,44.655445957177115],[1.398928222743459,44.65541572954998],[1.398443246207164,44.65543482186308],[1.398022918229259,44.655309874716714],[1.397920121094868,44.65524265247246],[1.397610379482519,44.654955422138535],[1.397544671722003,44.6549148501014],[1.397344803335201,44.654845320508684],[1.3971988906452,44.654874722272574],[1.396766445519739,44.65490987614331],[1.396558787650094,44.65489245875552],[1.396497689389347,44.654867260685954],[1.395937024585286,44.65484202271366],[1.395294430293468,44.65490293773343],[1.394556326156537,44.65490663441666],[1.394400554528457,44.6549277852937],[1.394227803976216,44.655013522457914],[1.394021783161115,44.65516000747771],[1.393225214986415,44.65593093769307],[1.393105661055,44.656097586773505],[1.393068840960345,44.65619430143524],[1.393078528825648,44.65634121698035],[1.393140616207382,44.656508703837645],[1.393154186684912,44.65660795146292],[1.393140167992503,44.65670139555873],[1.392923674493524,44.65699360101287],[1.392610926805421,44.6572988147971],[1.392486703155293,44.657363643587956],[1.392427872285068,44.657391603318],[1.392211561603962,44.657411871415036],[1.391868160267926,44.657332141421314],[1.391509526499727,44.657299913212164],[1.390511842179545,44.657291704294515],[1.390338356072734,44.65731439275575],[1.390246453578557,44.657351775139986],[1.389856840099499,44.65760903886545],[1.388685662223289,44.65819709425168],[1.387734763705325,44.65893422322392],[1.38756520834568,44.658995684560104],[1.387161755533562,44.65907444623281],[1.386352841683127,44.65916980408262],[1.386290121376113,44.6591571831351],[1.386106029579057,44.65906535175344],[1.385798715838052,44.658870870317884],[1.385706116348881,44.65884430609347],[1.385653021199745,44.6588480335499],[1.385459758215131,44.65894426370113],[1.383873436396027,44.65992781568812],[1.383641218679937,44.660106316220904],[1.383503050354361,44.66021685506499],[1.383467863679066,44.660255961228614],[1.38344845194494,44.660316909010895],[1.383506491084086,44.66058069222227],[1.383520063215529,44.66076728631958],[1.383504551592881,44.66095615682508],[1.383451795100212,44.66116789511696],[1.383341735403343,44.661485951077054],[1.383230193815246,44.661679721419496],[1.383070288010381,44.66188809264582],[1.383033571585796,44.6620244263838],[1.383048149841254,44.662175917296885],[1.383034345472352,44.66226125953687],[1.382956379142877,44.6625599742069],[1.382850820817398,44.66285288274474],[1.382688300903065,44.66315216219943],[1.382591277717666,44.663279510033014],[1.382482468922551,44.66337787063018],[1.382405163983275,44.663477592249436],[1.382234788011771,44.663566948190116],[1.381187049739092,44.664023464810484],[1.380999363101761,44.66418820462519],[1.380869522862769,44.664271848515895],[1.380459451606247,44.66440361714181],[1.379822247257989,44.664579782753584],[1.379612351600595,44.66468296346342],[1.37951557769744,44.66480130781514],[1.379247981485059,44.66546283154659],[1.37905255705543,44.6658084484926],[1.379017452148617,44.66593219837415],[1.378947006894639,44.666494857659025],[1.378938316077194,44.66688463199928],[1.378916514594861,44.667028387090205],[1.378870367851369,44.66714116961317],[1.378783730259849,44.66725786111496],[1.378361048438861,44.667651473372544],[1.378196883323784,44.66787508403483],[1.377943363099052,44.6681343035978],[1.377841992466246,44.6682804938484],[1.377700768991521,44.668583681323526],[1.377512875527593,44.66875471611473],[1.377167945539068,44.66898918139738],[1.377037423577796,44.66905210044708],[1.376051428376934,44.669375307549],[1.375946494206288,44.66942599438328],[1.375740295326889,44.66957514641282],[1.375648705954761,44.66968816115077],[1.375470353462251,44.66996558795324],[1.375242375772832,44.670213470811596],[1.374715929883944,44.67061545159527],[1.374606948438162,44.670675082462374],[1.374426250873896,44.67072735629354],[1.373937534821277,44.6708273305523],[1.373507439704257,44.670994799130824],[1.373371565625267,44.67111166346759],[1.373306951639199,44.6712079641177],[1.373239580770515,44.6713123284207],[1.373150573646988,44.67155414628041],[1.373116738057566,44.67158966751953],[1.373011537183739,44.67164935247916],[1.372825373527872,44.67171595090721],[1.372582278412304,44.67183123744892],[1.372518038986277,44.671870813655225],[1.37247099086124,44.671926851150324],[1.37244249992176,44.672083113677445],[1.372512411577727,44.672371391716915],[1.372504778462332,44.67241720336982],[1.372414660630151,44.67256625613234],[1.372366688478148,44.672610573913964],[1.372032298937878,44.672828070323575],[1.371981049124243,44.67289845334025],[1.371946834674252,44.6729906982694],[1.371963726439434,44.67323587454718],[1.371985950405312,44.67338387857191],[1.37203522355066,44.67355659326628],[1.372033220745883,44.67362589996859],[1.37193615512896,44.673840584529586],[1.371935543686246,44.67390540936268],[1.371976286333882,44.674023970399766],[1.371981435879163,44.67410778987039],[1.371810085433463,44.674622138367134],[1.371435476243779,44.67548828067507],[1.371241556589284,44.67577897978105],[1.370824126415519,44.676292406158964],[1.370697843175175,44.67646974048344],[1.370658135912319,44.676577212329335],[1.370652242688405,44.67665006370992],[1.370668822068636,44.67673135023937],[1.370723726940301,44.676840215224296],[1.370912607612729,44.67711673942309],[1.371066924298971,44.67727929511336],[1.371194270845521,44.677327093746804],[1.371383821963656,44.67736230071871],[1.37147216619925,44.67740592309338],[1.371518360257582,44.677466934506235],[1.37152376868751,44.677629098917116],[1.371491020302555,44.67771416172799],[1.371313469627617,44.677831311237895],[1.371283205479246,44.6778740884103],[1.371280550983331,44.67796589741965],[1.371383395065593,44.678162813423704],[1.371414385676045,44.6782695251692],[1.371407400301317,44.67838018035343],[1.371374885513198,44.67845714235699],[1.371300479688065,44.67854249249979],[1.37051781060276,44.678854239301295],[1.37031859970741,44.678978272161814],[1.370024329009895,44.679116212516085],[1.369918199166261,44.679207397799395],[1.369868943060185,44.67929581894313],[1.369827784747504,44.67949691839415],[1.369723559193174,44.67974031139681],[1.369450918839005,44.68000283421734],[1.369450200250839,44.680071259540746],[1.369501287072787,44.680355661151054],[1.369398022583969,44.6805657506395],[1.369403753025217,44.680672991334085],[1.369448879265087,44.68077090732761],[1.369638250762061,44.680987109559766],[1.370002293644635,44.68127341991489],[1.370050830159877,44.6813407698185],[1.370046379573613,44.68140733925445],[1.369989071932021,44.68146862777019],[1.369764447370414,44.681641811583084],[1.369657947617699,44.6817455979524],[1.369585380679616,44.681854386541474],[1.369503840913985,44.68192432254079],[1.369270240636144,44.682058652830825],[1.3691125447943,44.68218689752954],[1.36903094701728,44.682345979214915],[1.368959619293404,44.682586254838185],[1.368947566540187,44.68274095864129],[1.368920546034419,44.68284591579591],[1.368869450109601,44.6829541199878],[1.368730310464143,44.683095244373504],[1.368557022053525,44.683325912561024],[1.3684098357372,44.683570472465796],[1.3682792943637,44.68385039612887],[1.368250117820973,44.68407328351228],[1.368209764701736,44.68415913402885],[1.368131613715393,44.684242626233186],[1.367921789641814,44.684383607899626],[1.36787086324548,44.684442288150386],[1.367825201778159,44.684537065007],[1.367724736427909,44.6848678583372],[1.367601305745518,44.685119971592776],[1.367559542172838,44.6852544267612],[1.367580383761785,44.68536279115579],[1.367656384183976,44.68552779858093],[1.367665183005247,44.68561617489184],[1.367638836974369,44.68569772950354],[1.367517377340842,44.685838212955275],[1.367202930473491,44.68610461710615],[1.36701692208618,44.68629457431839],[1.366852552457132,44.68639120114126],[1.366469992888362,44.68652512880136],[1.366246938478824,44.686686623252676],[1.365820211979714,44.687081034676154],[1.365600693481251,44.68733803057116],[1.365323282025013,44.687545545296594],[1.364831066404035,44.687803914478295],[1.36457160630122,44.68787121834872],[1.364166065287788,44.68805702638264],[1.363891226913355,44.68813220568047],[1.363582065459616,44.688259104462205],[1.363558150906154,44.68830017278865],[1.363580476609728,44.688357232927984],[1.36362688031415,44.68841104716333],[1.36360551539296,44.68845125272349],[1.363462348118448,44.68855629254769],[1.363380470893804,44.68859380230989],[1.363074797222043,44.68868743368035],[1.362927700372118,44.68871047132031],[1.362752132355227,44.68871417757119],[1.362297599402197,44.68863091204874],[1.362131413597793,44.688615846124236],[1.361979007729452,44.6886478087097],[1.361567719817686,44.688813711929775],[1.360991007035678,44.68898166638031],[1.360765233620913,44.68901884413288],[1.360141789388331,44.689014110830925],[1.359949319261176,44.6890346712948],[1.359833030483807,44.6890833747626],[1.359717085769651,44.689163599937025],[1.359654266246825,44.68924010999654],[1.359636323303248,44.6893794181424],[1.359650812644504,44.689445367784536],[1.359719797904652,44.68954724373735],[1.359810810391895,44.68962963556832],[1.359838685138301,44.689756115582504],[1.359781855957293,44.68980029730022],[1.35966461825589,44.68983818083012],[1.359352852307591,44.68983716165212],[1.358968485602913,44.68990170054832],[1.35884451854417,44.68995389109841],[1.358601607286867,44.69010246973094],[1.358298207320669,44.69024744920083],[1.357740538114368,44.690627282160264],[1.357662073907762,44.69072066815565],[1.357607248109877,44.690955780077346],[1.357467043681045,44.69130488630437],[1.357451521995799,44.69166394715394],[1.357434360397211,44.69177625237669],[1.35739569340272,44.691846816396264],[1.357190285366682,44.692050878032596],[1.357081980571594,44.69212851263959],[1.356807903235565,44.69226311784813],[1.356745338938449,44.692330625447234],[1.356609935654809,44.69264468346511],[1.356409595539962,44.69284791856562],[1.356098738881619,44.69320439454174],[1.355786539424352,44.69373644346357],[1.355633512989298,44.69396199170348],[1.355262469183639,44.69434728733704],[1.3551705092558,44.69447018715635],[1.355108834305925,44.694593536975276],[1.355001361545749,44.69511782063152],[1.354986244393532,44.69528958783855],[1.355022497248718,44.69551794832637],[1.354998441763258,44.695606738458146],[1.35492117519659,44.6957451647123],[1.354576746228137,44.6961695748],[1.354510730528789,44.696268546883644],[1.354475789427736,44.69638418956515],[1.354572216980085,44.69684306766994],[1.354681267556138,44.69708601775419],[1.354706768364291,44.69720706134862],[1.35472164734767,44.697389179824654],[1.354705266775534,44.697560928379986],[1.354578149144927,44.69772022512982],[1.354268279923684,44.69804159305351],[1.354071435844207,44.69821065839046],[1.354051582835817,44.698371549514015],[1.354110442643934,44.698690294972316],[1.354111176805773,44.69879476184685],[1.354092503407922,44.69913126464139],[1.354036052258855,44.6992916116436],[1.354024639001877,44.699422912398795],[1.354042513072604,44.69963209015491],[1.354013930674089,44.699789249634655],[1.353979092539936,44.69985806878198],[1.353864903546171,44.70000675140418],[1.353844026181081,44.7000730766756],[1.35386163970562,44.700161585928086],[1.35403271240061,44.70061527172758],[1.35418922450481,44.70091926061991],[1.35425621458793,44.701089547401615],[1.35424795693763,44.70119928358178],[1.354164631380914,44.701458284413754],[1.354208405306266,44.70164533526304],[1.354433676070023,44.7020160813752],[1.354520281467506,44.702292916663254],[1.354677853306939,44.70251767814526],[1.355006698582326,44.70327626992446],[1.355066463062613,44.70352118906649],[1.355053789359008,44.70360924815783],[1.355022867896726,44.70367362352505],[1.354919638535209,44.70379275440049],[1.354921583767989,44.7038990404067],[1.355029018777635,44.70432746624942],[1.355028808163852,44.70442111346054],[1.354983687112006,44.70458253013389],[1.354943535753329,44.70466027562248],[1.35488634580514,44.7047161562836],[1.35448170320479,44.70490914949219],[1.354453436150909,44.70496906178409],[1.354486433877608,44.70509291862167],[1.354479780733045,44.70514774928047],[1.354408547980018,44.70525204715038],[1.354196295966651,44.705472212117044],[1.354069975578677,44.70556038259576],[1.353743736942214,44.7056626894815],[1.353422939170997,44.705794792352016],[1.353203374690358,44.705919395376824],[1.353043182791872,44.70604308029133],[1.352443869702902,44.706113405656374],[1.351561256683166,44.70615609723355],[1.351129839100717,44.70614156825329],[1.35072747408389,44.70616979322753],[1.350441256412667,44.706155623603664],[1.350016210554362,44.706052937609755],[1.348835750402851,44.70544461905925],[1.348123153886707,44.705158439872264],[1.347915812355177,44.70503828270954],[1.347664863769151,44.704812117447524],[1.347561017886651,44.704693504277536],[1.347486253850423,44.70457352414957],[1.347448329058828,44.704445989523244],[1.347328479249698,44.704270406624886],[1.347091988427604,44.70411109182849],[1.346956373699906,44.703870438158155],[1.346879160761223,44.7037909429139],[1.346752567868567,44.703716113100775],[1.346644556525105,44.70369649029105],[1.346333896880519,44.703698153562605],[1.34607088643242,44.70366811036519],[1.345696831476467,44.70367873003898],[1.345448807849353,44.703654312229474],[1.344893189117142,44.703699135361454],[1.344553069725683,44.7037579843117],[1.344379969481873,44.703804922411514],[1.343407124191886,44.70395425740652],[1.343201075424119,44.70400520307219],[1.342945106308657,44.70412203717467],[1.342848726873342,44.70417912614427],[1.342620546580063,44.7044242446512],[1.34258787143209,44.70450479929578],[1.34259378204482,44.70464716474407],[1.342655815889214,44.70485610598049],[1.342618515989146,44.70492218361901],[1.342498665049538,44.705047357961824],[1.342401919469633,44.705202594227565],[1.342309907015101,44.705239937450855],[1.342175326688501,44.7052649368204],[1.342044410185973,44.70525126993853],[1.341687806202639,44.70514057177742],[1.34145681125412,44.705138011861465],[1.341320570929967,44.70517649263765],[1.341239614523329,44.7052671293996],[1.340971095561709,44.70589524817943],[1.340899476487186,44.70596891539501],[1.340804513106941,44.70602062099571],[1.340532705616091,44.70611740170873],[1.340408075562467,44.70619027400193],[1.340172834286879,44.70641727231232],[1.339983768588914,44.706534202485386],[1.339809193325298,44.706545092018935],[1.339332562846751,44.70647941169252],[1.339209219142664,44.706551401488355],[1.339135644432773,44.706648450993754],[1.339038118550626,44.70691533348195],[1.338973988966111,44.706991813366585],[1.338908715758703,44.70702145064367],[1.3388125257359,44.70702901225417],[1.338616690559418,44.70699005404576],[1.338433730045755,44.706985507292025],[1.338371073487683,44.706969258594505],[1.338316866577593,44.70692342055224],[1.338293482909913,44.70686003535449],[1.338313410499333,44.70669824646865],[1.338271386823108,44.70662467611477],[1.338214363789356,44.70658870112888],[1.338105592550589,44.70655194931289],[1.337988823422761,44.70652948514199],[1.337758115254169,44.706517016518966],[1.337502044266293,44.70655099197195],[1.337405030902969,44.70658645514359],[1.337333698668513,44.706650219082974],[1.337298915647962,44.70671633288358],[1.33733486655507,44.70678170802305],[1.337479323093261,44.706892836593546],[1.337506837854919,44.706944577654966],[1.33751010579548,44.70700495949738],[1.337470486732014,44.70706379682647],[1.337383357147917,44.70710661233668],[1.337288349196267,44.707116891848194],[1.336942611069201,44.70698022736821],[1.33671944766695,44.706968770428084],[1.336626671640762,44.706988988283975],[1.336467238126355,44.70708564656845],[1.336282202878777,44.70715130326181],[1.336042045552531,44.70715940035182],[1.335946638224937,44.707183180057655],[1.335851854479744,44.707228580805726],[1.335788225713579,44.70728795714991],[1.335740910280176,44.70739350366464],[1.335737439790084,44.707468192136346],[1.335711463003572,44.7075353383631],[1.335647700703837,44.707599215081956],[1.335569126500646,44.70760883970018],[1.335357708261428,44.707541726255066],[1.335248298307313,44.707526573770764],[1.335131060432023,44.70756263138259],[1.335079535385492,44.70759697564209],[1.334936463640056,44.70773800187129],[1.334855695224853,44.7077791101376],[1.334769361203682,44.7077949209136],[1.334502167740907,44.70773507129555],[1.334340960458545,44.70763539310608],[1.334243906051171,44.707629430418315],[1.334147021937042,44.70766039030225],[1.334090074633256,44.707707259386964],[1.334041440217436,44.70781458637805],[1.334037498441099,44.70794779961555],[1.334010363758351,44.70801132610398],[1.333955077697224,44.70804471277624],[1.333871480478088,44.708053360125795],[1.333773775887708,44.708026675972675],[1.33372462043675,44.70798091164868],[1.33365981271976,44.70795202103459],[1.333577824109573,44.70794898599761],[1.333547078814516,44.70796383155352],[1.333485022008877,44.708097971004804],[1.33343746853297,44.70812607087913],[1.333329543174958,44.70814605798125],[1.333149716609975,44.708120838441495],[1.332916033080162,44.708038076744764],[1.332812587247241,44.70803471803986],[1.332704475257204,44.70806100515649],[1.332358575617108,44.70827101272119],[1.331875360909688,44.70846994548649],[1.331707151039143,44.70852144037021],[1.331475092628161,44.70863950960682],[1.331363405672108,44.70865853764039],[1.330848597052911,44.7086876975169],[1.330650119490394,44.708737834000196],[1.330463714329178,44.708721515823356],[1.32964223481394,44.70853172814564],[1.329394102833999,44.7084253281823],[1.329048435911644,44.708329162015275],[1.328991851084013,44.70832110404734],[1.328673945997431,44.70835322552276],[1.328484510572391,44.70835396758568],[1.328363928253172,44.70833233616903],[1.328172731632356,44.70822229061837],[1.328007539631529,44.70817206991722],[1.327911346180241,44.70817962206076],[1.327783897817234,44.70821911975066],[1.327452349717987,44.70845544332731],[1.327277905105859,44.70850413587722],[1.326859493972992,44.70843387849412],[1.326760610105437,44.708404468810556],[1.3266067469688,44.708312994583196],[1.326503809338847,44.708292528316115],[1.326037999215582,44.708457480296026],[1.325899777985056,44.70847700213297],[1.325658940214822,44.70846525569195],[1.325531401302733,44.7084228046434],[1.325448467565231,44.7083666202405],[1.32532175130613,44.70821161983283],[1.325225312678652,44.70818494722769],[1.32517718898326,44.70818962218882],[1.325118191280774,44.70822024690637],[1.325067305836734,44.70827530762014],[1.324937991391737,44.70850477777412],[1.324888769411259,44.70854635619629],[1.324804179137676,44.708588299937894],[1.32465346913191,44.708603128799034],[1.32439794014936,44.708575848927616],[1.323717989974028,44.708934758121174],[1.323597951922585,44.70902208940636],[1.323538874591779,44.70909773676958],[1.323525638586311,44.709160570866565],[1.32354282955499,44.70921936323528],[1.323709242441039,44.70948302600467],[1.323714832567519,44.709549747143356],[1.323669049623535,44.709645406733394],[1.323624767379068,44.70969066140602],[1.32346567914778,44.70977469983802],[1.323352349738192,44.70980630191075],[1.323296385438719,44.70986218547052],[1.323018372707885,44.70982645753431],[1.322711304329732,44.709833512409176],[1.322580789565448,44.709933290865855],[1.322491522059829,44.70996255514412],[1.3224413227862202,44.71]],[[1.3176506667972574,44.71],[1.317645764870844,44.70997637621939],[1.317561386206318,44.70992646730079],[1.317468896378552,44.709894444949434],[1.317200823525633,44.7098642563783],[1.316754428178007,44.70984306261927],[1.316449883364891,44.7098501385108],[1.315882524291649,44.70990454436052],[1.315621991748544,44.709960013710315],[1.315471356448491,44.70997212982429],[1.3154071246145216,44.71]],[[1.3145475431219065,44.71],[1.314238947452363,44.709927257496034],[1.314091541766377,44.70987368472332],[1.314028273709386,44.70983580096786],[1.313964767826042,44.70976369471697],[1.313889012600577,44.70972111823813],[1.312774530218257,44.70970233878865],[1.312532448948095,44.70973196769738],[1.312443284458991,44.709757623533385],[1.312299805707389,44.709867998494225],[1.3121779738491828,44.71]],[[1.3085977556408757,44.71],[1.3083500761854678,44.71]],[[1.3079598715871046,44.71],[1.307686292809192,44.709927247031395],[1.307566986829032,44.709863289020944],[1.307469184981821,44.70971411238053],[1.307477229463199,44.709530533923186],[1.307507469937642,44.70940672760482],[1.307442683624181,44.70933549841297],[1.307394107072292,44.709313143846934],[1.307270629621025,44.709177982457426],[1.306988054431057,44.708958442897625],[1.306740964994288,44.70881868908048],[1.306389812674581,44.7085701836958],[1.306286513298454,44.708519976587084],[1.30612227717385,44.708480543536766],[1.306071491865305,44.70848967198656],[1.306018740227169,44.708522183254836],[1.305914699278466,44.70853860124356],[1.305197538061749,44.7086194758627],[1.305086655175457,44.70861147491038],[1.304687323817814,44.70849550005252],[1.304286979094482,44.70845515001311],[1.303970972108028,44.70846561791978],[1.303710949747377,44.708503957650535],[1.303369671550177,44.70851493714596],[1.302920684039014,44.70832885653605],[1.302469364627006,44.7080526885219],[1.302324811645633,44.708030661045],[1.30222466562041,44.70804353329996],[1.301707714631365,44.70835257991101],[1.301594267267293,44.708387760024614],[1.301424564650601,44.70840406698675],[1.301219630836441,44.70833248476194],[1.300713013928223,44.70808967988637],[1.299663443178657,44.707720569777685],[1.299311901201978,44.70761161275378],[1.299004803489853,44.707578078852684],[1.298956150221279,44.70755842084194],[1.29888315119801,44.70750867227163],[1.298768440560075,44.70733491438215],[1.298514333342588,44.70701043181465],[1.298379577340199,44.70687328588194],[1.298232673744026,44.70676206751278],[1.297995685594593,44.706623349583126],[1.297470267852028,44.706460384908574],[1.29726801649733,44.70642575693338],[1.296337340629206,44.706343901429996],[1.296098170774304,44.70636093210179],[1.295956357626847,44.70641548080268],[1.295112723048005,44.707045448655364],[1.294860568734478,44.70732432211598],[1.294855201205159,44.70737646842153],[1.294721273347354,44.707504077539404],[1.294579962757443,44.70762526928628],[1.29431283244614,44.70781476145486],[1.294237219293466,44.70785141747294],[1.29416231508947,44.70786467136676],[1.294023831217046,44.70785083101002],[1.293576858608248,44.70768275304979],[1.293153058043182,44.707583468512425],[1.293063553775837,44.70757848656392],[1.292837053881983,44.70759390464082],[1.292709773314023,44.707627061392785],[1.292461337905821,44.70774119546195],[1.292362233907874,44.70776127889674],[1.292136858734794,44.70778121540676],[1.29190360399343,44.707769512374995],[1.291683484016827,44.70769947899535],[1.291332738545102,44.707481548128186],[1.291165822201876,44.70740603131471],[1.290744519767263,44.70726625350455],[1.290557994423822,44.707254368553585],[1.29037435859731,44.7073136674612],[1.28983938280794,44.707673709683604],[1.289597006101647,44.70779603551992],[1.289117317582906,44.70795701732426],[1.288801161462308,44.70813853488055],[1.288724528337402,44.708167066923124],[1.288240712557067,44.70825594112141],[1.288190694127807,44.708281282295616],[1.288157962967637,44.70831949777072],[1.288162467613606,44.70837900052573],[1.288239491121132,44.7084207140185],[1.288507860238546,44.70864818744986],[1.288730718078471,44.70896050441603],[1.288950565471822,44.709330406513054],[1.28900850938205,44.70954291991082],[1.28902115100696,44.70975023068556],[1.289007985748499,44.70980946034907],[1.2888494115524893,44.71]],[[1.471928624059643,44.67126508404328],[1.471184719253474,44.67133584782649],[1.470553649208791,44.671340632936435],[1.469604587902394,44.671205949526346],[1.468576750673281,44.67113770111836],[1.467439211264221,44.67111294601352],[1.467039604246464,44.671051582457366],[1.466402733652533,44.67089868520915],[1.465772810781379,44.6707224689659],[1.465311759771979,44.67050807146842],[1.464808865925849,44.67030119546925],[1.464645930656006,44.67021429250422],[1.464320793349776,44.670106228684105],[1.463694788434217,44.669786883673865],[1.463548966013687,44.6696741037086],[1.463465515672129,44.66954147947658],[1.463448647861487,44.669419684813775]],[[1.471928624059643,44.67126508404328],[1.471687329781798,44.671135688853575],[1.471511156977195,44.671071124454706],[1.470790542193022,44.67088828142231],[1.470298655728393,44.670832857793556],[1.470139289511255,44.67080003916753],[1.46981778564084,44.670650621371],[1.469629124845862,44.67058137899508],[1.46941238588565,44.67057027689425],[1.469208397281374,44.670600771317766],[1.469044220893448,44.67060570330525],[1.468739649485308,44.670576276028],[1.468128265321247,44.670460659768224],[1.466789396596119,44.67009094029347],[1.466652188357846,44.67003231068803],[1.466373106552409,44.66994740238194],[1.464958993233587,44.66965405593935],[1.464489012113635,44.669489956081755],[1.464201057648858,44.669406719987734],[1.463960029569588,44.6693610529756],[1.463751880510086,44.66935906344109],[1.463448647861487,44.669419684813775]],[[1.48,44.673510345589776],[1.479857402788887,44.67354167293787],[1.47961968974914,44.673559117094996],[1.479356506334046,44.67353839200215],[1.479135459419049,44.67354615926418],[1.478611781234113,44.67359208632104],[1.478254493471507,44.67364480163284],[1.477773074250347,44.673667894335324],[1.477547540235249,44.67365488645271],[1.477082527275589,44.67358455552663],[1.475639550065691,44.67346653691179],[1.475346716445138,44.67351562857384],[1.475205525302104,44.673556904385514],[1.474811156096235,44.673301144978765],[1.474524483048552,44.67316932967447],[1.474378246260601,44.673024142479655],[1.474164294867222,44.67276996776833],[1.473956657708294,44.67265544888664],[1.473587271793044,44.67250268047946],[1.473410684770071,44.67240659782744],[1.473253385687983,44.672297274342],[1.473050331417087,44.6720603562806],[1.472955834052564,44.67182223478914],[1.47281620467495,44.671666331337185],[1.472629440193993,44.671526885523825],[1.471928624059643,44.67126508404328]]]}},{"type":"Feature","properties":{"CdOH":"05C0000002000885149","TopoOH":"","StatutOH":"Validé","SourceNomOH":""},"geometry":{"type":"MultiLineString","coordinates":[[[1.3437751088727081,44.71],[1.343686903601032,44.7096810421268],[1.343662250577769,44.7094888692671],[1.343251390994488,44.70864616815327],[1.342977596318337,44.708166612862414],[1.342881955466818,44.707940959819574],[1.342862644209633,44.70786773123271],[1.343167980009769,44.707661586905985],[1.342754285221719,44.70605792970297],[1.342401919469633,44.705202594227565]]]}},{"type":"Feature","properties":{"CdOH":"05C0000002000885224","TopoOH":"Ruisseau de Salvezou","StatutOH":"Validé","SourceNomOH":"IGN;BDCarthage"},"geometry":{"type":"MultiLineString","coordinates":[[[1.351686012119997,44.57651464781815],[1.351410779709568,44.57623320469669],[1.351303154091762,44.576036202769906],[1.351158734484357,44.5756756718148],[1.351118773377822,44.57540494321655],[1.351128537807516,44.57532945200026],[1.351184712382156,44.57521773552256],[1.351188282725214,44.57518177121273],[1.351147733990872,44.57506050695349],[1.351184835959395,44.57495480886289],[1.351265852444086,44.57485516890731],[1.351289815713302,44.57468174168473],[1.351378340103285,44.574497572387244],[1.351379301270887,44.57424906535475],[1.351249049386223,44.57392116200758],[1.351001263809671,44.57339070587914],[1.35086940839676,44.573160926095035],[1.350780421796736,44.5728867642912],[1.350674242483511,44.572425054336634],[1.350622059259054,44.57218475826835],[1.350594770064894,44.57195473877691],[1.350599075413314,44.57159192614723],[1.350655678593383,44.5713361463292],[1.350618225417104,44.57093669265664],[1.350634318313072,44.57012743871829],[1.350622763592519,44.569962485942256],[1.350570481179083,44.56968256928745],[1.350591137070511,44.56953610633356],[1.350807080543752,44.56908641068241],[1.350881103557712,44.56875165264525],[1.3508935726849,44.56862667797208],[1.350903796443089,44.568363002368976],[1.350885406869179,44.568043972858256],[1.350921176561576,44.5678112936359],[1.35107879400058,44.567460675530654],[1.351129092548691,44.56724802285062],[1.351125321639705,44.5671615245788],[1.351094325201842,44.56705841196368],[1.351039275709514,44.566959442403245],[1.351029581115347,44.56681702859045],[1.351065257929792,44.56568211035705],[1.351018536015074,44.5654274896222],[1.35096889239574,44.56531599467109],[1.35061622342227,44.56488482166205],[1.350438073693334,44.564602125105],[1.350311908369607,44.56435081965352],[1.350180046736116,44.56416516082012],[1.350126054039772,44.56403018919076],[1.349973479430434,44.56377758838431],[1.349923825101738,44.56353733045166],[1.349969829399783,44.563256181322735],[1.349980582722163,44.56297450552532],[1.350037387888432,44.5624531014698],[1.350029214679512,44.562344927068544],[1.350053772165068,44.561677170787114],[1.35003337949892,44.56039284548447],[1.350051027249665,44.5592720678807],[1.350081087112334,44.55893305321521],[1.350138645561716,44.55873041503438],[1.350260833259369,44.55842789378571],[1.350741878830681,44.55765350284601],[1.35084464941829,44.55741192064568]]]}},{"type":"Feature","properties":{"CdOH":"05C0000002000885188","TopoOH":"","StatutOH":"Validé","SourceNomOH":""},"geometry":{"type":"MultiLineString","coordinates":[[[1.355425029630733,44.62311633660218],[1.355190169083283,44.623301037841095],[1.354648816597173,44.62361894726981],[1.354537882720791,44.623704640444785],[1.354466254412077,44.62378281447383],[1.354359519906026,44.62394060653486],[1.354241258808278,44.62406130818472],[1.353811644786512,44.62426561866671],[1.353334872885595,44.62440079038651],[1.352963439937857,44.62455553866493],[1.352720327232565,44.624590636090495],[1.352331906519313,44.624679395773455],[1.352004482577058,44.62470873274432],[1.351238681331073,44.62463788409309],[1.350892720745803,44.62465433491021],[1.350465716060963,44.62485506977811],[1.350042418203678,44.624972115767655],[1.349755242956032,44.62500474818978],[1.349608016976253,44.6250376682866],[1.349155816568151,44.625065134073424],[1.349003706880221,44.625092577696215],[1.348866193895817,44.625138248289474],[1.348761212175338,44.62519250874131],[1.348273899850229,44.62547157495301],[1.347826996768534,44.625920529319885],[1.347223462879065,44.6261636367695],[1.34711443891831,44.62618361784634],[1.346634044809587,44.62609719407726],[1.346285883656452,44.62601634810997],[1.345923998762492,44.62588757135081],[1.345745425152336,44.62587139255063],[1.345227636279363,44.62598520555895],[1.344783543148981,44.62599386531299],[1.344343954371274,44.62606382201759],[1.344001235369747,44.62609830918814]]]}},{"type":"Feature","properties":{"CdOH":"05C0000002000885189","TopoOH":"","StatutOH":"Validé","SourceNomOH":""},"geometry":{"type":"MultiLineString","coordinates":[[[1.326346419011562,44.64290350295976],[1.326372177267026,44.64297052758177],[1.326404105806505,44.64401915824535],[1.326394252216726,44.64418109382178],[1.326305421472047,44.64453903724641],[1.326324720851248,44.64465368910942],[1.326527809443726,44.64512050493519],[1.326764024228423,44.645533793363846],[1.32694402092187,44.645758932869505],[1.327151644429535,44.64594576972102],[1.327202514057299,44.646016775914745],[1.327452744861686,44.64625558349922],[1.327623360130446,44.64649948989806],[1.328593359426942,44.64730746876976],[1.329820702175311,44.648413779619176],[1.329970132404656,44.64860693603073],[1.330004166256199,44.648863183779035],[1.329967261968561,44.64891665480845],[1.32992490679349,44.648941228433735],[1.330320698719154,44.649334407015935],[1.33066429671025,44.6496160383944],[1.33143781279577,44.65007614549594],[1.331563225697172,44.6501860940219],[1.33164584785439,44.65042056246332],[1.331787571483121,44.65104492601936],[1.331849097904008,44.6512250478637],[1.331376379303356,44.651298959581],[1.331539271454297,44.65193264775323],[1.331535421290014,44.65253140361998],[1.331488679193405,44.65330060236642],[1.331456425962054,44.6534099734634]]]}},{"type":"Feature","properties":{"CdOH":"05C0000002000885190","TopoOH":"","StatutOH":"Validé","SourceNomOH":""},"geometry":{"type":"MultiLineString","coordinates":[[[1.315216602068232,44.653542896946334],[1.315138957048445,44.653566027079236],[1.314845957081461,44.65357687154919],[1.314705071347689,44.653647663594654],[1.31454743855766,44.65377222887792],[1.314356073281936,44.65397011897964],[1.314262335527043,44.65419380961684],[1.314149794612987,44.65437128928593],[1.313705294516262,44.654765225841366],[1.312465500938453,44.65614475959841],[1.312379491664393,44.656278519088474],[1.312306236150579,44.65653403767879],[1.312305559551467,44.65676725122937],[1.312367147084432,44.6570698511447],[1.312349049488191,44.657168627654244],[1.311980221418194,44.657814946296256],[1.311953403370489,44.65790998779056],[1.311921547221601,44.657962629892715],[1.31174289602131,44.6580301407317],[1.311807083186018,44.65816168980591],[1.311791122550744,44.65831542811616],[1.311814746588675,44.658411239434464],[1.312211775737539,44.65855056894082],[1.312234307251857,44.65859863811047],[1.312228583016639,44.65866338525697],[1.312251000786881,44.65875737711809],[1.312349098362836,44.65893626818072],[1.31249962095433,44.659344680626425],[1.312513113638932,44.65956820529847],[1.31248317263477,44.659936044574195],[1.312436105379553,44.66015954591422],[1.31243961476172,44.66059002866219],[1.31246490050157,44.660714680590985],[1.312574211761775,44.660940567533466],[1.312643033035244,44.661170339167],[1.312740537513447,44.661411354022],[1.312899342579352,44.66175415745882],[1.312923826473161,44.662074201234105],[1.313023748230042,44.66252956700298],[1.313061248899164,44.66262558976222],[1.313241051599028,44.6628993760046],[1.313285382027107,44.66310446093642],[1.313268518331927,44.66320415712129],[1.313136925536317,44.66342727069892],[1.313047058554366,44.66364741852448],[1.312979046161857,44.663769747203304],[1.31288428998572,44.663816027625494],[1.312757470479693,44.663837505976254],[1.31271962922637,44.66387925141514],[1.312690799281236,44.66395715351324],[1.312662297015869,44.66419264473489],[1.312673798196821,44.664272062464526],[1.312816873193108,44.664508369612726],[1.312844473848242,44.66459793815112],[1.312874246076618,44.66490995858962],[1.313124166052067,44.665244246196146],[1.313211583889301,44.66531671711203],[1.313367377418275,44.665381225611156],[1.313379149271222,44.6654516426007],[1.313198019333172,44.665854097512515],[1.313125105029762,44.66588720403493],[1.312840330200672,44.66591617926791],[1.312725794848884,44.66594865078589],[1.312712853420866,44.666001581809816],[1.312723891202909,44.66613862332421],[1.312623243045089,44.66646576399589],[1.312544731974741,44.66660143969954],[1.312445938472469,44.66669808526606],[1.312248254547999,44.666810331322445],[1.31216083240305,44.666948572294544],[1.312152944078594,44.6671276478377],[1.312170017403744,44.6672737863822]]]}},{"type":"Feature","properties":{"CdOH":"05C0000002000885146","TopoOH":"","StatutOH":"Validé","SourceNomOH":""},"geometry":{"type":"MultiLineString","coordinates":[[[1.3060145408690025,44.71],[1.305828660329061,44.70988713042409],[1.305711090135848,44.709765565088354],[1.305390888926405,44.70895021662134],[1.305174238375872,44.70868035301318],[1.305138323598181,44.708614967391725]]]}},{"type":"Feature","properties":{"CdOH":"05C0000002000886323","TopoOH":"Ruisseau de l'Ourajoux","StatutOH":"Validé","SourceNomOH":"BDCarthage"},"geometry":{"type":"MultiLineString","coordinates":[[[1.367217169806842,44.60902528682189],[1.36653041970965,44.60936541363764],[1.366361459537709,44.60941064015309],[1.366217481850097,44.60942021776114],[1.365524485666027,44.60954053662561],[1.365420227250917,44.60957141091484],[1.364851813938024,44.60987275747755],[1.364660275301327,44.609914045606466],[1.364257780315188,44.6098837773155],[1.363931192264385,44.609800604246765],[1.363487516733038,44.60979943837377],[1.363402176507454,44.60978646887057],[1.362870524739136,44.60968945053414],[1.362003758888265,44.60949921951405],[1.361484445786065,44.60936816021106],[1.360895945028809,44.60927569217614],[1.36068434620019,44.60926985250783],[1.360415659664596,44.60931989392355],[1.360116605912605,44.60941720799006],[1.359654930587501,44.609471587541265],[1.359500711309334,44.60944318549745],[1.358814048467385,44.60908541725523],[1.358625310916961,44.60903038832629],[1.358295420636691,44.608801276407455],[1.358173069998854,44.60876073955127],[1.357552108318258,44.6086146447521],[1.355378532141726,44.60828427269527],[1.354810843591826,44.60795436259672],[1.35461234921923,44.60788837607339],[1.354515622364603,44.607833809374455],[1.354330122838908,44.60771128739228],[1.353853241658139,44.60733680139049],[1.353459833529517,44.60708241647526],[1.352570685127778,44.606582021953386],[1.352302878542592,44.60647267677652],[1.352113787923968,44.60643023761358],[1.351980423214876,44.60637872415579],[1.351895038209423,44.606367545904284],[1.351481785761851,44.60636138241751],[1.351267366283289,44.60632306623031],[1.350743215424346,44.606316145944774],[1.350534596061085,44.606295023460575],[1.350350761328883,44.60620223441633],[1.34988339485316,44.60610701291975],[1.349386836917187,44.6060617787345],[1.349300930574343,44.606025378032236],[1.349232114394567,44.60596492034245],[1.348946194639285,44.605484310290024],[1.348877722030228,44.60541215163955],[1.348627786279657,44.6049942095413],[1.348555614084788,44.60491929405424],[1.348517742846444,44.604662999922624],[1.348479060763961,44.60460659387651],[1.34835565613302,44.60451650540348],[1.348198609742605,44.60437008597877],[1.348110651392042,44.60418868099109],[1.347743671232918,44.60372216386679],[1.34714789857258,44.60310635073522],[1.346698681546933,44.602607984762045],[1.346509140026288,44.602366529386764],[1.346242071877297,44.60210410360623],[1.346026948865487,44.60183254968476],[1.345907156001387,44.60170559399603],[1.345791162295577,44.60162101624007],[1.345103236970088,44.60126944547012],[1.344941647102897,44.60123550967659],[1.344251787631688,44.60116484528504],[1.344053638052389,44.601131260844284],[1.343950026243507,44.60109729192521],[1.343761136002388,44.60096299517934],[1.343645182312986,44.60083429361693],[1.34345946508546,44.60072075428219],[1.343284856946556,44.600701028103074],[1.342520113673255,44.6006913612405],[1.342274941394148,44.60062825382525],[1.342208262104865,44.6005813305077],[1.342160489645425,44.60049146912952],[1.342148104010375,44.60014100774175],[1.342123431172139,44.60003708568745],[1.342062092845978,44.59993711578652],[1.341872956607228,44.59976859491257],[1.341817193211846,44.59973624236836],[1.341360925573699,44.59960873435924],[1.341081057547921,44.599568515184494],[1.34049182198408,44.599291333273996],[1.340203039896729,44.599125815232476],[1.339800393690504,44.59901801556837],[1.339410955896433,44.59888970252656],[1.339158381245908,44.59877875290182],[1.338986006889919,44.59868341547835],[1.338838601852392,44.598553335536145],[1.338779948100273,44.59836245851943],[1.338771365817546,44.59818313966396],[1.338788801155754,44.59806184084447],[1.338965633301686,44.59770611951563],[1.339021414355364,44.5974809447704],[1.338734772477201,44.59677248302953],[1.338481290828168,44.596393183793445],[1.337966540927507,44.59555702771612],[1.337925992745284,44.595478979044366],[1.337905784972193,44.595394933170326],[1.337805290290219,44.59525565252315],[1.337564802138713,44.594991804347245],[1.337383333412727,44.59482068967957],[1.337317779228552,44.59473596136362],[1.336939571093672,44.59439890376366],[1.336813661396249,44.59430966490326],[1.336485764875906,44.59397606437184],[1.336411369052481,44.59389210284702],[1.336275135754498,44.59368294802448],[1.335742970011543,44.593140066170776],[1.335413686752374,44.592982029337335],[1.335049755840627,44.592631673494814],[1.334683274001656,44.59245326399151],[1.334465341872501,44.59236533674227],[1.334066863002751,44.59228909417071],[1.333058200294037,44.59217933388212],[1.332175349529157,44.591991323408344],[1.330553439736558,44.59144096543334],[1.328347003966548,44.59041800865559],[1.327947195921218,44.590259782576524],[1.326994471642434,44.59004996229407],[1.326187816486506,44.58992879004983],[1.323469416574131,44.590025342809064],[1.320735786488049,44.590209841737064],[1.317786128024193,44.59003170337964],[1.316707017036297,44.59013142638184],[1.315967508148811,44.590083238514225],[1.315168230178662,44.5901376864818],[1.314031500944451,44.590183377987366],[1.313561686855417,44.59021852913497],[1.312870827563629,44.59031333495172],[1.312155858146655,44.59032942858272],[1.311846515638393,44.59034991517819],[1.311296377556324,44.59041624579389],[1.311104919710185,44.590455640709436],[1.310641647274516,44.59060883916966],[1.310352918546475,44.59074039284233],[1.31019518980827,44.590831627995016],[1.310041412719586,44.5910012630272],[1.30986161126215,44.59132447773323],[1.309778518200487,44.59140604856374],[1.309716953312946,44.59144202543044],[1.309000965657698,44.591785849383946],[1.307823673235849,44.59221625228261],[1.307104685883229,44.59257532621169],[1.306667704902365,44.59294322022751],[1.306542298212003,44.59309077413894],[1.306396527291864,44.59332896199086],[1.306335835280495,44.593503620908365],[1.305820307877323,44.5942205859987],[1.305682570129857,44.59435894543491],[1.305349669341332,44.59449161026999],[1.304719956064345,44.594688155428386],[1.304585286477811,44.59476622993854],[1.304417394069278,44.59490142382304],[1.304189789446029,44.59522029508404],[1.303773366207303,44.59590905755999],[1.303717296012082,44.59609729322275],[1.303694911879421,44.596296851529544],[1.303652914034005,44.596478099556485],[1.303579802782058,44.59664626348613],[1.303438724087581,44.59689532565834],[1.303006038554361,44.597579334047154],[1.302852641710851,44.5977768802438],[1.302629146425261,44.597916620525076],[1.30254322968456,44.5980494692917],[1.302515895720868,44.59812018574646],[1.302501131772052,44.598191995758434],[1.302543407806476,44.598336718826374],[1.302870918772965,44.599180077957094],[1.302896047530477,44.599308329277584],[1.302870262329468,44.599746457565985],[1.302872283558499,44.59997250424383],[1.302837919110386,44.600067425306094],[1.3027731577942,44.60016728226762],[1.302491176286445,44.60044929754513],[1.302065144416768,44.60065976339334],[1.301923128407211,44.60077193976814],[1.301843030571149,44.600878764271066],[1.301641706491964,44.60128628071575],[1.301531669693224,44.60146648275199],[1.301422098470475,44.60225900588446],[1.301398374539845,44.60258640938918],[1.301324949269386,44.60284821569484],[1.3012265097353,44.60352204921871],[1.30125445058537,44.60389166833665],[1.30135240256444,44.60419662986886],[1.301354673622281,44.60453974105814],[1.301405036457524,44.60487638777649],[1.301425716998418,44.60531973339497],[1.30161908194547,44.6059305177735],[1.301655793089518,44.606134586623085],[1.30173167932884,44.60687953550583],[1.301795838626918,44.607093030785265],[1.301882988809175,44.607254652410084],[1.302012163554045,44.60761141978533],[1.302220173960472,44.60798740740332],[1.302520611987624,44.608643057619176],[1.30271012254576,44.60896383191534],[1.302881722720667,44.609125849202734],[1.302914984475472,44.609235316097305],[1.302907033677343,44.60937386547508],[1.30297174192028,44.60956935931667],[1.303032211608547,44.60986383911237],[1.303007054599928,44.60998771691457],[1.302550944141281,44.61031568551716],[1.302503674954469,44.610420313884056],[1.302439741008392,44.61049226955558],[1.30216296295089,44.61068341894722],[1.301786721682366,44.6112890542893],[1.301728407682256,44.61146735083423],[1.301737592766376,44.611580950572986],[1.301830846313418,44.61179129132112],[1.301959232344623,44.611965252674906],[1.302167719035449,44.61215845366049],[1.302444588715125,44.612550806903535],[1.302561841487503,44.61275971471106],[1.302729770500095,44.613211625795785],[1.30281342649875,44.61361541847136],[1.302805542061688,44.61370984629616],[1.302157043223973,44.61460665586779],[1.301385192941495,44.615747394140584],[1.301330302149977,44.61585370614178],[1.301338037248507,44.61597358709548],[1.301375689832992,44.61610473341314],[1.301382056497152,44.616228195211875],[1.301424397401436,44.616371119638316],[1.301566016511371,44.61660831765773],[1.301670185209576,44.61683323402721],[1.30175447627536,44.61717400517018],[1.301842942941686,44.61729242503287],[1.30197426861947,44.61736918126023],[1.302290185899144,44.61747038378724],[1.302468802182955,44.6175676760054],[1.303009476096896,44.61769934183723],[1.303127538466867,44.61775608277302],[1.303160656072438,44.617828628519014],[1.303146010407806,44.61793826067423],[1.30328411494398,44.61804123292027],[1.30341760190865,44.61825579203613],[1.303433865071858,44.61838570891232],[1.303401481689357,44.618456348788676],[1.303463656598697,44.61873644789223],[1.303443318727177,44.61878386051463],[1.303272127572078,44.61894241660445],[1.303221965699324,44.6190172858975],[1.303064435527641,44.61939216360559],[1.302982483131532,44.61943412795179],[1.30290166834377,44.61943829006385],[1.302813360616639,44.619481957652255],[1.302752370640908,44.619539551628904],[1.302716503166381,44.61960023271985],[1.302631677605266,44.61965385878378],[1.301795798864342,44.62011376638768],[1.301552170648297,44.62029101749655],[1.300880883189313,44.620978564485746],[1.300672367656838,44.621329243526134],[1.300561514354051,44.62157696928798],[1.300487451311828,44.62181715637136],[1.300251009146183,44.62234119604744],[1.300186811702342,44.62250499482897],[1.300133612590896,44.62280583407137],[1.300099175348538,44.622902555240096],[1.300061879795852,44.622968616484144],[1.299899922556432,44.62311290243146],[1.299631140127,44.6235382926382],[1.299470021663257,44.623654676362094],[1.299398762980582,44.62375983565555],[1.299336903482025,44.623971394977765],[1.299161356703227,44.62423163157377],[1.299096056552672,44.624390010137304],[1.2990814940405,44.62453836368814],[1.299104104865412,44.62466657836906],[1.29917258703818,44.62482071196255],[1.29919466655641,44.62500834951312],[1.29931014557303,44.62519292158176],[1.299327014210933,44.62526071637329],[1.299497223196282,44.62559560829319],[1.299724951807762,44.62586294884001],[1.299896591493668,44.62610871555962],[1.299931283936105,44.626129059413564],[1.299876636648335,44.62693774236735],[1.299906576732584,44.62719933939084],[1.300030881451424,44.6278441872714],[1.300147946144164,44.62826920877762],[1.300141354803054,44.62840417815096],[1.300061428354815,44.62858754589378],[1.300024614354642,44.62872115010422],[1.299901969111973,44.62889935854817],[1.299489274524618,44.62920367444009],[1.299200449172808,44.62949818836873],[1.299188910977338,44.62958805808074],[1.299346908066386,44.62991015613472],[1.299366000358252,44.629987890420956],[1.29774897970855,44.63104537410423],[1.297534207265653,44.63114201972374],[1.297473943297155,44.63121673149547],[1.296960515778132,44.63138981933959],[1.296685574522459,44.63151615265059],[1.296495082998027,44.6316437864853],[1.295723034727145,44.63194525340133],[1.295622296396202,44.63202384271634],[1.295432362277992,44.63221631752589],[1.295286218694011,44.63229510701636],[1.295148399695561,44.632348811408356],[1.29466163458995,44.632473674427885],[1.294536664430145,44.63251947198492],[1.294414685826552,44.63259142930813],[1.29417877311783,44.632677837318404],[1.293419822230627,44.63312896955824],[1.292973150811336,44.633345392145635],[1.292855665310167,44.63343542669887],[1.292678022197439,44.63363799209828],[1.292641507944987,44.63371937150091],[1.292616698059471,44.63399723523663],[1.292554346177752,44.634098926576],[1.292445430267415,44.63415577549959],[1.291979433019206,44.634218815045095],[1.291690219228743,44.634357522642325],[1.2915219870628,44.63449899941628],[1.291078871662395,44.63480551728546],[1.290700110447186,44.635027483121114],[1.290563759284681,44.63507400090864],[1.290437147267211,44.63521521911556],[1.290076856813818,44.63549329804931],[1.289979717482282,44.63553591914912],[1.289882300414198,44.63554611871719],[1.289570585962073,44.63551158152233],[1.28943228514535,44.635539157788166],[1.289139108768598,44.63564177861542],[1.288991850872734,44.63571514006287],[1.288925322574978,44.63578794966944],[1.288813878635839,44.63584475603988],[1.288500035244739,44.635921842032936],[1.2878951421967,44.6360313404765],[1.287808112092337,44.636073215771226],[1.287651677809609,44.63624098350904],[1.287468576542973,44.63637321942398],[1.28639681369253,44.63673931801728],[1.285786841193362,44.63693247089602],[1.285636011386446,44.63695714684238],[1.285306480581584,44.636969146321874],[1.284341782566691,44.63692446657606],[1.283900334104618,44.63684287650394],[1.283618595854721,44.63681779257937],[1.283359630638524,44.63674893803549],[1.283094855761526,44.63674662808388],[1.282781083800801,44.63669673168959],[1.282133835303617,44.63670558801306],[1.28156369933153,44.63674985719342],[1.281290266946276,44.636700583463195],[1.28106060008701,44.636622273615124],[1.280778344791705,44.636572861446474],[1.280624198748424,44.636582170865914],[1.280389373924332,44.636631647446855],[1.279793806224796,44.63668271583553],[1.279556129475478,44.63674295205274],[1.27941743298985,44.636824538545056],[1.279179861826821,44.636922595759266],[1.279065170253825,44.63700275444769],[1.278906790785544,44.63715066949069],[1.278811584195181,44.63721222114248],[1.278708102995855,44.63725563431104],[1.278506433646234,44.63729301637684],[1.278353428035256,44.63738878650271],[1.278057916515479,44.63752556037512],[1.27797509849035,44.637553086015814],[1.27783550321441,44.637540106199566],[1.277770718274996,44.63755530582345],[1.277301591133273,44.63776051144052],[1.277056210942803,44.63778370270862],[1.276649051531588,44.63790072360151],[1.276311393860643,44.63797200146424],[1.275740194320354,44.63805044260844],[1.275496595994411,44.63805654909603],[1.27529666274429,44.63799580004703],[1.275232681458104,44.63794347466779],[1.275148992693061,44.637916955787034],[1.275062445970265,44.6379426201565],[1.27501423398975,44.63799319547693],[1.274976238017086,44.63808084987602],[1.274937837005003,44.638305371080364],[1.274887186028399,44.63835320686565],[1.274484833251144,44.638518920931396],[1.274448516788684,44.63855167202959],[1.274390969837214,44.6387011543902],[1.274352979282178,44.63874738655884],[1.273903090147791,44.63898259431886],[1.273849916445851,44.63903039028555],[1.273745862194892,44.63917464396236],[1.273736933195252,44.639301472501025],[1.273843313230323,44.63949313483352],[1.273925341728285,44.63977986803819],[1.273964627638313,44.63985612174177],[1.274110764889773,44.639943948484635],[1.274328332104577,44.64012924133178],[1.274507571307337,44.6402482004969],[1.275024184414776,44.64047057519474],[1.275092198221524,44.64051485926872],[1.27526964118459,44.640568954458544],[1.275746084328945,44.64078529629214],[1.275829854447809,44.640850536666015],[1.275885339580352,44.64093334561435],[1.275896409122333,44.64114873336943],[1.27599797187283,44.64137453680414],[1.276014453801546,44.64149545834429],[1.275988424964147,44.64164543305001],[1.275930444160424,44.641767895148085],[1.275946226423572,44.64199416222262],[1.275905289142523,44.642136700655485],[1.275906344588057,44.64243207530424],[1.275850829131304,44.64255637681432],[1.275840450905745,44.64268948640449],[1.275812814009014,44.64276829796442],[1.275787930329371,44.642757104197855],[1.275389985730913,44.64294270163575],[1.274857054821278,44.643335104015094],[1.274458799978503,44.643530598729484],[1.274256650568928,44.64366521822187],[1.274181186107268,44.643740581621564],[1.274025109664927,44.64401819609496],[1.273971750636493,44.64431902523953],[1.27400762206919,44.64450688567494],[1.274048798956362,44.644603880069134],[1.274103189785275,44.64468127003402],[1.27436300696057,44.644887933349516],[1.27466629888064,44.6452402521701],[1.275008360562288,44.645521136193274],[1.275086729382384,44.64563942143822],[1.275130987683184,44.64567703156887],[1.275242314710255,44.645707583343565],[1.275343424127669,44.645701055833484],[1.275402355886762,44.64567135841331],[1.275479660390794,44.64557711264839],[1.275540755483409,44.64555915517926],[1.275620645941475,44.64558651492036],[1.275726863204807,44.645701631980906],[1.275773472493507,44.64578610364706],[1.27580684090604,44.64589107998223],[1.275844497602614,44.64610328071571],[1.275935509053814,44.646385650476915],[1.276018290956532,44.64652471497497],[1.276108626864139,44.646746741669816],[1.276335886114055,44.64789479897377],[1.276327583850527,44.64808377125403],[1.276288949984927,44.648192127714076],[1.276191629672334,44.64832208156999],[1.276002592988123,44.6484812221644],[1.275424278816881,44.648871120441555],[1.275132234603896,44.64901604657968],[1.27499110477765,44.64917593271195],[1.274963022725142,44.649269145139705],[1.274960984078056,44.6493357492289],[1.275041116931496,44.649602642139726],[1.275041737821205,44.64966478529206],[1.275013909926425,44.64970847503657],[1.274961112741402,44.64974367095848],[1.274882553746512,44.64975505241296],[1.274730761221697,44.64972747106085],[1.274531145632572,44.649655019636306],[1.27446541570903,44.649659397060454],[1.274421857606157,44.649681229596595],[1.274081259242476,44.6500108955398],[1.27354522688324,44.65046087653319],[1.273502231860355,44.6505466520062],[1.273576654264978,44.65083506870076],[1.273583914123124,44.65100987628014],[1.273553575324879,44.65113547073318],[1.273510221345854,44.651232946953826],[1.273504059858117,44.6513517149254],[1.273510321790041,44.651435557875956],[1.273627202544577,44.65173814466987],[1.273629626842598,44.651823728693856],[1.273606612421947,44.65191611954052],[1.273543221244818,44.65200878061843],[1.273386865732401,44.65217112886698],[1.273127023639815,44.652375985046994],[1.272623880049188,44.652698606826405],[1.272549717415124,44.65277218895461],[1.272492454404118,44.65291177052802],[1.272445405470086,44.65296506488101],[1.27228447788814,44.65307060963287],[1.272137732043855,44.65312504795299],[1.271792605062519,44.65318989385473],[1.271527257299402,44.653327123953595],[1.271348489605041,44.65339726960223],[1.271206859426722,44.65349050762938],[1.271102274831785,44.65352759385285],[1.270424722959725,44.65369529737269],[1.270081707974747,44.653732255943176],[1.269978106828108,44.65377836138475],[1.269917219365728,44.65391248217638],[1.269862463283628,44.65397015738758],[1.269854804499516,44.65401416149084],[1.26992703532593,44.65412695182027],[1.269926804150948,44.6541755745499],[1.269887915256752,44.65425060724141],[1.269737903077303,44.65441124897879],[1.269713547625006,44.65446489725871],[1.269712542465939,44.654538721555035],[1.269739389109343,44.654609379596536],[1.269789209590538,44.654671392127874],[1.269863264931531,44.65472477884153],[1.270174207140984,44.654828695867955],[1.270438418123026,44.65513989403019],[1.270447032130635,44.65522917704749],[1.270405786987397,44.655298770178945],[1.270273658174896,44.65541106600298],[1.270269285182579,44.655471330329256],[1.270286680488878,44.655521129213014],[1.270260051749767,44.65556663769098],[1.270183425463991,44.65559695645391],[1.270158085224514,44.655641584572926],[1.270165392558466,44.655691225712005],[1.270277445121075,44.65573980344692],[1.270289907053428,44.65578592323204],[1.270273808181343,44.655817188570566],[1.270316496542181,44.655906103985856],[1.270272655730347,44.65593693550394],[1.270037326711867,44.655999891316306],[1.270034086303849,44.65602325333659],[1.270181178870716,44.65616332853004],[1.27020322160579,44.65626722942971],[1.270172588398998,44.656319879190406],[1.27011342170869,44.65635677439674],[1.270041755401221,44.65638987212531],[1.269865397786651,44.65642223280891],[1.269828873660297,44.65646128300988],[1.269821131606728,44.65650798732193],[1.269622148064768,44.65690739315743],[1.269657470572157,44.65707183470885],[1.269629164995709,44.65713082418459],[1.269581512145569,44.65716249631915],[1.269450299950476,44.65720366703728],[1.269331645033837,44.657452146576844],[1.269318388370064,44.6575140729136],[1.269356795837457,44.65761913058601],[1.269501811062262,44.65774476639965],[1.269596523553996,44.65786511266706],[1.26958702256674,44.65792799828423],[1.269551758313202,44.65796706814341],[1.269441788452364,44.658014874631924],[1.269400170171589,44.658137590548655],[1.269341836913537,44.658229428299286],[1.269323535883297,44.65829127573428],[1.269322032556943,44.65838130115995],[1.269357663158534,44.658412475271874],[1.269542668002978,44.6584684985139],[1.269585809823228,44.658501591034366],[1.269594156962295,44.658558452449284],[1.269497052082242,44.658680300414225],[1.269472943329794,44.65872584821415],[1.269476605488972,44.65877092998525],[1.269564444282446,44.65886865652577],[1.269607731550827,44.658979193418844],[1.269658246718819,44.65901870468071],[1.269739303916591,44.659049688766004],[1.269887501717759,44.659071817549794],[1.26995589317904,44.659104404351766],[1.27001586168655,44.65916477455696],[1.270080236675649,44.65936929197857],[1.270135492876173,44.65941878254782],[1.270205394648781,44.6594432884031],[1.270613090576169,44.6593965341944],[1.270693550705395,44.65940589648586],[1.271061001598279,44.659601643612056],[1.271404761031771,44.659706069841974],[1.271586982809195,44.65972962848661],[1.271774295516993,44.659792887898035],[1.271930172985154,44.65981153193382],[1.2722649337204,44.65996264031903],[1.272710928617935,44.66006595772612],[1.272775208573275,44.66010928442304],[1.272883279886783,44.66024694569583],[1.273298555276873,44.66044703388869],[1.273588322584841,44.66066677352721],[1.273804852113436,44.660806126506486],[1.274045481646188,44.660941352631184],[1.274503754415127,44.66113850511082],[1.274565294250288,44.6611889919164],[1.274705906447845,44.66137668582814],[1.274813895707342,44.661558467860296],[1.27490465785213,44.66180841832335],[1.274974399331265,44.66183832154489],[1.275354235198458,44.661918984623796],[1.275427292134427,44.661964247560746],[1.275455520805532,44.662031323836096],[1.275501326264529,44.6622661651108],[1.275537810684413,44.66231085783587],[1.275801944316471,44.66246175476477],[1.27587681428359,44.66248903587091],[1.275946352949703,44.66260808374194],[1.276089616923558,44.66270937022514],[1.276146302500621,44.66279489956761],[1.276200906514296,44.66307220067357],[1.27635457618456,44.66349332269568],[1.276374331098828,44.66358998287],[1.276353403567395,44.66365539253542],[1.276303358876887,44.663723950475415],[1.276203577539425,44.6638097431898],[1.275651702478704,44.66419645737647],[1.275515234758258,44.66428527963207],[1.275138660110214,44.66446851172286],[1.275107861730047,44.66452656337697],[1.275131156753631,44.66458996090006],[1.275263260220904,44.664726193577586],[1.275291202209695,44.664885115477006],[1.275456909626006,44.66528391447501],[1.275458324019331,44.66536137869095],[1.275415038953907,44.66549757846509],[1.275511176061816,44.66561343937839],[1.275479198870719,44.66566877131812],[1.275325394728382,44.665787939879415],[1.275265382502481,44.665934684742275],[1.275223287550022,44.66599075937395],[1.275120433308272,44.666053090607946],[1.27449910537984,44.666275728091],[1.274260794978828,44.66639357718284],[1.274058673366514,44.666524597242095],[1.27404608149998,44.66656492289549],[1.274127489290239,44.66670847050479],[1.274164278319741,44.66690805296069],[1.274208821435914,44.66697808563969],[1.274355787570157,44.667123556230976],[1.274370281641845,44.667185916203515],[1.27432815729577,44.66724289058235],[1.274027813343791,44.667408398185806],[1.273891631406572,44.66752874036731],[1.273849092680254,44.66759921548987],[1.27387233240653,44.66766441347409],[1.273975438130558,44.667758772737876],[1.273998981379773,44.66781407002459],[1.273842528171655,44.66797822001388],[1.273724215534167,44.668133059531115],[1.273660309878718,44.66824192235202],[1.273636260957075,44.6684090385622],[1.273430469649263,44.66861834324442],[1.273393932515803,44.6686988173154],[1.273395151071942,44.66878258208821],[1.27344451919538,44.668859894352764],[1.273442395295145,44.66892919909428],[1.273395058046088,44.66899149479098],[1.273327717889824,44.66913002012108],[1.273203591507322,44.66926855961457],[1.273116972415557,44.66941849033818],[1.273100296074505,44.66959202506102],[1.273133791722189,44.6696519803774],[1.273437171745102,44.66975847088319],[1.273848709066431,44.6697946086782],[1.2739200245138,44.669814631651505],[1.273983737445817,44.66987685910851],[1.27409094809934,44.67004332169702],[1.27409049986523,44.670099145225684],[1.274042700684684,44.67013531974804],[1.274041514995194,44.670174022420674],[1.274111803742398,44.67026877011086],[1.27427875932301,44.67062706887794],[1.274275113067884,44.670787299659125],[1.274398592644719,44.67091709553188],[1.274449466665868,44.671027749069125],[1.274444352586228,44.67111231560618],[1.274466856901254,44.67116039269038],[1.274654521682811,44.67133711440692],[1.274690515145059,44.6713980086935],[1.274668321413545,44.6714633985636],[1.274626966004953,44.671495171390504],[1.274611437254058,44.67154895878529],[1.27463402458232,44.67159433565504],[1.274622514610726,44.67172292661696],[1.274702517802392,44.6717890096656],[1.274944387933551,44.671844109128465],[1.275018801442495,44.671886691982216],[1.275046572453206,44.67192764712051],[1.275107193898214,44.671967313408885],[1.275208509553445,44.67199680814307],[1.275428977678114,44.671967827079186],[1.275493080438162,44.67201745283368],[1.275679401391075,44.67223827596655],[1.275750470996173,44.67247261113654],[1.275959526728303,44.67269288759927],[1.276035340605767,44.67293720194479],[1.27615896111773,44.67310391822138],[1.276191470620651,44.67319627498475],[1.276170726569107,44.67329680699083],[1.276305303990719,44.67335293319473],[1.276361785684765,44.67340424069394],[1.276479150990326,44.67361048085236],[1.276537059712314,44.67365640753228],[1.276678468482113,44.67369553031537],[1.276740228904784,44.67386308341623],[1.276765514026764,44.67406788911569],[1.276715903002551,44.67432825941673],[1.2767255934461,44.6744652852914],[1.276768173546138,44.67451727656099],[1.276917868919561,44.674533115251876],[1.276981402728258,44.67456021893901],[1.277069709860927,44.6747263842851],[1.277137766627714,44.674770667677876],[1.277265825952145,44.674792472445155],[1.2774821343966,44.674776029243674],[1.277579699602032,44.67480456286088],[1.277644848754824,44.674861407575136],[1.277712057481329,44.674892170011525],[1.277908894540552,44.67489343274412],[1.278094425586624,44.67497556354392],[1.278285855654193,44.67502987053783],[1.278413417007779,44.675109297759654],[1.278607398200069,44.67516274338885],[1.278642356972899,44.675216416332745],[1.278614570522069,44.6752997298916],[1.278610885025514,44.67542033860862],[1.278585460033224,44.67546766918732],[1.278605199211479,44.67552380684455],[1.278731225674778,44.67561221474142],[1.278729658063015,44.6756635184564],[1.278641833693053,44.67585305673543],[1.278618947731733,44.6760237943918],[1.278542668042032,44.676207208780454],[1.278527605525136,44.67628711834023],[1.278530903312917,44.67650959149394],[1.278579373833772,44.676658026488596],[1.278622971228085,44.67671813730175],[1.278617399055785,44.67677658268713],[1.278650563673787,44.67697160520501],[1.278707394002493,44.677176901299234],[1.278744959579714,44.67722791330113],[1.278842443600102,44.67730056867527],[1.278836338360202,44.67750038328218],[1.278880857539478,44.67769558238183],[1.278922263082046,44.6777448530662],[1.279008068286104,44.6777867098547],[1.279311949561572,44.6777959382117],[1.279368328476543,44.67785084452607],[1.279411457119046,44.677967678836346],[1.279524948641088,44.678177457535334],[1.279689481286609,44.6783276965832],[1.279804739407292,44.67839702544554],[1.279948245609677,44.67845058440407],[1.280004955595867,44.67849468961026],[1.280135154920185,44.67865339923705],[1.280176065029871,44.67876029333752],[1.280174386135977,44.67885662007084],[1.279944782545073,44.678977319408986],[1.279439156094757,44.67904419961924],[1.279340122228498,44.67910479379396],[1.279300462046203,44.679163609686405],[1.27931235916383,44.67922863025947],[1.27936094724441,44.67933204211759],[1.279345167010961,44.679476776294436],[1.279294552303638,44.679687605377744],[1.279167334337531,44.67996838227302],[1.279131001241079,44.68024877150283],[1.279167406975286,44.68145329900242],[1.279141028044729,44.68173834567375],[1.279029077752035,44.68205628043072],[1.279032879720576,44.68217970738803],[1.278965647668967,44.682314636563774],[1.278894475354602,44.68266112082129],[1.278843016718181,44.68306464291852],[1.278703473458594,44.68366580454431],[1.278657097672872,44.683944236879974],[1.278659067079227,44.68400370023783],[1.278725152206179,44.68415421045655],[1.278822892146526,44.684260188177724],[1.278913248130978,44.68444259312644],[1.278931062062046,44.6846031584483],[1.278910889237031,44.684767635487056],[1.279625408772465,44.68530193361983],[1.279744576021697,44.685367721289836],[1.280105977006954,44.685520119312706],[1.280364140771326,44.685705130851986],[1.280378701236554,44.685765690333476],[1.279990204466431,44.68678982068618],[1.279909535963402,44.68682728826892],[1.27969954539233,44.68684203421231],[1.279531844287892,44.68691867096485],[1.279512173450572,44.68698410141412],[1.279520278166467,44.68717333170719],[1.279487128579441,44.687390736567714],[1.279240304749274,44.688032555417124],[1.27924750774896,44.6881686424672],[1.279283458688896,44.68827275859808],[1.279371739113775,44.68844072309669],[1.279454924383839,44.68852756357228],[1.279539722969949,44.68868556834037],[1.279547042858494,44.68873520947604],[1.2794650483256,44.68885730293732],[1.279199142026517,44.688966631500016],[1.279153633581859,44.68901004827939],[1.279141339509101,44.689081896913],[1.279273709117057,44.68912897990222],[1.279514726385046,44.689173249276884],[1.279565165599179,44.68921635674245],[1.279591851682905,44.68925189097147],[1.279657557576396,44.68945642474169],[1.279747050643909,44.68958478593063],[1.279802696645346,44.689705416996674],[1.279808095342199,44.68977664020712],[1.27979300636946,44.68981602757287],[1.27967444426952,44.689978075278354],[1.279589014310222,44.690171254826765],[1.279594877186078,44.69026859971197],[1.279713199682702,44.69040371256617],[1.279715692805474,44.69044607471049],[1.279772002298133,44.6905036812891],[1.279827492842739,44.690505444251],[1.279956303712186,44.69050384420138],[1.280154734619333,44.69045469900099],[1.280264281389896,44.69058787388414],[1.280485916567943,44.690564302573414],[1.280544560474208,44.690586825610225],[1.280590586665522,44.6906091525953],[1.280647856728216,44.690676679111476],[1.280686715686268,44.69085107880734],[1.280706409591862,44.690867593696396],[1.280793664887647,44.69086264562439],[1.28108377062836,44.690746484924624],[1.281151989130705,44.69074484290403],[1.281190472482379,44.69076615199534],[1.281261344750985,44.69092574016805],[1.281307426439872,44.69094626671601],[1.281366979205733,44.690897664121586],[1.281494008924288,44.69087172118026],[1.28159141179607,44.690906551928656],[1.281711360671,44.69098855848731],[1.28185780877236,44.691029553404384],[1.282165248693347,44.69092446494272],[1.28220529742385,44.69089446962682],[1.282381974522202,44.69089631114003],[1.282451042287243,44.69094961182598],[1.282463710504058,44.691155121788896],[1.28260617968049,44.691326626062896],[1.282858866382876,44.69140258648308],[1.282975087653321,44.691482732815416],[1.283163148275571,44.69169096352261],[1.283515163309388,44.69173874672649],[1.283620167126926,44.69181421591257],[1.28363629613791,44.69194773962509],[1.283715159113524,44.692011096872875],[1.283926320004907,44.69199996313493],[1.284142281563894,44.692038430763226],[1.284243336008856,44.692036395363566],[1.28442358229647,44.69200407000262],[1.284591184198168,44.69205529460392],[1.284650627750091,44.692134559136434],[1.284563070514787,44.69223225679832],[1.28456652759589,44.692284539213084],[1.284594726851935,44.69231199118323],[1.284755390222399,44.69238381942045],[1.285053321189719,44.69259104797293],[1.285161482677494,44.692645853156996],[1.285389877712284,44.6928150830241],[1.285584832120037,44.69288023726627],[1.285770352938832,44.6930064788541],[1.285885181236572,44.69304968010905],[1.286067297796417,44.69308041577997],[1.286145750607507,44.69307442663372],[1.286179215669198,44.693053332890315],[1.286401325656935,44.69305587136543],[1.286468613609859,44.69304340565604],[1.286658048477245,44.69295808955383],[1.286755811867622,44.6929397919478],[1.28682502088086,44.69294716669128],[1.286888361187036,44.69298146546029],[1.28692860527691,44.693028013679665],[1.286975243150045,44.693113382203805],[1.286992557763415,44.69320820234745],[1.287080430877935,44.69339056217504],[1.2871455092254,44.693575270673065],[1.287207205333546,44.69362215076613],[1.287818814585012,44.69360279768127],[1.287886707977333,44.69361195238989],[1.287985217210476,44.693652197507326],[1.288024693358683,44.69368252449857],[1.288236877985952,44.69405320890546],[1.288387182539971,44.69413387653435],[1.288521158313242,44.69412874427405],[1.28879771648359,44.69404297060728],[1.288978701065886,44.693944912908314],[1.289144660191446,44.693925866371835],[1.289197138508256,44.69394378695954],[1.289298919445373,44.69404261373426],[1.289451175075185,44.694142220477794],[1.28953095841669,44.69425871700544],[1.289628431153023,44.69433316348635],[1.290121141052497,44.69440471132647],[1.29016473717301,44.69446571806324],[1.29018689119333,44.694609239234815],[1.290252850783094,44.694723720691805],[1.290195429806749,44.69491013698902],[1.290210631765051,44.69494999367008],[1.290268322846096,44.694962591279825],[1.290446466114706,44.69495813889463],[1.290660215118727,44.6949452311299],[1.290752987790776,44.694925051881484],[1.291007701436325,44.69476869660907],[1.291112267560934,44.69473429121741],[1.291806291462189,44.6947035813651],[1.291938147975986,44.69464348198326],[1.291978221445469,44.69461258301576],[1.291975063726106,44.694591822878024],[1.29202459809062,44.6945403584807],[1.292145103401843,44.69452150652069],[1.292390730960092,44.694539704188465],[1.292616611966157,44.69458461158521],[1.292856230742744,44.6945928100703],[1.293260227072405,44.69463415968062],[1.293741260108643,44.69471631719764],[1.294097450748697,44.69479384709688],[1.294822407429298,44.69499232093438],[1.29536526790907,44.695159169864496],[1.295666567182141,44.69521513788341],[1.295943409972954,44.695328360261755],[1.296222668319165,44.69532005225354],[1.29631322465862,44.69533135158181],[1.296443262900259,44.69537297484396],[1.296568780549239,44.6954388417516],[1.29662067317795,44.69551798343389],[1.296684206229795,44.695754890894925],[1.296791089701262,44.69601948025596],[1.297031845410491,44.69628252728158],[1.297105525684808,44.69672670460558],[1.297094625971994,44.69692014346276],[1.297080346374184,44.69697485400868],[1.296866396413098,44.69732815856547],[1.296784990654548,44.697515109616546],[1.296763158201881,44.69765254954586],[1.296642315522063,44.69801629141165],[1.296606647288984,44.69823546358192],[1.296602372591424,44.698376775698506],[1.296616727756205,44.6985282799666],[1.296670131701616,44.6987245094427],[1.296731660388221,44.69881910783492],[1.296899558194562,44.69894505919004],[1.29705893976799,44.69901865048384],[1.297088083815744,44.69905691968421],[1.297088212397585,44.69913616533751],[1.297018986814262,44.69921254303718],[1.296968200691317,44.69930541332694],[1.296964226263676,44.69943682465909],[1.296980978206003,44.69950912210357],[1.297189519571306,44.69979418567888],[1.297337660661916,44.70011433969327],[1.297361342128124,44.70024977843655],[1.297372379446247,44.700511092236034],[1.297359153532046,44.70061444593059],[1.297293905835104,44.70080975062866],[1.297118963804767,44.7010835121418],[1.297074362289569,44.70134757214178],[1.297070088529405,44.70148888443815],[1.297029569800864,44.701617932698014],[1.296937216188142,44.701707462122556],[1.296607355129901,44.70180144153566],[1.296233485607448,44.70201450882514],[1.29589523212513,44.702135371933714],[1.295753247591395,44.7022376438674],[1.295712516922221,44.70229014616665],[1.295702511140488,44.7023287135232],[1.295791152788118,44.70257051107921],[1.29588017692493,44.70267453829661],[1.295877779708099,44.70275374520071],[1.295849088315097,44.702783920449356],[1.295783715571029,44.702816232489575],[1.295630543760828,44.7028291828012],[1.295460728583498,44.70289140402148],[1.29538189019603,44.702951423928695],[1.295281005639501,44.70307233815894],[1.295196129020165,44.7031232599793],[1.294842133065623,44.70317994224783],[1.294705892909776,44.703217465553614],[1.294622522969408,44.70326030567316],[1.294600140971587,44.70329057781507],[1.294590905600582,44.70334536593811],[1.294732117840379,44.70347721303926],[1.294851733652324,44.70344663761046],[1.294922409504322,44.703447726210484],[1.294950864705103,44.70346707494893],[1.294974007383812,44.703536769761214],[1.294972017696222,44.70360247549283],[1.29490294729542,44.70367345152334],[1.294620539498607,44.703784365174954],[1.29455947710252,44.703841056393294],[1.294572113879494,44.70392409693238],[1.294688541225878,44.703998830864066],[1.294752214876023,44.70410607052343],[1.294755796469596,44.70432134485291],[1.294735093234264,44.7043795583559],[1.294670625692936,44.704423590222405],[1.29462486328846,44.70443369125427],[1.294483727237689,44.70442431299902],[1.294416310512753,44.70439896088425],[1.294351320551024,44.704293501732025],[1.294288617390464,44.70423760520484],[1.294159767818077,44.70419779888065],[1.294008897874086,44.70421798647874],[1.293938099778101,44.70430424380887],[1.293889503599227,44.70457454503736],[1.293805047458725,44.7046948107735],[1.29369188265107,44.70476240502528],[1.293374046355044,44.70487547109024],[1.293328754246806,44.704911693322835],[1.293310827156568,44.70516986022178],[1.293290893117378,44.705244294345874],[1.292889378677624,44.70541009899269],[1.292718652021287,44.70550201866103],[1.292692536351507,44.705530431892846],[1.292615790914832,44.7058543286513],[1.292562242403808,44.70591293575944],[1.292536433225324,44.70597287117931],[1.292464912994369,44.70620769901658],[1.292345403735993,44.706442687122426],[1.292121952425829,44.70681564919608],[1.292016326899687,44.70688425869142],[1.291843052073501,44.70685186881236],[1.291816273968415,44.70686046064321],[1.291767110899963,44.70689932407681],[1.29171650035075,44.706985891667166],[1.291631784314184,44.70707283345796],[1.291468645064635,44.70712254492976],[1.2914318572068,44.70716970370986],[1.291379098353831,44.70720220798754],[1.291195720190562,44.707128238152336],[1.291045273053792,44.7070925973696],[1.291000988548926,44.70709551576694],[1.290918544328214,44.707149173586394],[1.29083847082027,44.70729111700078]]]}},{"type":"Feature","properties":{"CdOH":"05C0000002000885139","TopoOH":"Ruisseau de Pont Barrat","StatutOH":"Validé","SourceNomOH":"IGN;BDCarthage"},"geometry":{"type":"MultiLineString","coordinates":[[[1.346037439273067,44.620816985364804],[1.345731201212291,44.621285143381456],[1.345631002115655,44.62164922984805],[1.345594825784167,44.62193683505185],[1.345447851121957,44.622219180191024],[1.345400202550326,44.62233912844674],[1.345347418361681,44.62254814520817],[1.345236423165407,44.6227643947653],[1.345206708211961,44.62287470637336],[1.345149421011023,44.6231511901003],[1.345161121432748,44.62335396846812],[1.345103965607618,44.623625951905936],[1.345108628005849,44.62398260344957],[1.345156341479813,44.62424715219362],[1.345153752640218,44.62433535843509],[1.345128583750139,44.62441962483849],[1.344984313686624,44.62465248499109],[1.344799394879336,44.62489554191684],[1.34471659591087,44.625096005131766],[1.344514735130859,44.62535771764577],[1.344414940489711,44.62544987102582],[1.344334333069361,44.62557562868782],[1.344247618247823,44.62578053529943],[1.34411320295201,44.625935202121504],[1.344001235369747,44.62609830918814],[1.343677042251361,44.626317667190335],[1.34348024962407,44.6264065656315],[1.343001813505643,44.62651105295815],[1.34256854421263,44.62670896282844],[1.341992267565606,44.62692453661088],[1.341870149880621,44.627003746621384],[1.341763463737136,44.62711560455678],[1.341403266531541,44.62761536004233],[1.34127528372407,44.62793670554865],[1.340886789970224,44.62866925467996],[1.339949152381662,44.62942237365567],[1.339333253133421,44.629868758287145],[1.339096519141439,44.62998586420292],[1.338766325800515,44.63010786865059],[1.338515219783478,44.63015632224904],[1.338254454827108,44.63027576667754],[1.338033518509797,44.630241830058054],[1.337803162213654,44.63027078378139],[1.337351949312242,44.63026309885168],[1.336961623563721,44.63020049922217],[1.336647019089237,44.63009311379602],[1.336254734674448,44.629926028441886],[1.335958109785251,44.62985042779636],[1.33584116979515,44.62979644082006],[1.335284461482942,44.62909110131196],[1.334941851595624,44.628608696583754],[1.334438352942544,44.62815178147404],[1.334235471683467,44.62810460218642],[1.333468439632472,44.62769053570833],[1.332799517074643,44.62741301282219],[1.332690733012444,44.627339335245004],[1.332666997313859,44.62720390780876],[1.332563068989127,44.62713660657605],[1.331765236429803,44.62678419546731],[1.331263374709406,44.626528994049906],[1.330950549596192,44.62644773239068],[1.330727823555433,44.62634711962713],[1.330584633808789,44.626243205147695],[1.33038070787641,44.62614647741199],[1.330222714968015,44.62603153333224],[1.330095983996807,44.62588284362928],[1.329821413255235,44.62570220511104],[1.329733022271381,44.62566395071885],[1.329499806081211,44.625662227912336],[1.329417263707041,44.62563936951586],[1.329022024261343,44.625446099908565],[1.328817730400103,44.62536197016297],[1.328668924741486,44.625320100234596],[1.32808312864174,44.62504740682226],[1.327375925517034,44.624617093259964],[1.327213072510702,44.62458131204801],[1.3270356084883,44.62457052246679],[1.326440899054489,44.62430128716481],[1.326027406726557,44.62425630684341],[1.325740796752968,44.62414211000425],[1.325447623057123,44.62407913942149],[1.325282068900415,44.62409193946169],[1.325002743369241,44.624157043346734],[1.324831806980931,44.624266110815746],[1.324675030871917,44.62440780933285],[1.324403054113213,44.624522548640904],[1.324304134497067,44.62454175997183],[1.323239973381491,44.624498610719556],[1.32224700112511,44.62426653356408],[1.321994402853844,44.62423838721005],[1.321635750626253,44.62417261163667],[1.32116774846938,44.62413759107228],[1.32035949234762,44.62413882079585],[1.320064715653173,44.62412983939949],[1.319963194364931,44.62410938685461],[1.319597520469507,44.623983166748445],[1.318991373217514,44.62384518487154],[1.318731297204523,44.62381421591178],[1.318520026525619,44.623711050992526],[1.318393437644643,44.623601069634134],[1.318276715349677,44.623540763816635],[1.317982616694528,44.62342463175265],[1.317845863146812,44.62340184023763],[1.317650545798005,44.6233979675731],[1.317053515274841,44.62346181796319],[1.316981705821708,44.62345982427935],[1.316792665450809,44.623414624242926],[1.316580480721827,44.62342670124756],[1.316370491089403,44.62349193875778],[1.316250091908096,44.62351261669127],[1.314631194558983,44.62367974702316],[1.312828152303531,44.623216418340604],[1.311595004284581,44.62288062702982],[1.311245706901862,44.62279785148015],[1.310935633658145,44.62275259327114],[1.310691411267297,44.62273985683456],[1.309869963232047,44.62284526217043],[1.30919563788349,44.62283765194587],[1.308984830360223,44.62280381159207],[1.308779595522362,44.62279436870667],[1.308432589659406,44.622803466939],[1.307819648412308,44.62289313761558],[1.307662510418043,44.6229195471188],[1.307249112415367,44.6230401837349],[1.306770387648075,44.62306887100137],[1.30647369933475,44.623123757207885],[1.306355412330874,44.62315796378584],[1.306141944956096,44.62325464513422],[1.305774100657548,44.62336967103886],[1.305643215098326,44.62348742735063],[1.305547125061414,44.62353818172581],[1.305458093677309,44.62356383110224],[1.303857235042322,44.62354918598513],[1.303614541878612,44.62352745271484],[1.303225695947713,44.623460253245085],[1.302860064795606,44.62341772145539],[1.302611138573986,44.623351767293194],[1.302322493939158,44.62330681387849],[1.30223483013735,44.62332887979912],[1.302064258792919,44.623424411234815],[1.301927281117902,44.62345112230072],[1.301784543543189,44.62354347898003],[1.301450377768917,44.62362839206887],[1.301277122202879,44.6236455402439],[1.3011499690123,44.62363908395453],[1.301036042471077,44.62361211999205],[1.300650927841013,44.623463026035004],[1.300487160405041,44.623416385472865],[1.300401027301202,44.623429468789595],[1.300341697847627,44.62347358011254],[1.300253526839425,44.623637910901266],[1.30010522630245,44.62383103255932],[1.299878286188697,44.623997731533535],[1.299683418472311,44.62422975721651],[1.299587876361001,44.62430392718081],[1.299577774678861,44.624429837629705],[1.299531182283419,44.624469642123024],[1.29941318686162,44.62449394071193],[1.299104104865412,44.62466657836906]]]}},{"type":"Feature","properties":{"CdOH":"05C0000002000885210","TopoOH":"Ruisseau de Palazat","StatutOH":"Validé","SourceNomOH":"IGN;BDCarthage"},"geometry":{"type":"MultiLineString","coordinates":[[[1.352749453793485,44.64081376200093],[1.352601360910757,44.641133921713184],[1.352540653340566,44.641355431745005],[1.352463088868819,44.64146323224156],[1.3523320242459,44.64154592305907],[1.352015056779487,44.64164565366529],[1.351644898902465,44.641795916978786],[1.351317003650753,44.64188107532469],[1.350694387213121,44.64199515469614],[1.350270306314269,44.64209148189462],[1.349917117944164,44.64213573793745],[1.349637757825423,44.642200004439395],[1.349104614462061,44.6423595329831],[1.348690134259469,44.64251542820758],[1.3484283367,44.64262587766284],[1.348310345477021,44.64269255076011],[1.34821341708336,44.64277214485418],[1.347986922163833,44.64305510940918],[1.347775902534466,44.643283376400575],[1.347484638994856,44.64371034727624],[1.347408547948148,44.643896507025815],[1.347307695946786,44.6440237664505],[1.347164848683604,44.64412068279115],[1.347051678473317,44.64423785278078],[1.34690462556734,44.64434911339852],[1.34669882459625,44.64457115333382],[1.346569566122617,44.644763721496965],[1.346526264106037,44.64486392626813],[1.34650464587947,44.645041895312936],[1.346578186908555,44.64524379876326],[1.346590649541435,44.645334932163856],[1.346579546714069,44.64545542863124],[1.346511589335815,44.645665121693824],[1.34639937824848,44.6458354330051],[1.346069442693937,44.64616097043849],[1.345676133930541,44.64641082029273],[1.345516419097848,44.64648046840645],[1.344401396760364,44.64725259124558],[1.343980431187032,44.64741287509834],[1.343640050703996,44.647706733063195],[1.343686498887767,44.64805771062251],[1.343204886200723,44.64865020852101],[1.343305039637957,44.64880478838304],[1.343031189984627,44.649195091015706],[1.342539705026754,44.650980559809476],[1.342236408137569,44.65129928267776],[1.342104488435548,44.65128109688174],[1.341629551330632,44.65113080210231],[1.340875358847141,44.651982141082314],[1.340610207421408,44.65203309200067],[1.339986776312227,44.65204174633037],[1.339573416992654,44.652070659948485],[1.338983471744039,44.652013176530005],[1.33831865576107,44.65205631829219],[1.338233270890516,44.65208565145911],[1.337970147315185,44.65211051291688],[1.337623523253649,44.652100801364284],[1.33731720977093,44.65205027305895],[1.337208371237212,44.65206214392442],[1.336741875898993,44.65222441829375],[1.336608799208356,44.652288151395126],[1.336434934877466,44.6523233562782],[1.335894075202037,44.65222697391208],[1.335678800733123,44.65221202865284],[1.335286357379201,44.6522160278429],[1.334923866267258,44.65206019267375],[1.33480616312441,44.65203050605456],[1.334687369633747,44.652037722213755],[1.334578913747205,44.652079311814575],[1.334395440158404,44.652098160322424],[1.333623935926005,44.652080236131724],[1.333510292369873,44.65208392673403],[1.333313330663872,44.65213228578825],[1.333255337553654,44.65217373404708],[1.333178253734316,44.65226352005189],[1.333049633280659,44.652474993464544],[1.332912405786139,44.65259358842424],[1.332853595986893,44.65270526099266],[1.332705249256817,44.652773261687976],[1.332550446910898,44.65288888988905],[1.332369536816956,44.652991517648346],[1.332238273690624,44.653036363039455],[1.332079518044454,44.65311501164558],[1.331769988788215,44.65321569883084],[1.331596410712334,44.653368862419484],[1.331509084696345,44.653378350817945],[1.330911899155574,44.653650288189034],[1.33087174286518,44.65368570112353],[1.330850234448875,44.653730400185125],[1.330838635122507,44.65382387431269],[1.330808646406982,44.65385673924762],[1.330644541438019,44.653902888132436],[1.33060350492055,44.65396800329955],[1.330484962237022,44.654051759008404],[1.330053375381899,44.65443965103133],[1.329971513491731,44.65456268037561],[1.329829659539049,44.65483698382202],[1.329712083307373,44.655100848067356],[1.329594728002819,44.65557002356608],[1.329395411414884,44.656080283469954],[1.329306333309463,44.65623381958393],[1.329206005462132,44.656341261538074],[1.329054215283488,44.656439821749935],[1.328976471781902,44.65650888429023],[1.328927705108968,44.65657928502382],[1.32881545232027,44.656791001521796],[1.328724075789705,44.65702194332301],[1.328497692741719,44.65729586878913],[1.328090080736516,44.65806501736436],[1.327954140257539,44.658352015073106],[1.327896474642973,44.65850962701666],[1.327848733331909,44.658842981636184],[1.327775598043053,44.65909671057093],[1.327367145107057,44.65934086734827],[1.326940343499513,44.659650479907974],[1.326792382152209,44.65978961665676],[1.326639118032242,44.660022322507245],[1.326499742153286,44.66016969306822],[1.326414785231166,44.66035390584427],[1.326337140032462,44.66041936634567],[1.326314391067288,44.6604631454876],[1.326289801923954,44.66061135202531],[1.326256402427052,44.66067388001651],[1.325887890687811,44.66097446561186],[1.325832489732654,44.66105557053355],[1.324836076108868,44.661850915268765],[1.324547045541696,44.66202393208071],[1.324257876311725,44.66215912603024],[1.323703573431622,44.662384852088806],[1.323521462702712,44.66248384635045],[1.3233453066101,44.662552314337276],[1.323084897509945,44.662696045525884],[1.322814045513933,44.66276667910063],[1.322249371951908,44.66295892318641],[1.322113382740846,44.66303430178508],[1.32190266474136,44.663203997357016],[1.321512161706185,44.66343669979987],[1.321420365407045,44.66351094715114],[1.321307398541715,44.66366051337313],[1.32099167570355,44.66388174212362],[1.320810334189766,44.66403927491622],[1.320352387179797,44.66437540531336],[1.320004992659691,44.66447368539727],[1.319915768775374,44.66454616969162],[1.319674984604749,44.66466587833426],[1.319393599630759,44.66475075148071],[1.31884180106166,44.66497559165079],[1.318442394804282,44.665082981820355],[1.318154886327275,44.66520377800332],[1.31810921214877,44.66525441097738],[1.318091926452543,44.66536850912019],[1.318052531340233,44.665420138017744],[1.3178211592693,44.66552017531887],[1.31750898302163,44.66570632985649],[1.317384869530804,44.665763873924064],[1.317141877212005,44.66583041535124],[1.317036654715422,44.66588914688071],[1.316811044776068,44.666049601985556],[1.316611648020385,44.666261782917886],[1.316521343951633,44.66632794483315],[1.316328983402271,44.666431274220315],[1.316117706474034,44.66649199277651],[1.316001321897298,44.66650192751621],[1.315365598900351,44.666494049867026],[1.31488216802392,44.666456971518635],[1.314421408947129,44.666463459571894],[1.314309584394232,44.66648967067269],[1.314242006672997,44.66655527657746],[1.314208320976004,44.66662680178004],[1.314149571737864,44.66669254216291],[1.313735484497043,44.66686812860437],[1.313504772374187,44.66694565516291],[1.313312689159356,44.666913010959306],[1.313210284833973,44.66691955399996],[1.312575310635424,44.66709717104033],[1.312267599091963,44.667217644216734],[1.312170017403744,44.6672737863822],[1.312103535728066,44.66734481066591],[1.312027556997505,44.66739587941001],[1.311043019147148,44.66770052476463],[1.310331736577939,44.668023742924355],[1.308074575809429,44.668517830944126],[1.307266652155303,44.668738697799796],[1.306944055199302,44.668849923970726],[1.306726679126692,44.668861004998966],[1.306978697052199,44.66920884664069],[1.307003696883977,44.669258755811704],[1.307000065330918,44.66929562007947],[1.306779999438073,44.66943813073869],[1.306705561809199,44.669521636996045],[1.306529322210413,44.66975936877727],[1.306468315095171,44.669899810975274],[1.306386568653428,44.67001652309109],[1.306110849422552,44.670331073598064],[1.305980987196328,44.67053709724131],[1.305842386624621,44.67069796272522],[1.305650315902771,44.67100028581491],[1.305594237238075,44.67106065997438],[1.305527618468672,44.671093858139855],[1.30535703233332,44.671227218674126],[1.305197549341212,44.6712851083029],[1.304989949267717,44.671432309074795],[1.304897657779631,44.67152184413447],[1.3048325200722,44.67163160583432],[1.30475673404498,44.671717791734785],[1.304369788830213,44.67191177004531],[1.304288902064169,44.67199967845098],[1.304269087506335,44.67202909078928],[1.304238236842689,44.67217359612559],[1.304227950416335,44.672389555007705],[1.304194375011769,44.67258264482166],[1.304124014530282,44.672740051884105],[1.304100743523157,44.67284235057569],[1.304087349664864,44.67303574973288],[1.303943300379033,44.673251459294015],[1.303860908284031,44.67343119397165],[1.303611416308765,44.673711922699304],[1.303464621840336,44.67385104832208],[1.303370860160997,44.67398918600822],[1.303216765392964,44.67403544929233],[1.303158700490782,44.67407778218419],[1.302988317878881,44.67428768391841],[1.302700241998696,44.674508386907675],[1.302362005102587,44.674718414244],[1.302164734142993,44.67489908670764],[1.3018412645285,44.67499587777131],[1.301805469300872,44.67505295957366],[1.301501421318265,44.67517526139129],[1.301330040388995,44.67529239528596],[1.301049957498804,44.6754150638188],[1.301021811305984,44.67546956137752],[1.300681893664611,44.675693065345634],[1.300399457091298,44.67593546102347],[1.300274473887422,44.676062310935194],[1.299926578819095,44.67650811073073],[1.299587574607213,44.67699366770576],[1.299395154046335,44.67722213606904],[1.299379499171128,44.67753166350741],[1.299350600957911,44.67765278532204],[1.299325141145822,44.677910834258675],[1.299271062681219,44.67811351354221],[1.299233756783919,44.67817867583017],[1.299246662142201,44.67833645972982],[1.299206207998271,44.67842228487215],[1.299088878518488,44.67858797235439],[1.299058923755799,44.67866045151179],[1.298923268547538,44.678806046390456],[1.298799586566966,44.679014859439334],[1.298620548604375,44.67917599582809],[1.298117154504575,44.679420391807426],[1.297862611578235,44.67957406233193],[1.297686795802663,44.67958666608084],[1.297538873078822,44.679720364314186],[1.297510408319246,44.67995225273892],[1.297453842564221,44.680111669637554],[1.297291098588909,44.6803180792471],[1.297072436786572,44.68053713549248],[1.297080561922795,44.6811450914272],[1.297216544620586,44.68140652517734],[1.297309441522337,44.68154843109351],[1.2973235494298,44.68170803497118],[1.297306760751097,44.68180412913085],[1.297251607435399,44.68191674229815],[1.297086660863036,44.682112312058585],[1.296722239892077,44.68264339607826],[1.296686317630759,44.68278782220977],[1.296694069697368,44.682865383753395],[1.296720664281936,44.68294593679014],[1.296765601945155,44.6830042598697],[1.296871369272781,44.68305451422045],[1.296888714965291,44.68310700965244],[1.297075037769499,44.68328997521849],[1.297155892647953,44.68341278570165],[1.297324153616753,44.6835252346084],[1.297475915428727,44.68368245397503],[1.297687818015367,44.683812683047414],[1.29766552034389,44.683924000942866],[1.297620965389256,44.683978245511454],[1.297452072882624,44.68409541260169],[1.297434284043543,44.68414106397683],[1.297503276148427,44.68419705535437],[1.297587897754475,44.68423707828234],[1.297625077071502,44.68430158509979],[1.297558029866621,44.68434827972329],[1.297116257320837,44.68443153188996],[1.297025401576911,44.6844724568933],[1.296970779622041,44.68452564581987],[1.296932150739473,44.68459258821789],[1.296952533691063,44.684962103438636],[1.297005226004958,44.685097988054196],[1.297000498300499,44.6851708551278],[1.29676850019285,44.68532937329908],[1.296648126328809,44.68546979832498],[1.296180793353733,44.6858552188657],[1.296170464072118,44.68590458690561],[1.296222330159,44.68627638819618],[1.29622193136289,44.68645648051301],[1.296010248872318,44.68686114448751],[1.295854260945905,44.68696860272233],[1.295828164372333,44.68703843929631],[1.295831513268099,44.687178067221666],[1.295857146522607,44.6872487003604],[1.296095463992213,44.687465786541004],[1.296115197594761,44.68752282139844],[1.296079052999975,44.687924785183434],[1.296130184723661,44.68807055174962],[1.296086432926508,44.68818153927599],[1.295936024069572,44.68822965109061],[1.295877993532545,44.688270180239044],[1.295833178009246,44.688666607617016],[1.295750066083565,44.68878509341203],[1.295692750297625,44.68909398048623],[1.295680494930986,44.68924867661851],[1.295649096140122,44.689285113322285],[1.295574770483154,44.68932178943413],[1.295450000530356,44.689481956698785],[1.295225942579064,44.68954424170415],[1.294967852186557,44.689646524192625],[1.294905625456443,44.68970049564634],[1.294831560410851,44.68981191627814],[1.294778410990821,44.689857923076644],[1.294690013818138,44.68990068527412],[1.294617120053021,44.68997340259127],[1.294488144873251,44.690397348822934],[1.294450961597078,44.69045800942638],[1.294311289900902,44.690609841477134],[1.294317279494932,44.69066216244709],[1.294355467914275,44.69069336777549],[1.294413509925749,44.69069426224197],[1.294435077166565,44.69073241535525],[1.294411146295876,44.690813991545255],[1.294222777783333,44.69107313239292],[1.294039568227991,44.69120358178257],[1.293487394929685,44.691345451993],[1.293326097085484,44.6914609296901],[1.293238883280233,44.691547833299744],[1.2931481432138,44.69170942353647],[1.293054285710336,44.69193219929221],[1.292856166714933,44.69251266445461],[1.292854891080295,44.69259639083077],[1.292984483976859,44.69281901091748],[1.293075683807895,44.69293387983182],[1.293308721763878,44.69315899530154],[1.293347021542097,44.69335319235477],[1.293398934998518,44.693431435411455],[1.293417921188167,44.693929702119014],[1.29358070957108,44.69414022641748],[1.293941926938267,44.69442674931273],[1.293991700216479,44.69449235216888],[1.294029633586829,44.69461540423256],[1.294150270514885,44.69471721853059],[1.294189123651211,44.69476824506946],[1.294196348185049,44.694821485649015]]]}},{"type":"Feature","properties":{"CdOH":"05C0000002000886281","TopoOH":"Bras du Lourajou","StatutOH":"Validé","SourceNomOH":"BDCarthage"},"geometry":{"type":"MultiLineString","coordinates":[[[1.299931283936105,44.626129059413564],[1.300140862276107,44.626245741370006],[1.300198008974655,44.62631595627879],[1.300228390068126,44.626395664817636],[1.300214155638329,44.626533217990406],[1.300228396522931,44.62660457413824],[1.300278307189512,44.62666387210435],[1.300414314130368,44.62675330872635],[1.300426439039122,44.626894869047675],[1.300555370593864,44.62705173203767],[1.300597840759975,44.62714873526219],[1.300609287985466,44.62731279693415],[1.300710465729931,44.62747013360226],[1.300896815901153,44.62785569790088],[1.301068110975326,44.628280651287106],[1.301122196163095,44.62845257192726],[1.301111061933709,44.6288639162277],[1.301047335029069,44.628970093058115],[1.300841288546368,44.629154224644886],[1.300684016983488,44.62935171217127],[1.300676099650878,44.62944704047962],[1.300627360620637,44.629557949837945],[1.300448077921762,44.629732586967464],[1.300204204704033,44.62979097040954],[1.300071124565564,44.629896980950946],[1.299947871131311,44.629969824979234],[1.299789530733618,44.62999350382046],[1.299366000358252,44.629987890420956]]]}},{"type":"Feature","properties":{"CdOH":"05C0000002000886308","TopoOH":"","StatutOH":"Validé","SourceNomOH":""},"geometry":{"type":"MultiLineString","coordinates":[[[1.295420789834829,44.52228688422627],[1.295004520496833,44.52227595143745],[1.294311327461181,44.5221409794301],[1.293907142765692,44.52210501710762],[1.292863253724831,44.52220502960004],[1.291772439060834,44.52235833200502],[1.291211067259292,44.522400965687616],[1.290704916609786,44.522490374061206],[1.29058915615414,44.5225309014419],[1.286139465143474,44.52486965369871],[1.285677512663767,44.525077683258495],[1.285190448635022,44.525242099762316],[1.284868736154035,44.52530823501875],[1.284642034771353,44.52531281552217],[1.284531679236857,44.52534081463502],[1.284327460136046,44.52543398687638],[1.284101852531744,44.525485406058266],[1.283989691184898,44.52548996517503],[1.283673992884216,44.52544093443711],[1.28321528430407,44.52529333131173],[1.282950349440095,44.52518926098651],[1.282592920537909,44.52502252087679],[1.282153201060629,44.52478876670161],[1.281542581299478,44.524504626468364]]]}},{"type":"Feature","properties":{"CdOH":"05C0000002000886312","TopoOH":"","StatutOH":"Validé","SourceNomOH":""},"geometry":{"type":"MultiLineString","coordinates":[[[1.304748909772093,44.64417377250555],[1.304582088931009,44.64426846651508],[1.303301422635427,44.64465944255646],[1.301733147011896,44.64530172326688],[1.301415947452218,44.6453634870828],[1.301211945389968,44.64543599366171],[1.300625262398884,44.64556655402613],[1.300315464652839,44.645550086937874],[1.300102164561882,44.64551259035568],[1.299825651369856,44.645438102466436],[1.299331324453095,44.645350359284016],[1.298611832684759,44.645325785380585],[1.298374074475213,44.64534644021386],[1.298087781750951,44.64538705862786],[1.297718624559437,44.64549843907613],[1.297529121236452,44.64559187311526],[1.297079348258066,44.64590821994992],[1.296912971753329,44.64598760144203],[1.296658067835859,44.64607462400921],[1.296084592265666,44.64614323097935],[1.295762547490227,44.646156278267874],[1.294767433264808,44.64615264516916],[1.294447411542625,44.646140506414675],[1.29423501978632,44.646114718720355],[1.29408659368127,44.64605930103451],[1.29396891704099,44.645988148880086],[1.293725385781783,44.64578268447563],[1.293373150203633,44.64554312481505],[1.293268771656816,44.64549108717489],[1.293006061123157,44.645460918589436],[1.292472298422409,44.6455094087332],[1.291931073227147,44.64551275708616],[1.291649851229098,44.64559395881964],[1.291532250478585,44.64564527041621],[1.29119039537244,44.64568771414958],[1.290896198279833,44.645697575613525],[1.28958964965711,44.645648560766034],[1.289373593102441,44.64566052716337],[1.289067588343773,44.64572693137735],[1.288297945412934,44.64577535388816],[1.287160134850429,44.645943236308845],[1.286461206535822,44.64611340577043],[1.28596613810483,44.64629933738179],[1.285822848033814,44.64632413091501],[1.285709568864353,44.646316071661545],[1.285446692963092,44.64624986329328],[1.284867334551376,44.64622106914749],[1.284631539857769,44.646176890368054],[1.284372421316497,44.64615306033188],[1.284005862740679,44.646177989617144],[1.283950854544589,44.6462446721947],[1.283957597318703,44.64631321342937],[1.283894394035822,44.646441902063025],[1.283774263052565,44.64661743279302],[1.283709359659567,44.64667765834114],[1.283587583291524,44.646741503604595],[1.283300751659402,44.64684060700842],[1.283153457308074,44.64687253882775],[1.282927883022167,44.64694827921331],[1.282768035021753,44.6469782146552],[1.282587877718422,44.646970914713506],[1.281883341541046,44.64682760075422],[1.280999144936024,44.64670220094718],[1.280005826764214,44.64676329785688],[1.279209623649936,44.646895889815966],[1.279068579260825,44.646888292224844],[1.278598965541933,44.64681794977354],[1.277965253131637,44.64679277587748],[1.277394530585192,44.646728958224465],[1.277357444906675,44.64674548975326],[1.276804061115016,44.647228532711],[1.276617343185611,44.64751828050099],[1.276408352980655,44.64791753999252],[1.276340037727907,44.64800652371253]]]}},{"type":"Feature","properties":{"CdOH":"05C0000002000885227","TopoOH":"Ruisseau de Boissières","StatutOH":"Validé","SourceNomOH":"IGN;BDCarthage"},"geometry":{"type":"MultiLineString","coordinates":[[[1.413580337109702,44.548564207267844],[1.413511223066493,44.548290388199334],[1.413365168060051,44.5479317247784],[1.413248094713714,44.547527556531776],[1.413130827234113,44.54726475062356],[1.4128924935692,44.54709834956844],[1.41268210376799,44.54692334559803],[1.41254718100171,44.54675122718654],[1.412395362940392,44.54628442987634],[1.412341740142503,44.54599732674973],[1.412265569158269,44.54584045952876],[1.412214722101558,44.545678553977616],[1.412144400426214,44.5456271193582],[1.411983486476488,44.545573481237255],[1.411672661832557,44.545298885393194],[1.411527713072136,44.54521486217412],[1.411265489867928,44.54513725490882],[1.410893797339072,44.54505717095183],[1.409784418028234,44.544927744653],[1.409508928374684,44.544874253293024],[1.409277903937975,44.544761974521485],[1.409056061248121,44.544681342111666],[1.408428015269469,44.54467319013611],[1.407899562780815,44.54470518876127],[1.407246878724642,44.54467776602394],[1.406213042155117,44.54459351385824],[1.405720195567978,44.54447924825926],[1.405143485526377,44.54425842027043],[1.404835803025009,44.54405228175959],[1.404631118870547,44.54394397537705],[1.40441948151276,44.543858978933166],[1.404176673252534,44.543807747314425],[1.403923237410071,44.543776170665154],[1.403328851847622,44.543780181583635],[1.403031313804227,44.54383890708292],[1.402810866016956,44.543842921300055],[1.402302845474756,44.54390940449041],[1.401707520939177,44.54385756727593],[1.4015399725383,44.54381642354232],[1.401044118285312,44.54349769871312],[1.400765913499757,44.54340722893658],[1.400726354430456,44.543381444200215],[1.400476091243284,44.54314911260467],[1.400368902089319,44.542977380739224],[1.4002991555629,44.54290613759509],[1.400165912254327,44.542676401326624],[1.400124270491671,44.542635279105966],[1.399938070037862,44.542541638416125],[1.399814600081177,44.54250023045429],[1.399168017541744,44.54239181049037],[1.398989276411836,44.542345998431955],[1.398768341379658,44.54232298492339],[1.398678860066229,44.54232618908642],[1.398405466190576,44.542377148507704],[1.397916031939934,44.54249880644476],[1.397821319052957,44.5425532577727],[1.397760502053458,44.54256678178978],[1.397601054712931,44.54255096126046],[1.397368735053246,44.54248546009358],[1.397054913277654,44.54236384959508],[1.396853623133487,44.542314104969066],[1.396674724588071,44.542229568904524],[1.395848078243377,44.54207799527925],[1.395044043934234,44.5417511627376],[1.39406488942627,44.54147310065186],[1.393889517148087,44.54139761547861],[1.39364964800061,44.54124375561944],[1.393481879056247,44.54116657958958],[1.39265409474492,44.540923122595046],[1.39205292571043,44.540812620544386],[1.391671892299204,44.540797165246225],[1.390796900877612,44.540841140174564],[1.39052121826056,44.540795701929596],[1.390294332765497,44.540716758655094],[1.389846340092654,44.54044460185368],[1.389654153267182,44.540296831143344],[1.389462122035366,44.540187780345306],[1.388544969120247,44.53972418666029],[1.388179843064468,44.539548676951945],[1.387358989768145,44.539240450821005],[1.386905882100421,44.53910417032698],[1.385841631424842,44.53872304353613],[1.385661577108522,44.53867989169762],[1.385157031888522,44.53862569019626],[1.384612678606545,44.53859881682292],[1.383566230740007,44.53843222802796],[1.383470028774575,44.53840650796367],[1.38338245958336,44.53834309664599]]]}},{"type":"Feature","properties":{"CdOH":"05C0000002000885205","TopoOH":"Ruisseau de Saint-Clair","StatutOH":"Validé","SourceNomOH":"IGN;BDCarthage"},"geometry":{"type":"MultiLineString","coordinates":[[[1.435446794795255,44.699783322334035],[1.434726599319515,44.6997578331772],[1.4343863868798,44.69977913548554],[1.433893538924399,44.699886522930285],[1.433714966075448,44.699906508022735],[1.433545853337848,44.6999041150877],[1.433187074937344,44.69986662081939],[1.433034653963382,44.69989958146888],[1.432921114985523,44.699987120216115],[1.43269332201631,44.700006406883894],[1.432723830069403,44.69972679435548],[1.43270564179951,44.699654499683184],[1.432305426003322,44.69951826520384],[1.432006600078087,44.69936815756787],[1.431282877118793,44.69892568083366],[1.431280412146468,44.69869692791667],[1.431244048244788,44.69859736148996],[1.431067018096155,44.69833551874899],[1.430969426866123,44.698258496487476],[1.43050385998279,44.69815734761048],[1.430253719179461,44.69807275886994],[1.430069159766049,44.69803592384465],[1.43003437606613,44.69801562029691],[1.430036609497493,44.69793551063184],[1.429880854258196,44.697771217850146],[1.429770821474228,44.69768771478361],[1.4295979409066,44.69759431536056],[1.429503944916686,44.697569569727435],[1.428253234413108,44.69746447274139],[1.427875782624813,44.69750863817643],[1.427576628605167,44.69759713691567],[1.427453738802396,44.69761250000626],[1.427369688752748,44.697593296632704],[1.427264366092629,44.69761251095022],[1.427166363850414,44.69764083383464],[1.427058446513898,44.69770773574115],[1.426759546257865,44.697832254526254],[1.426630320634984,44.69784842713163],[1.426218636190485,44.69785247992477],[1.425784847536731,44.69792465221278],[1.425486141036096,44.697996943379096],[1.425260927894232,44.69801445042634],[1.425131521877146,44.69799189870665],[1.424568478827538,44.698081137046174],[1.424154575921736,44.69816439161576],[1.423475348440338,44.69820964848241],[1.423178904091803,44.69815590045139],[1.42262097727376,44.69815245381266],[1.422257351057088,44.69833366813238],[1.421794175826534,44.69850805925475],[1.421574917254889,44.69862829694438],[1.421434329909687,44.69859927819303],[1.421341951106803,44.69856194212198],[1.421294802566591,44.69853245477787],[1.421276982895111,44.69849258010279],[1.421285084824862,44.698473785851455],[1.42125265137201,44.698459816285684],[1.420893082647368,44.698451085613534],[1.420703404394191,44.698416863278204],[1.420635206279807,44.698372667860816],[1.420585963756329,44.69828281905905],[1.420468245164503,44.69824872255837],[1.419692521115127,44.69831329003682],[1.419313415936942,44.69837090987156],[1.419019873110495,44.698438755154676],[1.418161432159671,44.6985264431708],[1.417132966475245,44.698689133682095],[1.416472624591972,44.69882556506904],[1.415174177563884,44.69925001322218],[1.414899758110505,44.699310917777524],[1.414680694462768,44.69933389429947],[1.414071138394684,44.69954937966784],[1.413858307527269,44.69957514528426],[1.413644220292484,44.69955586905103],[1.413234387016932,44.69958331247424],[1.413139158243811,44.69955763473357],[1.413012746900958,44.699428856416915],[1.412929663079241,44.6993754380708],[1.412696044344036,44.699332467770766],[1.412173094647402,44.69929705329059],[1.412055302881593,44.699265648146635],[1.411860212968057,44.699154793111624],[1.411741185051056,44.699122469424395],[1.411169798992489,44.69910346411336],[1.410960016497573,44.69902121159479],[1.410786764726555,44.698897161082115],[1.410696941908037,44.69885895225657],[1.410206344327019,44.69875105488633],[1.409953496236968,44.698584438273656],[1.409802955022895,44.69850573587286],[1.409687326947988,44.69839781936729],[1.408375126518987,44.69760995871609],[1.408057440112739,44.697370367830345],[1.40777892822201,44.697129538578736],[1.407696173019987,44.6971094383221],[1.407420886606708,44.697111781275375],[1.407135348338556,44.69703023236199],[1.406959677856477,44.69694756253055],[1.406595121604952,44.6968477660555],[1.406399133824767,44.69676930519836],[1.404921077970897,44.69649138217406],[1.40485042166966,44.69644534049066],[1.404790651486548,44.6963715410838],[1.404728395589895,44.6963409283682],[1.404363336101502,44.69634827310902],[1.403372000212899,44.69658160755243],[1.403144440629656,44.6965927324791],[1.40289294048931,44.696646734088375],[1.402542971143028,44.69665609152715],[1.402325281142508,44.696586314874686],[1.402148914493815,44.69657296347501],[1.401910523248161,44.69652089657682],[1.401805066187071,44.69654458717339],[1.401653054726027,44.696607226152025],[1.40152501001332,44.69662608797206],[1.40144061256535,44.69661946634376],[1.401289500769571,44.69656145476035],[1.401155136564339,44.69653610181792],[1.401008315947169,44.69654928901076],[1.400802448673752,44.69659674131304],[1.400665876804546,44.6966046732981],[1.400522049207357,44.6966458176911],[1.400361313749134,44.69674885005169],[1.400074747928175,44.69674831030033],[1.400003694901094,44.69676079034581],[1.399963244434267,44.69680703013589],[1.399862441484328,44.69680017016358],[1.399571305146381,44.696738331008],[1.399432618185639,44.69673182336074],[1.399268052547916,44.69674745308327],[1.399221931380272,44.69677109882613],[1.399152855421407,44.69689166346525],[1.399061243022105,44.697005598828845],[1.398856471095958,44.697147612903336],[1.39861714646804,44.697350358814965],[1.398106547506923,44.69754737788456],[1.397898248534376,44.69772445763629],[1.397499510657904,44.69785015473636],[1.397374332223096,44.69794559343791],[1.39727244600502,44.698109805132496],[1.397202761727605,44.69816282448252],[1.397095602065054,44.698201794053766],[1.396791258583229,44.69820459036732],[1.396681574583946,44.69824352298306],[1.396647743994482,44.69832317499955],[1.396650017879313,44.69837633580063],[1.396693354240286,44.698494925368976],[1.396674507458908,44.69853607411695],[1.396638659085563,44.698553564322516],[1.396396433304799,44.69854735411123],[1.396240208405209,44.698580209238685],[1.395884528084901,44.69874524483837],[1.395603159383269,44.69878348929605],[1.395282735005544,44.69895173542565],[1.395159320396269,44.69898506469395],[1.39500458155524,44.698965712228556],[1.394926533002988,44.698869130434595],[1.394879090154817,44.698850433049046],[1.394562974471779,44.698867460155256],[1.394301167217339,44.69879522685076],[1.39338396294656,44.69859552050573],[1.393068875675521,44.69857653932832],[1.392883410914443,44.698527922684995],[1.392577183820078,44.69850816826345],[1.39253473862905,44.69849134337875],[1.392426818387157,44.698379918405244],[1.392366054577113,44.69825296967965],[1.392325411274489,44.69821726094355],[1.392043472180124,44.69818705208765],[1.391911267406192,44.6980860795168],[1.391857284970486,44.69807539007408],[1.391751846477279,44.69809817100757],[1.391563224351428,44.69820438767267],[1.391497498355958,44.6982070345159],[1.391442333147671,44.69823774946272],[1.391370481289134,44.69832225030018],[1.391317814158968,44.69835390196495],[1.391185538883801,44.69838799851532],[1.390880139554166,44.698427682672],[1.390116791057654,44.698411180698],[1.390047405418111,44.69832102465685],[1.389691059904983,44.69819968020752],[1.389603930924305,44.69815609040052],[1.389419808693879,44.69801653956928],[1.38922698265881,44.69791648262088],[1.389193965290316,44.697923205948946],[1.389165068896417,44.69796240629683],[1.389124996088542,44.698171633569316],[1.389076397289726,44.69823756139886],[1.388702850032546,44.69840861747998],[1.388307435495282,44.69846139183222],[1.387705543612896,44.69849404856391],[1.38675495048735,44.698667497556436],[1.386533431259057,44.69868768129595],[1.385904288081851,44.698701921576536],[1.385856871908768,44.698726443465034],[1.385822563578349,44.6987781707246],[1.385760132376278,44.69879797124559],[1.385501345971321,44.69879689854282],[1.385323995624374,44.698817724076676],[1.385149688204472,44.698776460936884],[1.385097794410192,44.69873698345278],[1.38508641352097,44.69869359461426],[1.38510202777716,44.69858936729996],[1.385018300496336,44.69855933058732],[1.384608851106585,44.698529043320725],[1.384344201940342,44.698424327691065],[1.384121372782652,44.69840216514627],[1.383818168115292,44.69832119824507],[1.383588461237994,44.698318744658316],[1.382941779786866,44.698108493564995],[1.382814914474403,44.69808592925547],[1.382737830402228,44.69808840496485],[1.382578816319632,44.69813020491032],[1.382496912056162,44.698168629042314],[1.382426696682728,44.69823964104682],[1.382338301244307,44.69828427354006],[1.381736836550493,44.698389842621864],[1.381329301610165,44.69851265207191],[1.381244483840086,44.69856453983857],[1.381113736650595,44.698676988212],[1.381059924801482,44.6987482392944],[1.381029624893368,44.69883604280087],[1.38101579031387,44.699053755683984],[1.380930035025388,44.699357762871216],[1.380896006473409,44.6993995875406],[1.380873743873616,44.699471300018175],[1.380881206240511,44.69951913441406],[1.380791377801069,44.69965739432565],[1.380780033088776,44.69974457459435],[1.380788926140221,44.69987437328813],[1.380720246940515,44.699979624895875],[1.380714752543069,44.70003897597562],[1.380779122790214,44.70017138714671],[1.380619189012529,44.70028881100258],[1.380617428791717,44.70035001766623],[1.380749308027067,44.700461804983746],[1.380775675014174,44.70051081640855],[1.380739095701454,44.700553504225056],[1.380590991413704,44.70061076916653],[1.380433198249987,44.70069760789896],[1.380398132946953,44.70077543635976],[1.380394534322255,44.700900549997684],[1.380372995405539,44.70094705966583],[1.380280011963635,44.70097541493387],[1.380027959259283,44.701003243371616],[1.379890538123978,44.70108407615457],[1.379834794000887,44.70113458750766],[1.379737176194889,44.70114846686842],[1.379669044511694,44.70119069253516],[1.379498994642137,44.70139621359446],[1.379446769682836,44.701499904445846],[1.379298569068273,44.701648114541754],[1.379182833492343,44.701721159690194],[1.378908096259063,44.70183509935153],[1.378549242252543,44.70206396793927],[1.37829982120408,44.70217557552061],[1.377935040609603,44.702259378441376],[1.377572428733831,44.70231169523153],[1.377531774312335,44.70236422760374],[1.376880280922159,44.7038530734218],[1.376788725300768,44.70391926692593],[1.376526360019568,44.704041486710175],[1.37643372324436,44.704101360728615],[1.376388838897936,44.704169138857154],[1.376379682961145,44.704223933790665],[1.376390156429232,44.70438617361201],[1.37650047515602,44.7049830081654],[1.376547145320725,44.705116063008404],[1.376644801240541,44.705320102857506],[1.376932657870921,44.70575925494729],[1.377137936568091,44.705953165916284]]]}},{"type":"Feature","properties":{"CdOH":"05C0000002000885209","TopoOH":"Ruisseau de Peyrilles","StatutOH":"Validé","SourceNomOH":"IGN;BDCarthage"},"geometry":{"type":"MultiLineString","coordinates":[[[1.39079232027862,44.648971947700176],[1.390925050293639,44.649050417667844],[1.39119426648159,44.64916418982155],[1.391357723285558,44.64927102037906],[1.391375583301667,44.64930819888025],[1.391293423977785,44.64940245231889],[1.391281202432192,44.64943289009041],[1.391291548477468,44.64946815839986],[1.391344585071357,44.64951035084003],[1.391537763032794,44.649592400613486],[1.391618747390251,44.649671918097006],[1.391635285586725,44.65002063547915],[1.39162440882007,44.65018075868068],[1.391644020523268,44.65024497633347]],[[1.39079232027862,44.648971947700176],[1.390799376402005,44.64912242668071],[1.390847579288127,44.649289712560815],[1.390916110921311,44.64945189144174],[1.391087553690431,44.649765043270854],[1.39132939953128,44.64999817771481],[1.391533467093751,44.65014071650362],[1.391644020523268,44.65024497633347]],[[1.413044097701068,44.62005415866887],[1.41341683269182,44.620204480077966],[1.413730059449505,44.6203638511679],[1.413838733322259,44.62044464940509],[1.413918010991167,44.620584454918976],[1.414010083055472,44.62080728458178],[1.413997950358045,44.62088004629982],[1.413925288489127,44.62104288421278],[1.413916660755805,44.62130478902715],[1.413943666605495,44.62142043306915],[1.414190656740981,44.62182827492267],[1.414221509435465,44.62203131698018],[1.414288328607256,44.62225558512391],[1.414260300919482,44.62266938655105],[1.414157627050609,44.62295785619944],[1.414143499636086,44.623056702217795],[1.414205014525644,44.623379943086825],[1.414322946244059,44.62366977635066],[1.414343151470908,44.62375830954734],[1.41432946921576,44.62393099831265],[1.414111178543647,44.62456448027653],[1.414090783096552,44.62479650202671],[1.414002845873846,44.62491950167736],[1.413526984507391,44.62493788637614],[1.412761024520498,44.625407728875025],[1.412571468734199,44.625557182239625],[1.412405895962344,44.62579522320721],[1.412284022462521,44.62609332085888],[1.412292476413237,44.62619609288943],[1.412329495181931,44.62626956048419],[1.412486812952795,44.62645911194556],[1.412615764342297,44.62653660082609],[1.412712268815125,44.6266469401434],[1.412718500338797,44.62678389712181],[1.412672484966315,44.62702995818326],[1.412687228553187,44.627222864944116],[1.412747328087669,44.627372301112324],[1.412809447803903,44.627673941364606],[1.412894895594788,44.62790838314941],[1.412882835942586,44.627978444704084],[1.412826249634746,44.62810729639559],[1.412823215525717,44.62817028396241],[1.412870731042628,44.628363661234424],[1.412879413968397,44.62863752108203],[1.412834760194266,44.628700811640584],[1.412651749139522,44.628841354994414],[1.41223932295089,44.62906864820162],[1.412181183463745,44.629118238177874],[1.412171890032433,44.62922435723717],[1.412184303038774,44.62932088313866],[1.412114888182232,44.629412632085455],[1.411978940808507,44.629538542766696],[1.411759853425426,44.629661458123586],[1.411516773189417,44.629740806973594],[1.411360740071269,44.62981870474851],[1.411265487669457,44.62988757081482],[1.410975628749146,44.63032912595037],[1.410700999947314,44.630588108852855],[1.410509686997294,44.630709620226604],[1.410426047122194,44.63081376997075],[1.410184557794132,44.631238910261075],[1.410102709447748,44.63145834270046],[1.410062592611383,44.631628850654174],[1.410065586490676,44.63179097407765],[1.410026940813545,44.63204344384292],[1.410049993315397,44.63212031330382],[1.410041034098347,44.632169709037214],[1.409989801295538,44.63219778659172],[1.409960639628661,44.63229281458212],[1.409911623062957,44.63233172933607],[1.409875989747757,44.63238794503006],[1.409874466504666,44.63244194993159],[1.409835127689927,44.63249541098541],[1.409836928980234,44.63256567174535],[1.409757607351825,44.632740118080434],[1.409680468834407,44.63283715733492],[1.409496169749119,44.63338017734927],[1.409437480910253,44.633493689918105],[1.409362287048946,44.63356644489807],[1.409201172790736,44.63364516728749],[1.40893276543762,44.633816892580434],[1.408798610093021,44.63396803814061],[1.408760697845105,44.63406023865097],[1.408756296694807,44.63412680843893],[1.408634974396051,44.63427003448742],[1.40825778294803,44.63440867688466],[1.408121159432401,44.6344238185363],[1.40793210063475,44.634420196083674],[1.407867074816147,44.6344453727801],[1.407503383740516,44.63473098009427],[1.407195619565995,44.63486701707435],[1.407132147619444,44.63492643277415],[1.406607002834424,44.63507914631028],[1.406386506049033,44.63516151126827],[1.406223639006683,44.63525731275601],[1.406076422618026,44.63546859705764],[1.405967504861364,44.63557418035474],[1.405812695163847,44.63560796646305],[1.405708015515117,44.63560825810351],[1.405290315390123,44.63557342040468],[1.405062327616854,44.6356529734106],[1.404580374796894,44.635749572243604],[1.404510150738933,44.6357800747151],[1.404195904382091,44.635966435219466],[1.403776287143817,44.636177386860055],[1.403035891863887,44.6366268261036],[1.402664627772428,44.63682226392926],[1.402444092902593,44.63690552116362],[1.4024182790974,44.636970881071285],[1.402488895141474,44.63706014540235],[1.402486639732919,44.637095230373085],[1.401440107652326,44.63771042138815],[1.401290673577611,44.63777669525315],[1.401052704184483,44.637807471620086],[1.400850986554393,44.637849577157034],[1.400802265286361,44.63787768697836],[1.400782436480485,44.63790981643828],[1.400817242525817,44.63801657300554],[1.400695483103862,44.63817419186409],[1.400604888604092,44.638255723042796],[1.40050748902306,44.63839928684149],[1.40043165686605,44.63858278240073],[1.400345525548534,44.63872921044115],[1.400251249855283,44.6388070863105],[1.399662872581569,44.639141644745216],[1.399418439372962,44.63931099370683],[1.399200794727733,44.6393807798224],[1.399062367309865,44.63945891602852],[1.39858902542782,44.64004996230939],[1.39846659809418,44.640275103230415],[1.398312031124298,44.64047726723639],[1.397711776400026,44.64105116427539],[1.397607765741677,44.64111629067962],[1.397485548794412,44.64124508530233],[1.397070648012027,44.64159835277029],[1.39681319217128,44.64187015928988],[1.396090519173972,44.642489997531634],[1.395570052281399,44.64300651170509],[1.395264540840473,44.643237997784986],[1.394578932165365,44.64357382125687],[1.393902209574207,44.64381882379315],[1.39315248115979,44.64401413700859],[1.392680583214425,44.64424139767589],[1.392525587735205,44.64428056578742],[1.392287740144125,44.64430592288025],[1.391976692719028,44.644377038801785],[1.391755183241322,44.64440443323063],[1.391601162684964,44.644409396945335],[1.391392515504296,44.64438385085874],[1.391290032769686,44.644394966509196],[1.39117129022094,44.644445465557794],[1.390583497017349,44.64484391889522],[1.390422815302742,44.64499375740784],[1.390225959906874,44.645306051668285],[1.390214822974847,44.645475175258824],[1.389998949756087,44.645790794214705],[1.38979483700794,44.64631278852823],[1.389817099693488,44.64659315457362],[1.389939323784524,44.64664175773495],[1.389904334575272,44.64689517705357],[1.389952744270687,44.64731999682634],[1.390004699934818,44.64748823810627],[1.390227237753844,44.64791109024937],[1.390344168315684,44.64810098759903],[1.390392088794389,44.64836641932762],[1.390481744353522,44.648539711365935],[1.390540519760637,44.64864592015278],[1.39079232027862,44.648971947700176]],[[1.391644020523268,44.65024497633347],[1.391835590634965,44.65051609819946],[1.392058539347102,44.650925445888944]],[[1.392058539347102,44.650925445888944],[1.392132787826476,44.65106429525728],[1.392243369853432,44.65116765444084],[1.392389617866733,44.651258925515094],[1.392557918387777,44.65132890591427],[1.393191617918533,44.65153441354312]],[[1.392058539347102,44.650925445888944],[1.392720191564815,44.65094676891977],[1.392974799291497,44.6509981928045],[1.393045696896642,44.651033440269956],[1.393102416409062,44.65107928718962],[1.393135147634927,44.651391320905994],[1.393191617918533,44.65153441354312]],[[1.393191617918533,44.65153441354312],[1.393469739784926,44.652088633037664],[1.39362945982304,44.65228275026511],[1.393714831704321,44.65242986422721],[1.393741422294075,44.6525148933906],[1.393745157784795,44.65256087097071],[1.393631283621938,44.65283835904701],[1.393609136393168,44.652951495058666],[1.393604111528461,44.65317203421818],[1.39361341161083,44.65328832833789],[1.393634467234846,44.65334626343121],[1.393709184576158,44.653468910335555],[1.393905191767433,44.653629336768724],[1.394077827021579,44.65372459055023],[1.394158996197416,44.653753683206475],[1.394343566638589,44.65378427688192],[1.394451811107266,44.65383717425954],[1.394625137594569,44.65412963746398],[1.39464120185709,44.6541856990046],[1.394589563139009,44.65453702856784],[1.394400554528457,44.6549277852937]]]}},{"type":"Feature","properties":{"CdOH":"05C0000002000885148","TopoOH":"","StatutOH":"Validé","SourceNomOH":""},"geometry":{"type":"MultiLineString","coordinates":[[[1.411127467092489,44.678455176641215],[1.410247796373994,44.67827685718207],[1.410025197897757,44.67820432335803],[1.409805665580599,44.67806790030636],[1.409399117470601,44.677716279585844],[1.409185015962426,44.677566426406926],[1.409034856097337,44.67738687644229],[1.40894471623154,44.67722709900642],[1.408723725414874,44.67709785649391],[1.408619242693989,44.676999103970736],[1.40838913722947,44.67656717434528],[1.408352176921442,44.676445980761706],[1.408247401022253,44.676313006102326],[1.408088513340786,44.676263896319334],[1.407646582136877,44.676271944925595],[1.407035369920721,44.676330682189715],[1.406556130180062,44.67640842543244],[1.406146269936634,44.67639802018155],[1.405707266889771,44.6763025500142],[1.4054978829925,44.67620948669317],[1.405365247054248,44.6761247327366],[1.405255624135797,44.6760295047372],[1.405151709873636,44.67582180105712],[1.405139221636459,44.675460535505366],[1.405100485100382,44.67531320175689],[1.404916781584358,44.67507103066175],[1.4044764925331,44.67484316893465],[1.404075871777398,44.67468521320334],[1.403526821010285,44.67455482977264],[1.403299506204158,44.674471408583244],[1.403161361314606,44.674358658091776],[1.402951671518762,44.67423226831934],[1.402713873528947,44.6741180788608],[1.402352939875325,44.673985002193724],[1.401703638392223,44.67378562730189],[1.401019477876833,44.67343626794748],[1.400722074598044,44.67324377293476],[1.400089082589107,44.672914957483805],[1.39937535032154,44.672629993511194],[1.399046105304031,44.672536984671346],[1.398823423909173,44.67251305174537],[1.39828001189861,44.67249618187481],[1.398093637657092,44.672526800857376],[1.397925672456122,44.672575695350766],[1.397799103201023,44.672633293209906],[1.397691045298458,44.67270556641894],[1.397569195257565,44.67281906110475],[1.397507629973353,44.672898310717805],[1.397465376712926,44.673008455771566],[1.397445630894462,44.67317025323703],[1.397066115696491,44.67346911259299],[1.397007757171722,44.67365736455811],[1.396833217719184,44.67384843554693],[1.396506163062153,44.67416606254082],[1.396428913367439,44.674219871340036],[1.396211171099727,44.674598512377],[1.396055528039139,44.67483487940553],[1.395704628981338,44.67519177909975],[1.39554029500384,44.67533437115718],[1.395255586639583,44.67553824983142],[1.394345434216707,44.67594556356718],[1.393741513946661,44.67619072972632],[1.393300776454357,44.67633380824578],[1.392636943655659,44.676643832592376],[1.392289368532066,44.67675044088055],[1.391910614173128,44.67684398845829],[1.39155109396471,44.677015254453856],[1.391425073669484,44.67705304307728],[1.391211287277304,44.677070645768026],[1.391095948150709,44.67704375573031],[1.390916755572864,44.67686645962048],[1.39076266875087,44.676782276377565],[1.390413637236463,44.67654217806145],[1.390260530622767,44.67646791349522],[1.388670583170174,44.675843260130485],[1.387807271933957,44.675493910408235],[1.387277561821198,44.67526197493968],[1.383767740754383,44.6741257003279],[1.382517210023025,44.67368330655685],[1.382191951911984,44.67358400223036],[1.381634583261067,44.67334983397001],[1.381178112776351,44.67307391667673],[1.381050974303221,44.673018928896575],[1.380683449155379,44.67294151329864],[1.38024946499269,44.67280549365873],[1.37947423592956,44.672336704651386],[1.37915777232353,44.672370789281615],[1.379010025391088,44.67241815053676],[1.37846698923198,44.672212991008536],[1.378100569567522,44.672053640357305],[1.378106978342604,44.67178719584786],[1.378130986265229,44.67156693319557],[1.378223937540153,44.67131886618255],[1.378221630310609,44.671267505715264],[1.377134744690284,44.670711288302776],[1.37704384875131,44.67071265641743],[1.376991666120058,44.67072809937057],[1.37658699663311,44.67097699483646],[1.376537638059289,44.67102579632811],[1.376455474126516,44.67111823934634],[1.376349480044686,44.67129317565956],[1.376276602246225,44.67141366934448],[1.376221970348869,44.6715578429381],[1.376175928118268,44.671622901387266],[1.375926387683897,44.67169938043881],[1.375770510741824,44.67172230539139],[1.375654750056887,44.67214832842603],[1.375645925729511,44.67223554431338],[1.375665454509463,44.67238981111872],[1.37566018079959,44.67248518335761],[1.37556282984603,44.67266654924836],[1.375217815876667,44.67290280897242],[1.374774860871381,44.67307819816166],[1.374468852411101,44.67327450749217],[1.374330270168236,44.673397636655224],[1.37422067735125,44.67360943760293],[1.373945784181546,44.67382061029301],[1.373763438989574,44.673929588622244],[1.373636584470652,44.67408350532475],[1.373544659807572,44.67425144239978],[1.373537787400313,44.674533188382306],[1.373461247038282,44.674736469891826],[1.373315416062688,44.6748919082954],[1.37328359554642,44.67498869123611],[1.373257482678885,44.67501892330963],[1.372674103546792,44.674986932806085],[1.372685510361624,44.67515999082399],[1.37264998698274,44.67577809142588],[1.372669403958909,44.67584861367894],[1.372657273034154,44.67613748626998],[1.37269582042476,44.6762010861107],[1.372761850978939,44.676580254793315],[1.372797030301401,44.676629397543174],[1.37291692546755,44.67671670531129],[1.372910865564623,44.67675173455671],[1.372688597207008,44.6769753845973],[1.372587497809266,44.67732958370659],[1.372545311103091,44.67765403325469],[1.372414101813276,44.677958263568726],[1.372408548800297,44.67801941392833],[1.372423648315712,44.67806465957978],[1.37254283114915,44.678220393095465],[1.37258486573163,44.67833807256537],[1.372525678924292,44.678508291624],[1.372516745322875,44.67868645355305],[1.372595185748643,44.679160354684825],[1.372086598386742,44.679508560149635],[1.371517684719138,44.679760425622305],[1.371171440618302,44.67994983159537],[1.371126699322344,44.68001310653975],[1.371077989367714,44.680169972155106],[1.37105253244986,44.680395615950296],[1.370946401860257,44.68048680226318],[1.370939313025995,44.68051371207577],[1.370992852849497,44.68080085045657],[1.370956226859992,44.680845334907325],[1.370798370072989,44.680935759628504],[1.370638936428,44.68112431243008],[1.370576564263503,44.681404341521635],[1.370591831257086,44.68148740980947],[1.370411290216923,44.681969205727626],[1.370359717568806,44.682050389308365],[1.37023816841171,44.68219447591298],[1.370039697178855,44.68237975167745],[1.369577547870545,44.6827790571762],[1.369529173968715,44.68283687524076],[1.369412923872752,44.683059380308755],[1.368999019856103,44.68344858881159],[1.368822863971915,44.68356035263279],[1.368611568491151,44.683795863586624],[1.36848273815048,44.6839731586829],[1.368446759930962,44.68399514011296],[1.36825623356093,44.684036454247]]]}},{"type":"Feature","properties":{"CdOH":"05C0000002000885218","TopoOH":"le Pic","StatutOH":"Validé","SourceNomOH":"IGN;BDCarthage"},"geometry":{"type":"MultiLineString","coordinates":[[[1.390465139381046,44.59011128713628],[1.390236199592931,44.58983241826582],[1.389906110695009,44.58947733872334],[1.389707816361384,44.589184508365356],[1.389706118588843,44.589111548295584],[1.389641288894341,44.588998949318515],[1.389583784808538,44.58885043964149],[1.389578616245108,44.58872250239074],[1.389529852861879,44.588620942770476],[1.389497026180172,44.58849080148915],[1.389452761692275,44.58840821657307],[1.38928030377298,44.58782852309262],[1.389220975129338,44.58747918951288],[1.388947017616848,44.58692412839127],[1.388781740885141,44.5865345309132],[1.388784362544748,44.586354482076956],[1.38883255676403,44.58621111528024],[1.388823508971649,44.58613084459497],[1.388784876386322,44.58602763157171],[1.388682088091571,44.58583253889795],[1.388557709651868,44.58564343426502],[1.388455642663549,44.585423139728356],[1.388402335587798,44.5851720411832],[1.388420251509698,44.58503003381064],[1.388473020159688,44.58499118442562],[1.38847574493081,44.58493989938333],[1.388308290562724,44.58480329179475],[1.387658711853566,44.58412208901832],[1.387264390540623,44.58376786506961],[1.387071656496634,44.58345800307102],[1.38690870577821,44.58338448950965],[1.386590205977564,44.58328709366067],[1.386563785762429,44.583241686066955],[1.386567339172659,44.583073356678796],[1.386642299115992,44.58274309150516],[1.386805356632588,44.58263652013875],[1.386826999488336,44.582584610985286],[1.386851447109555,44.58243459543932],[1.386977061629108,44.58213928632966],[1.387015078854038,44.58199937369239],[1.387042274710597,44.58188541564159],[1.387060581571909,44.58164166530478],[1.386986220466365,44.58102558318974],[1.386946813976973,44.58042081677058],[1.386815549555676,44.57994437149024],[1.386750892113165,44.57978224967141],[1.386536506854617,44.579525196367506],[1.386435021430918,44.57937334165675],[1.386370751810419,44.57919771879277],[1.38634333550838,44.579055049848016],[1.386286519460502,44.5788831375615],[1.386284881746036,44.578720135234335],[1.386232566822492,44.57847895534374],[1.386284243297326,44.578037597685125],[1.386265436905254,44.577902258018],[1.386276493190723,44.57777996067361],[1.386253031954312,44.5777192889347],[1.386260025300046,44.577650958210036],[1.386290713391822,44.57759107753305],[1.38629107565382,44.5775343555643],[1.386150966607173,44.57741165068258],[1.385999097760898,44.57708347515104],[1.385950889314957,44.577007134406685],[1.385837201223071,44.57688571561386],[1.385792670289491,44.5767689090756],[1.385751503039743,44.57671067979214],[1.385636814199677,44.5765802418428],[1.385514876817114,44.57648301383144],[1.385121246160765,44.576018939684424],[1.384885217870829,44.57577057115574],[1.384757528334387,44.57565434910829],[1.384607504734669,44.575570215855656],[1.384560249515443,44.57550469363354],[1.384550030855543,44.57537758322549],[1.384366132616863,44.57502462539508],[1.384325438862472,44.57486195237077],[1.384288670652142,44.57478217651794],[1.383969933639439,44.57416702074268],[1.383852430186666,44.57400322377606],[1.38376376014096,44.57384435075394],[1.383719803015859,44.57370774232013],[1.383758780296949,44.57349040815521],[1.383708995453209,44.57329338552847],[1.383671937634222,44.57273997820542],[1.38364920309698,44.57265410451657],[1.383564210134186,44.572498886917685],[1.383477778002607,44.57234995121369],[1.383355728774776,44.57221310017647],[1.383296711284496,44.57211859147397],[1.383274721040344,44.572050737240126],[1.383269280406734,44.5719768222288],[1.383291545507955,44.57185919162338],[1.383221032883947,44.571594333115506],[1.383217186719437,44.57150873584752],[1.383139691705405,44.571179844494075],[1.383098372829697,44.57090730943933],[1.382850349060621,44.57090277784053],[1.382830171765275,44.57046397250883],[1.382865806708087,44.57027540377648],[1.382922759924902,44.570178090684934],[1.383425198200372,44.56965599257688],[1.383460616142316,44.56956286620144],[1.38346227020988,44.56946114177149],[1.383520784666063,44.56913334111786],[1.383561444723719,44.56903308801814],[1.383629211760829,44.568953941517236],[1.384013801788311,44.56863181277204],[1.384621933262975,44.56802481507231],[1.384959485122551,44.56776142367054]],[[1.384959485122551,44.56776142367054],[1.384659337934794,44.56742207438699],[1.384290126968716,44.567075410932645],[1.384264923707757,44.56703182161096],[1.384263001739526,44.566966962581304],[1.384498367117711,44.566621039131824],[1.3849170391798,44.56620756264286],[1.385231955826139,44.56572233430645],[1.385316017255987,44.565469642502045],[1.385545056662302,44.564992162193946],[1.385728852736928,44.56437895603667],[1.385779317625006,44.564331970991404],[1.385851234444623,44.564327619583935]],[[1.384959485122551,44.56776142367054],[1.385824703372497,44.56710505371365],[1.386089815603498,44.56673164845713],[1.386328128116812,44.56628221509764],[1.386392704554185,44.56613818962207],[1.38643212586538,44.56599289617172],[1.386399161426912,44.56595639740721],[1.386236388817319,44.565922504078785],[1.386191067919324,44.565833599844986],[1.386194128393953,44.565770614575364],[1.386261739242066,44.56556450399425],[1.386783935150694,44.56448081431532],[1.385851234444623,44.564327619583935]],[[1.385851234444623,44.564327619583935],[1.385871871810252,44.56422257114702],[1.385847543754776,44.56414838047888],[1.385723962012726,44.56406553561411],[1.385665052046109,44.56396742828352],[1.385574436119956,44.56387696128006],[1.385446640759613,44.56380936177611],[1.385414144273949,44.563712540896375]]]}},{"type":"Feature","properties":{"CdOH":"05C0000002000885151","TopoOH":"","StatutOH":"Validé","SourceNomOH":""},"geometry":{"type":"MultiLineString","coordinates":[[[1.382762159243061,44.6462921135343],[1.383362580376607,44.64642335424161],[1.385299559263943,44.64652728993862],[1.385577479670049,44.64655656008605],[1.385816160083527,44.6465906595544],[1.386539122142544,44.64675968964455],[1.386744917768459,44.64684103156112],[1.387228607883867,44.6470849063247],[1.388615683127286,44.64767331310191],[1.389282932593521,44.64785051783378],[1.389757996332301,44.648087952513684],[1.390481744353522,44.648539711365935]]]}},{"type":"Feature","properties":{"CdOH":"05C0000002000885228","TopoOH":"Ruisseau de Rouby","StatutOH":"Validé","SourceNomOH":"IGN;BDCarthage"},"geometry":{"type":"MultiLineString","coordinates":[[[1.3818946238846,44.51364453398424],[1.381951326814541,44.5132464839267],[1.382222073470238,44.51301994901838],[1.382277506053243,44.512929820379114],[1.382314715167497,44.51281691430478],[1.382324308264612,44.51265768246515],[1.382284144904332,44.51256615226346],[1.382116651995093,44.512307079756006],[1.382090144881581,44.512222052595625],[1.382097939395841,44.51208170303036],[1.382125209448733,44.51200826933193],[1.382116188243304,44.511883880574956],[1.381858925073505,44.51146411893108],[1.381821278931108,44.511372625500094],[1.381810304631364,44.51127251914126],[1.381834339632124,44.51078484996978],[1.381868522428147,44.51064578791592],[1.381941572925279,44.510467677881344],[1.381938887535401,44.51038570130572],[1.381807890430407,44.50981922392647],[1.381702136074718,44.5096015747926],[1.381681177545116,44.50949862081849],[1.381707111786168,44.509427868945934],[1.381813213073071,44.50932587817068],[1.381690979870273,44.50911248941018],[1.381658062744719,44.50898775024617],[1.38159896501618,44.50885452337359],[1.381544938883665,44.50880781005448],[1.381395266568009,44.508805614396074],[1.381330456633029,44.50878395419655],[1.381041579065939,44.50863384954185],[1.380030212681538,44.508185007568514],[1.379759956526341,44.50800005699376],[1.379309640455041,44.50751262492326],[1.379055293652131,44.507387333239684],[1.378020543089883,44.507009261216155],[1.377866275279841,44.5069043465875],[1.377749653069523,44.506846806520315],[1.377322395973982,44.50669645795929],[1.377084209622143,44.50653448259892],[1.376725647955821,44.50635812993311],[1.376283531372616,44.50611211535829],[1.376025185690472,44.50590752178035],[1.375857498301682,44.5057006606126],[1.375814250024586,44.50558567206858],[1.375670924466212,44.504925363547684],[1.375641040249582,44.50473943948708],[1.375624636812985,44.503865802337856],[1.37566792758167,44.50323525403881],[1.375692738222529,44.503159985118884],[1.375734224066184,44.50311737637647],[1.375867878383487,44.50306351886189],[1.376061484309631,44.503024950227434],[1.376195138096434,44.50297109231854],[1.376227286701925,44.50290313456436],[1.376231974599645,44.50282756936202],[1.376223155200282,44.50278422000757],[1.376150559637979,44.502727326215734],[1.375987571357521,44.50266369929503],[1.375782362366845,44.50249320248171],[1.375639672592191,44.5023362315484],[1.375553601535745,44.502179193752866],[1.375538220434913,44.50210153225668],[1.375545295005086,44.50203050427616],[1.375581563297199,44.50190678216493],[1.375802990975545,44.501512963033086],[1.375832934502036,44.50143416809521],[1.37585281728203,44.50135522503328],[1.375826655349691,44.50117115690148],[1.375674829413973,44.50102575682914],[1.375446369986964,44.50087652681691],[1.375371728315771,44.500803395060835],[1.375349413043512,44.500748141618196],[1.375358092113381,44.500621312114916],[1.375312271368004,44.50055220639609],[1.375210030983076,44.5005200867616],[1.375142159025086,44.50047406675359],[1.3751094989135,44.500428565364004],[1.374989458606118,44.50014046789823],[1.374935860417963,44.500079351114714],[1.374870478433421,44.50003426802391],[1.374742141285469,44.49999095861186],[1.374448040619406,44.49993710287529],[1.374402313915655,44.49990851645061],[1.374254549253235,44.49966593035141],[1.37418412358683,44.49957755300809],[1.374082104235277,44.499494112399496],[1.373779083642408,44.49931316606765],[1.373131589474183,44.4989929786286],[1.372902381042715,44.49891396391268],[1.372745708476269,44.49889364475687],[1.372467250626415,44.49890844530145],[1.372377382701331,44.49888370879082],[1.372213307676356,44.49872731826395],[1.372090550205862,44.49857784008363],[1.371990052803193,44.49839807647144],[1.371909404122153,44.49818439028099],[1.371857693180017,44.49766499302858],[1.3717849033069,44.497265939128376],[1.371760143086015,44.49716472817394],[1.371618801465263,44.496874511848844],[1.371516454556611,44.49671542990248],[1.371410542186479,44.49663643134756],[1.370920403595258,44.496401391101934],[1.370676225197303,44.496231209560655],[1.370587959550082,44.496107450561915],[1.370578043776683,44.4960586821706],[1.370598632698081,44.495955439629476],[1.370635308998159,44.495861438780864],[1.370725602797209,44.49574031731858],[1.370736235498332,44.49563332608957],[1.370688494537981,44.49550026129045],[1.370545305778539,44.49531806504031],[1.370458077385303,44.495245644402],[1.369984145767922,44.49501624176014],[1.368649660806524,44.49444186344612],[1.368254353101392,44.49419110589943],[1.367560573528126,44.493952137332286],[1.367211626986352,44.49388214326399],[1.367148539108098,44.493845193131335],[1.367134802452428,44.49379816867736],[1.367162670618251,44.49353026030344],[1.367161003356113,44.493326743939264],[1.367109150682587,44.49290098490025],[1.367092023102481,44.4927971847126],[1.366991958968406,44.49255979707405],[1.366875210824446,44.49220330883031],[1.366883577601756,44.49200084153439],[1.366828069087661,44.491614646248465],[1.366758965599099,44.49148126347572],[1.36667173886164,44.49123506166674],[1.366556452371972,44.491089289603686],[1.365895098780096,44.48990446497792],[1.365630784625533,44.4892576597827],[1.365489390128963,44.488971036663656],[1.365502780336167,44.48885598334862],[1.365565067066017,44.4887029372697],[1.365451704491549,44.48857790189922],[1.365433149594327,44.48852360265889],[1.365461184798661,44.4884240732848],[1.36543286047898,44.48822916622271],[1.365450134447534,44.48815378828823],[1.365581545049377,44.48800266707668],[1.365561925293455,44.487854710082665],[1.365623101666196,44.48765302579466],[1.365588644820646,44.48758318408553],[1.365608458954042,44.487506943392646],[1.365832620814612,44.487236542315124],[1.366094947985228,44.48712517727059],[1.366218142901181,44.48704056356775],[1.366241554108922,44.48701389826726],[1.366246496644839,44.48697345332973],[1.366208796442403,44.48692877508961],[1.366143202464441,44.48689178724291],[1.365995645641567,44.486687910830206],[1.36572238112498,44.486568610246856],[1.365663776828802,44.48650741479375],[1.365654413532245,44.48643974579001],[1.365818317665462,44.48625218945692],[1.365813462729069,44.48620259534249],[1.365733295379882,44.48610416388813],[1.365728432470621,44.48601135030224],[1.365756968447822,44.485937940097436],[1.365767400518727,44.48583814993723],[1.365751751044818,44.4857703878125],[1.365699329602196,44.485712885618184],[1.365633503135426,44.485683997644074],[1.365561642922656,44.48560279683441],[1.365562123797911,44.485368699185585],[1.365594267217726,44.48525752558554],[1.36549883276607,44.48516517053966],[1.365437655835859,44.48506251831883],[1.365543683039534,44.4847885664706],[1.365542235722369,44.48475162850983],[1.365323908192357,44.48464664709883],[1.365282672929766,44.484593812530875],[1.365230032438309,44.48432651305471],[1.365107093683442,44.48405456985579],[1.364963910919184,44.483786828414274],[1.364836522189845,44.48366878777931],[1.364657541721586,44.48342122442499],[1.364521586089722,44.48312117511288],[1.364461232351156,44.48290328310023],[1.36443576938279,44.4828704909854],[1.364082875569467,44.48272209274278],[1.364010812946498,44.48264809115297],[1.363892729969175,44.482382521506004],[1.363836925872173,44.48209446530901],[1.363772589640819,44.48201427538484],[1.363725039428485,44.481919027653035],[1.363512687698865,44.4813909423187],[1.363466792787391,44.48132543231217],[1.363425711738157,44.48122397765314],[1.363213500347607,44.48090838870912]],[[1.385797732729418,44.520176553295364],[1.384527515563979,44.51970505857138],[1.383814877989427,44.5193641726461],[1.383314710120573,44.519119137429996],[1.383176225178772,44.51890100967021],[1.383031297875859,44.5184243692224],[1.382868056788984,44.518060011685016],[1.382352034300064,44.51740235125993],[1.382101977322459,44.51703762032181],[1.382152784411779,44.51680155710973],[1.382290624814473,44.516514546042195],[1.382379755053894,44.51608275506633],[1.38235686486502,44.51600318335367],[1.382368072137113,44.515875489327804],[1.382315126185699,44.515746854818325],[1.382321193779678,44.5156668072236],[1.382431686925909,44.515411810023686],[1.382448204063265,44.51531840946272],[1.382438202290017,44.51522822179825],[1.382360464774224,44.51504249805191],[1.382352797738359,44.51473894737092],[1.382302956411122,44.51463376908207],[1.382041720041064,44.51426437229847],[1.381983002566954,44.51411764485221],[1.381868635315282,44.513936786124646],[1.381860058009328,44.513752976689766],[1.3818946238846,44.51364453398424]],[[1.385797732729418,44.520176553295364],[1.385546555807431,44.51993787146556],[1.385303140174923,44.51960385900913],[1.385086628282939,44.51934137224029],[1.384803242636374,44.51904098937359],[1.384378814144724,44.518391882539255],[1.384038067490238,44.51767736918041],[1.384023104529517,44.51762852786478],[1.384077082131647,44.517457339832276],[1.384035047675304,44.51725503223843],[1.383696867750564,44.51667111513964],[1.38347510589636,44.51619695186809],[1.383331329427367,44.5158121710165],[1.383166411574252,44.51506691612476],[1.382956135522422,44.51384017757041],[1.382875123322645,44.51354905836471],[1.382820550582473,44.51352124625121],[1.3818946238846,44.51364453398424]],[[1.383412724419489,44.54665262000249],[1.383501207267153,44.54642070629676],[1.383503461461613,44.546210040583595],[1.383328449015975,44.5458581142736],[1.383270404034308,44.545554722582246],[1.383218330260022,44.54539458536591],[1.383127623573589,44.54526449667226],[1.383060855724683,44.54513385809782],[1.382977250699754,44.54488771892324],[1.382954197854351,44.54476942605661],[1.382969928146483,44.54465980504907],[1.383021516320059,44.544529099137065],[1.383143922146073,44.544343604283384],[1.383164583018131,44.54423765717058],[1.383148617345308,44.544135675753495],[1.383094754255545,44.543906179919226],[1.383050023025269,44.543797474242105],[1.382945716541542,44.54357084120264],[1.382806090352324,44.54339051257296],[1.382722664773937,44.54318219363483],[1.38266284216708,44.54298502548575],[1.382661618941225,44.54289586590443],[1.382699074330936,44.5428189784453],[1.382806396595449,44.54267648335211],[1.38283134394017,44.542596711365924],[1.382876042317795,44.54226691178643],[1.382940046628947,44.54201032908911],[1.382894381742872,44.54175844289652],[1.382896471286614,44.541421716329225],[1.382844261550012,44.54113461791001],[1.382820005597141,44.54075068364489],[1.382829545119141,44.54015384503411],[1.382853865312775,44.53992009219164],[1.382891065282064,44.53980808468883],[1.382895854998899,44.53968479737257],[1.382971109378371,44.5393869604852],[1.38339612589099,44.53830547919294],[1.383556182275354,44.537947655553204],[1.383572987548453,44.53784435348693],[1.383336644470212,44.53752484541666],[1.383251602157058,44.537373229979536],[1.383225622725951,44.53726930133446],[1.383228225422943,44.53717839718188],[1.383334281480558,44.536991763035985],[1.383341363279946,44.536788372196284],[1.383434674910843,44.53638725180982],[1.383458961083657,44.53619851966701],[1.383387887021343,44.53608672735138],[1.383341271555043,44.53586814346659],[1.38333662000052,44.535634867085456],[1.383370049548837,44.53543456350364],[1.383571708429613,44.53498640750075],[1.383775542005935,44.53459410898296],[1.383991415286108,44.53391295254621],[1.384243651062346,44.53284064697057],[1.384310376398264,44.532708362051174],[1.384391199996621,44.532567279298995],[1.384585071954057,44.532302693204116],[1.385049756181396,44.53159186148262],[1.38542867509167,44.531106678375416],[1.385833348464213,44.53051292054659],[1.386712689152085,44.5294299720819],[1.386903993035183,44.52929860641398],[1.387106028693115,44.52918810680074],[1.387256119710697,44.52900121300035],[1.387437850698523,44.52854375658678],[1.387572891128349,44.52839896201409],[1.387757795817445,44.52827110317049],[1.38801508516431,44.52803264994148],[1.388191748089175,44.52762013927346],[1.388491451952415,44.5271301886867],[1.388525525530012,44.526994723768354],[1.388523446123746,44.52689114585946],[1.388480875313657,44.526662719673695],[1.388505910666718,44.5264911062858],[1.388546633901243,44.52638725296154],[1.38867912452762,44.526110959736144],[1.388992295954656,44.525589690456215],[1.389045881037143,44.525431999991596],[1.388808352517523,44.525419528429346],[1.388722312333476,44.525391259906165],[1.388466580571176,44.52522275041676],[1.38824941564875,44.52502599035979],[1.388079443407484,44.52489564929913],[1.387758270858586,44.52459472204207],[1.387652207279491,44.524474318049634],[1.387218229240041,44.523892613153826],[1.386871702637508,44.52351027563799],[1.386836299449037,44.52342782060032],[1.386845420391574,44.52324066812852],[1.386986514181815,44.52292758613727],[1.387021846897098,44.52279214030991],[1.387248815866439,44.52167534494007],[1.387248982905103,44.52118462302256],[1.387137741770101,44.52102542523578],[1.387048860278505,44.52096469900804],[1.386845601825663,44.52089869916049],[1.386661908238632,44.52080867385447],[1.386595312011666,44.520760878817704],[1.386448669166793,44.52060746561627],[1.386261487906554,44.52046336394356],[1.385797732729418,44.520176553295364]]]}},{"type":"Feature","properties":{"CdOH":"05C0000002000885187","TopoOH":"le Tréves","StatutOH":"Validé","SourceNomOH":"IGN;BDCarthage"},"geometry":{"type":"MultiLineString","coordinates":[[[1.426888037153007,44.59322280927101],[1.426885800129608,44.593031886474755],[1.426904484502141,44.59294931302482],[1.426929868575852,44.59285242809622],[1.427061895810944,44.592546361027],[1.42725178909644,44.59224381883287],[1.427527470327752,44.592028038023884],[1.427615608062313,44.59194014992555],[1.427983093089798,44.591369104908125],[1.42827710722669,44.59076639924285],[1.428509151010975,44.59021683727992],[1.428592497484934,44.58993889017883],[1.428668510874815,44.58983372082298],[1.429152308610659,44.589293140556855],[1.430249605694677,44.588349781693196],[1.430500458750264,44.588074213334544],[1.430571645615977,44.58791584911829],[1.430613787870128,44.58775977358095],[1.430740167712509,44.58761029711592],[1.430848755525653,44.587420949084105],[1.431106041165621,44.5870950470652],[1.431232535151559,44.58689604831983],[1.43127858668617,44.58678054729593],[1.431289889264498,44.5866006226454],[1.431333855135934,44.58651480604766],[1.431603478557564,44.58619808252121],[1.431941167385179,44.58565361651093],[1.432194085005871,44.5853483601711],[1.432452615390694,44.58515843734691],[1.432519983137976,44.58509186133187],[1.432573012261287,44.58499716867964],[1.432634263753241,44.58483325995796],[1.432799499894398,44.58469063571271],[1.432876198346118,44.584560261725976],[1.432922963646406,44.58450960088932],[1.433118694291033,44.58444844696111],[1.433175159984864,44.584411429970665],[1.433204967405347,44.58433621705867],[1.433217542355267,44.58424635296091],[1.433213090298541,44.58404369434863],[1.433064106644504,44.58396414484229],[1.433003868777144,44.583910165404724],[1.432911343811714,44.58352167055899],[1.432923590443909,44.58330754333595]]]}},{"type":"Feature","properties":{"CdOH":"05C0000002000885202","TopoOH":"le Bléou","StatutOH":"Validé","SourceNomOH":"IGN"},"geometry":{"type":"MultiLineString","coordinates":[[[1.3788041615726823,44.71],[1.378731488498802,44.70963516265878],[1.378753255110902,44.70949320553186],[1.378787343192438,44.70944958116525],[1.378891553675037,44.70938267059233],[1.378908074042962,44.70933518704198],[1.379030162677436,44.70926133427764],[1.379073707934514,44.70919623677415],[1.379083787398558,44.709153161304926],[1.379000896812755,44.708830476388236],[1.378970922235494,44.70877510824606],[1.378811940012756,44.70859538584819],[1.378887037538261,44.70839928041026],[1.378902536377187,44.708299554100755],[1.378884836839954,44.70816872538198],[1.37884541305402,44.70809070686022],[1.378604535855354,44.707817035559316],[1.377695730169307,44.706489922486384],[1.377310902436243,44.70608537028846],[1.377137936568091,44.705953165916284],[1.377005592164992,44.70594492246221],[1.376791139427445,44.70589405295377],[1.376624301905563,44.705899710968346],[1.376234251632318,44.70598313824532],[1.376058604679918,44.70598776572429],[1.375863318590516,44.70592907123785],[1.375677994785082,44.70578767844246],[1.375577085165059,44.70574027337796],[1.375154780671033,44.70562871995952],[1.374532625082305,44.70539806887948],[1.374432262847269,44.70533176071562],[1.374368892618762,44.70525248846158],[1.374318767635733,44.705151799158116],[1.374306376833933,44.70505616635257],[1.37431346377516,44.70494190950047],[1.374385082831119,44.7046917273642],[1.374357309231719,44.70451662649772],[1.374196031063063,44.70415496679146],[1.374003101305764,44.70388379039979],[1.373778800360032,44.70351850298682],[1.373677241681911,44.703318905608185],[1.373648234870245,44.703142886013495],[1.373677520497891,44.703046964972046],[1.373719109515383,44.70230648166992],[1.373699431498644,44.70211349009589],[1.373591671579161,44.70199754613189],[1.373514409547444,44.70187484632955],[1.373205030036055,44.701570440827105],[1.372966539093766,44.701434565428755],[1.372938708350934,44.70139273435057],[1.372925098296299,44.70133940605901],[1.372940463323575,44.70128830460319],[1.373088613971074,44.701098680051466],[1.373109976919987,44.70105847247343],[1.373104069056656,44.7010007550135],[1.373004990710788,44.70089034093782],[1.372953206252465,44.700759910899755],[1.372973215460358,44.70067916191971],[1.372939840310805,44.700479665610565],[1.372951340983172,44.70043120880937],[1.372932057609562,44.70031206221776],[1.372880613122474,44.700257277350225],[1.372650182281419,44.70014853407084],[1.372633892682242,44.70010056923845],[1.372570528861431,44.69975925685854],[1.372484996580647,44.699486054892745],[1.372454551357864,44.69931631734877],[1.372477772856653,44.69899338709732],[1.372237551164004,44.69883047027983],[1.372051609141299,44.69879892055049],[1.372005852299392,44.698765830396376],[1.37195836566204,44.69857423062745],[1.371933087074372,44.698531536366566],[1.371688550469407,44.69825599510763],[1.371577080780689,44.698181416598274],[1.371441125713012,44.698167710250516],[1.371073031416352,44.69819200989281],[1.370788501781149,44.69816441005249],[1.370570061522694,44.69820892013362],[1.370490817441748,44.69819874883353],[1.370340995275295,44.69814071355407],[1.37018242926258,44.69812307085426],[1.369457028403795,44.69810428357048],[1.36927051688598,44.698092531260635],[1.368967606525008,44.698045745883405],[1.36877678790988,44.698051938847634],[1.368458504285692,44.69814359925296],[1.368391551517703,44.698188536816595],[1.36836632211753,44.69823138792],[1.368322959694799,44.69842074979243],[1.368207559494038,44.698612651664305],[1.368217691459787,44.69865512353779],[1.36831296044742,44.6987222628575],[1.368319515197982,44.69875747815975],[1.368291292034782,44.698816493753554],[1.368231326442815,44.69883812178381],[1.367983298107545,44.69885787773665],[1.367881634470508,44.69888069175988],[1.367723653543876,44.6990170361302],[1.367578037961798,44.699075220943364],[1.367464975213605,44.69927345997082],[1.367428849038316,44.6993872880659],[1.36738539293025,44.69940555722358],[1.367228956799375,44.699401448929784],[1.366886832592028,44.69944412746004],[1.366787726470286,44.699509300780555],[1.366524898748753,44.69956035196078],[1.36640820223844,44.69962256394227],[1.366327329321642,44.699624972354684],[1.366203087273693,44.69955560271339],[1.366094920431595,44.699541399474896],[1.366002271668342,44.69955804151034],[1.365874608336111,44.69960658385625],[1.365450216217578,44.69965614781337],[1.364240149807912,44.699892208703254],[1.364039803624037,44.69987844224881],[1.363978540356923,44.6998577262662],[1.363946872010127,44.699774414025505],[1.363905853344961,44.69975219624671],[1.363831682486277,44.699741194690446],[1.363746787866901,44.69975164610251],[1.363540249715112,44.699820631415896],[1.363400551688792,44.6999356286038],[1.363090382370656,44.70009492994502],[1.362986981489976,44.700133922510666],[1.362766238928238,44.70017027905588],[1.362562818423537,44.700175374564886],[1.362418288375097,44.70015252551463],[1.362331895255254,44.70017105801682],[1.362287986404159,44.700161403605364],[1.362149226944654,44.70002697993857],[1.362051072521015,44.69997239924463],[1.361938172080401,44.69994731612592],[1.361858691445575,44.69994523948192],[1.361709674176771,44.699989859166486],[1.361486688579421,44.700190067526684],[1.361423566258342,44.7002332567633],[1.361351185871249,44.70024749352161],[1.361190118901854,44.70022890047199],[1.36110637574334,44.70019974575198],[1.361036698256226,44.700164495854],[1.360955658277432,44.70008585457326],[1.360827823528921,44.70005334534013],[1.36074881870915,44.70007828938453],[1.360531685728598,44.70020744452282],[1.360381959071695,44.700276364942376],[1.360260486739449,44.70024214832874],[1.360088986981415,44.70027832850231],[1.360060619619617,44.7002986193285],[1.360064199711291,44.70034909933078],[1.360084657951436,44.7003836207069],[1.360074591739348,44.700425794213864],[1.359967121056416,44.700561075242646],[1.359624758530282,44.70074150170937],[1.359561296630162,44.700839614280575],[1.359536695348324,44.700947307530484],[1.359229056730451,44.701062512244256],[1.358869623590029,44.70122197238096],[1.358301011199059,44.701497193071546],[1.35813089963541,44.701528888479345],[1.358059855333126,44.701497218344656],[1.357983758633941,44.7013790269137],[1.357919418551865,44.701333948895595],[1.357689250391915,44.70126029678245],[1.357564807166863,44.70124134133126],[1.357441916617563,44.701255726627906],[1.357157277681865,44.70136136164566],[1.356323288011933,44.70186045584981],[1.355353270638726,44.70265018034193],[1.354914751482102,44.70305248412911]]]}},{"type":"Feature","properties":{"CdOH":"05C0000002000885223","TopoOH":"Ruisseau de Calamane","StatutOH":"Validé","SourceNomOH":"IGN;BDCarthage"},"geometry":{"type":"MultiLineString","coordinates":[[[1.418670302147467,44.53456648817424],[1.418183635265365,44.53441364871683],[1.417816353464429,44.5344029822877],[1.416910313639669,44.53425673084158],[1.416539038030731,44.53416406558116],[1.416165924728219,44.534092082113645],[1.415154493657908,44.533978519413516],[1.414814382481141,44.53385208017595],[1.414726456712637,44.53380039445745],[1.414396333933967,44.533497617010525],[1.414277279899382,44.53343377843286],[1.41354501052569,44.53310721213034],[1.413230801407334,44.53300004882959],[1.413154000776576,44.53295572504981],[1.413074203129261,44.532928465917415],[1.412928765345834,44.53295248671832],[1.412825110745238,44.53292308355267],[1.412788278992877,44.53284511865701],[1.412724795488702,44.53277487417949],[1.412610196161909,44.532731807266245],[1.412563494201698,44.53269151756895],[1.412644341762567,44.53259183436109],[1.412747585257042,44.532501477264645],[1.412653751519357,44.532436198759065],[1.4125233265229,44.53237399554886],[1.412411276848865,44.532285044184924],[1.412389237031402,44.53208393576475],[1.412412785244061,44.53196271914281],[1.412356852846408,44.53189258306965],[1.412059187428712,44.531779351453906],[1.411528371163012,44.531631249515954],[1.411038448937913,44.53164040505288],[1.410543923692366,44.531500024054644],[1.410134962174107,44.53149503444202],[1.410012336377841,44.531468956966975],[1.409757442381583,44.531312215095916],[1.409455959761815,44.531200722192075],[1.409215201453189,44.531212559463725],[1.40911635682426,44.53119132578015],[1.409028693965582,44.53113063513275],[1.408917853643606,44.53095435779089],[1.408905188907176,44.53086773584055],[1.408924909038509,44.53079328606882],[1.408901427247236,44.530688499987704],[1.408782759784769,44.53052201420201],[1.408751992252123,44.53036309845419],[1.408672768121267,44.530271014830596],[1.40853112983709,44.5302050435128],[1.408389938435378,44.530167891576646],[1.408279299972925,44.53011857433704],[1.408155095246487,44.52997001621799],[1.408030870561304,44.52991149867513],[1.407873851581597,44.529766068567405],[1.407783523573769,44.52971074093109],[1.407636524941702,44.52965639644768],[1.407319039314886,44.529487940879854],[1.407185972666053,44.52947521569185],[1.406543900108182,44.52947945392469],[1.406030392805361,44.52938830091445],[1.405570570692274,44.52926820750988],[1.405185213735904,44.52914108449706],[1.404745679725609,44.52892673767084],[1.404588620417871,44.52887224365988],[1.404151388945977,44.528799292161416],[1.403497882386005,44.52845128668966],[1.40328790785247,44.52830958594802],[1.402881620454903,44.52812182446117],[1.402821459990474,44.52802370953253],[1.402778943282751,44.527835808860175],[1.402720739663808,44.527757531230776],[1.402488289958394,44.52756508068585],[1.402261455787727,44.527441142131806],[1.401612509857922,44.52715531964616],[1.401026497635953,44.526958645315666],[1.400931052701183,44.52681769883943],[1.400605407650357,44.52662749556795],[1.400215191284337,44.52645076191929],[1.400100545596397,44.52632124172496],[1.40002997858827,44.5262797002551],[1.399842786724358,44.526222961718275],[1.398993632049123,44.52629618571694],[1.398872229798441,44.52627191425654],[1.398684250294119,44.52610981424742],[1.398579018089599,44.52604795982158],[1.398312974096349,44.52597566789035],[1.398201597630587,44.525864201333654],[1.398129570242067,44.52582984071894],[1.397921587861196,44.525796207801584],[1.397113859345607,44.52574035942924],[1.396987375479267,44.525717812890434],[1.396890390759679,44.52567588566315],[1.396728641449044,44.525565486691484],[1.39665265592709,44.52549325033492],[1.396580081139974,44.52538954909362],[1.396472751215562,44.525357375711515],[1.396284484748999,44.52547169355432],[1.396240245871967,44.52547825398699],[1.39593082344758,44.52547105589333],[1.39573306208863,44.525432164908665],[1.395690689446399,44.52537302223134],[1.395689972060559,44.52517672217028],[1.395658564800573,44.52513034463955],[1.395323777420831,44.52512997937171],[1.395192217053437,44.52515327791072],[1.394979337963025,44.52538068747401],[1.394933764149533,44.525389929203946],[1.394597375394325,44.525313003492954],[1.394446835664862,44.525295506553206],[1.393733169620617,44.52525180661851],[1.392978572424474,44.525142676404826],[1.392155786365809,44.525085671887524],[1.391901334413892,44.52500452910836],[1.391462226835035,44.52499903035705],[1.390483458634137,44.524762358550966],[1.389448750716832,44.52445733070569],[1.389273154682328,44.524347618941455],[1.389007360213683,44.523958362864],[1.388969950883792,44.523857871016155],[1.388913233966057,44.5237724043042],[1.388833075609062,44.52358214753115],[1.388775332166769,44.523488562055775],[1.388650243280959,44.523373283783464],[1.388558378405022,44.52324048226383],[1.388478915334565,44.523025924276375],[1.388457093176069,44.52273207132269],[1.388384871108137,44.52257254415842],[1.38806217008085,44.52223737994039],[1.387769076598558,44.52183511644283],[1.38757372486468,44.5216242671997],[1.387294424964578,44.52122400481247],[1.387248982905103,44.52118462302256]],[[1.421695556528812,44.53734973209347],[1.421453563356087,44.53699961406528],[1.421388100826699,44.5368645168763],[1.421315768239709,44.53679505129861],[1.421166598681326,44.53668216745135],[1.420842364047748,44.53639209960548],[1.420639766035453,44.53625413961686],[1.420470114027412,44.536018506056344],[1.420349664048101,44.535914135732355],[1.419836030079769,44.535599744482155],[1.419558717973121,44.5353877797275],[1.419382754879887,44.53519797499829],[1.419214823139327,44.534946156756284],[1.419025976800119,44.5347669718657],[1.418885321489463,44.53471003221772],[1.418670302147467,44.53456648817424]],[[1.421695556528812,44.53734973209347],[1.42172477155475,44.53698008144337],[1.421706068812945,44.536748408782174],[1.421678181360576,44.53662015189627],[1.421493220420122,44.536211422455786],[1.421411047646555,44.5360886920826],[1.421249975243386,44.53590630661902],[1.421155370940986,44.535823016262725],[1.420571743883014,44.535445499099865],[1.420446437748763,44.53533475654137],[1.420363236763246,44.53520390698565],[1.420156064670268,44.53500465281573],[1.420021750466697,44.534900984114174],[1.41971499456409,44.53475162695949],[1.419417248944859,44.53464021514739],[1.418783703618952,44.53456271026419],[1.418670302147467,44.53456648817424]],[[1.443364365535499,44.561165311190265],[1.443623968220132,44.56106812388987],[1.44372379630975,44.56105602457297],[1.444092242416715,44.561076523364655],[1.444244331744771,44.56104174914162],[1.444342020032702,44.56097019184085],[1.444522833618284,44.56062427889526],[1.444752315366661,44.56034027924875],[1.445144902521971,44.560124305975606],[1.445337780359269,44.55998025423998],[1.445551355383066,44.5597248423649],[1.445676676492739,44.5595186110632],[1.445952146362767,44.55889039857971],[1.446004181222182,44.55864711915389],[1.446069827750804,44.55781786312089],[1.446225853525578,44.556587395224746],[1.446266501469919,44.556391677519194],[1.446269621052167,44.55604956516758],[1.446304307481691,44.55597892075172],[1.446310263899169,44.555899768387896],[1.446275249055156,44.55579933008211],[1.446242389597869,44.55562058634162],[1.446227995981822,44.55541148847161],[1.446288873892272,44.55530429578582],[1.446181656984479,44.5552649698498],[1.445927556454206,44.555209170077326],[1.445698315394085,44.55511950402955],[1.445514124467673,44.55499445528311],[1.445420780263904,44.554954423484425],[1.445268010820364,44.55483161751335],[1.444895204882675,44.554468004174126],[1.444873445023183,44.554389361972184],[1.444528648817163,44.55428906182307],[1.444397958158439,44.554096333607355],[1.443893187499317,44.553221225154935],[1.443825103568464,44.55313292579797],[1.443230880906,44.552579801009216],[1.442988868781599,44.552497152444964],[1.442854148314395,44.552405211562856],[1.442641684396172,44.55230136907625],[1.442418049348357,44.552146045186916],[1.442217544584556,44.55197393937332],[1.441981846345665,44.55179953577147],[1.441764649522717,44.55168481985768],[1.441226232106803,44.55143771081999],[1.440527042868679,44.55122164368327],[1.440157059314578,44.55107685376193],[1.439596396067294,44.55081501580822],[1.439481351688218,44.55074045661464],[1.439422820225524,44.55058025665309],[1.439365692604849,44.550323732579],[1.43922315072816,44.54983189439019],[1.439100619285287,44.54948170339078],[1.438872724025785,44.54916243731141],[1.438244989881373,44.548458442984376],[1.43812277367637,44.548370274754724],[1.437929337868194,44.54826219016554],[1.437725586411435,44.548253904788915],[1.437128265147444,44.548271562912845],[1.436839922553257,44.54822606202361],[1.436710319266253,44.54817740566824],[1.436118174386906,44.547690001382875],[1.435964149303136,44.54752304445449],[1.43584473022858,44.54742500877031],[1.435407107510625,44.54713247747187],[1.435092559174387,44.54685159348483],[1.434874474979965,44.54667922495338],[1.434402691654797,44.54612058433577],[1.434191789544172,44.54596182243676],[1.434090696098479,44.54583883325167],[1.433751329149175,44.54549996713429],[1.433120896499918,44.54498769229291],[1.432897416529955,44.54482874937071],[1.432775750591815,44.54476669482508],[1.432555482717156,44.54467352672549],[1.432111482274556,44.54452135556363],[1.431864303047151,44.54439989115832],[1.43178509653371,44.544305123424394],[1.431743821938496,44.54420459160401],[1.431728793521049,44.54406571498423],[1.431551686738489,44.54364270753185],[1.431315072980981,44.5433224014088],[1.431099265516137,44.54293305892671],[1.431013194486705,44.54285890251608],[1.430885725390064,44.54282467607229],[1.430656075460999,44.54270705969332],[1.429313858151985,44.54180556959888],[1.429068988459052,44.54169223536451],[1.428518225095398,44.541351244949304],[1.427833910231536,44.54114971417224],[1.42726878495394,44.54100840385387],[1.426951467096296,44.54096516506429],[1.426849826317483,44.540907891273186],[1.426610667510335,44.54068028083258],[1.426223621639374,44.54051899280408],[1.425940428628588,44.54038079410338],[1.425499577538351,44.540252951863536],[1.42538832357997,44.5401793322139],[1.425158448181017,44.54011572559376],[1.424824369082485,44.53999660705455],[1.424537632756292,44.53985025044948],[1.424340094658656,44.539665548253296],[1.424209009576243,44.53958083941381],[1.424120860304702,44.539446320397694],[1.424003541165852,44.53931948855853],[1.423823978832813,44.53916745681748],[1.423643261671621,44.53905682714496],[1.423532489916275,44.538966104691184],[1.423321741843901,44.53871368125641],[1.42285868384572,44.53852518364258],[1.422596801681784,44.538390882330006],[1.422418656540137,44.53827848655216],[1.4220461833163,44.537957118933086],[1.421846293390004,44.53772195563956],[1.42177629921755,44.53761380617224],[1.421730364672495,44.537410557227204],[1.421695556528812,44.53734973209347]]]}},{"type":"Feature","properties":{"CdOH":"05C0000002000885222","TopoOH":"Ruisseau des Combelles","StatutOH":"Validé","SourceNomOH":"IGN;BDCarthage"},"geometry":{"type":"MultiLineString","coordinates":[[[1.411102236094965,44.585747563280314],[1.411329420858864,44.5855995581938],[1.411417396387221,44.585517983700655],[1.411664069004987,44.5852595053354],[1.411936822398122,44.5849248648779],[1.412139614708674,44.58447936594926],[1.412200436753376,44.584377591190965],[1.412309092072419,44.584277404277515],[1.412377115675497,44.58418833894136],[1.412431969009091,44.58407477272522],[1.412471278382694,44.58397629041699],[1.412485571171878,44.583736981705584],[1.412423335980741,44.583530789588615],[1.412405344618066,44.58340897315072],[1.412410911234352,44.58307679494378],[1.412441124284228,44.582495552273286],[1.412489881426792,44.58237469509733],[1.412565737382053,44.582275837591105],[1.412714720573316,44.58213030807738],[1.412884505511255,44.58182750231325],[1.413027246730021,44.581635060498535],[1.413110429224264,44.58154441177699],[1.413342432920545,44.58135865437405],[1.413850322611155,44.58090492896003],[1.414019530138144,44.58071196559724],[1.414143247793938,44.58052375153986],[1.414367440099187,44.58030186294193],[1.414436947839588,44.580159692695936],[1.414418629636828,44.58000455630399],[1.414439857034574,44.57983197899014],[1.414566322740407,44.5795906788283],[1.414685114943343,44.579263727892865],[1.414748496006573,44.5791601879636],[1.414848133825001,44.57893200898332],[1.414962689981283,44.578621204769476],[1.415043467976842,44.5785710394987],[1.415222194354268,44.5785321841183],[1.415311509151278,44.57849204582096],[1.415367454240359,44.57842891810708],[1.415417966406439,44.578290076628456],[1.415863432006869,44.577769716578985],[1.416257561750603,44.577237813841414],[1.416670036012779,44.57681512434103],[1.41689092434793,44.57666521797428],[1.417208153228654,44.57640413854832],[1.417656418227537,44.57614223417756],[1.418167068327912,44.575766867535634],[1.418858276454892,44.57501680560013],[1.419015944247372,44.57469490970402],[1.419119641581704,44.57432091706164]]]}},{"type":"Feature","properties":{"CdOH":"05C0000002000885226","TopoOH":"Ruisseau de Maxou","StatutOH":"Validé","SourceNomOH":"IGN;BDCarthage"},"geometry":{"type":"MultiLineString","coordinates":[[[1.455700922679809,44.54254971328913],[1.455645495277162,44.54250481812579],[1.455462929561996,44.54241312403928],[1.455219531467495,44.5422440440923],[1.454973418289343,44.54203620823095],[1.454265174251757,44.541509461927305],[1.453779991962206,44.540975030685395],[1.453227553520878,44.540506284837505],[1.453092275958809,44.540343217030916],[1.452682748429773,44.53998902138087],[1.452251635133367,44.53968764536614],[1.451991947869417,44.53956244959139],[1.451527849342471,44.5394082743593],[1.451387470606024,44.5393396752697],[1.45137856313526,44.53929723133456],[1.45106306344006,44.539187457625545],[1.450974775223615,44.53914750141399],[1.450846267063736,44.53905925931283],[1.450536276120478,44.5387946919338],[1.450435555093628,44.538657317168386],[1.450453573146195,44.538459481282814],[1.4504223382523,44.53831317744279],[1.449823517452156,44.537793340618514],[1.4495336689681,44.53762089441782],[1.449142237103747,44.537434414665626],[1.448694152234329,44.537293958337166],[1.447629423888232,44.537191650981605],[1.447126186159183,44.53718007074819],[1.446715451526764,44.5371923000006],[1.446422729822371,44.53726201375753],[1.44595472758382,44.53747962676389],[1.445575693370503,44.537529214670535],[1.445396776045047,44.53753479872396],[1.444971681089536,44.53751980715621],[1.444610077051314,44.53748499927055],[1.444297805547914,44.53739596077622],[1.444013560729571,44.53734063142261],[1.44358598237102,44.537278778442335],[1.443195288564832,44.537248958160596],[1.43955678411281,44.5371687705013],[1.438945574626718,44.53714662252864],[1.438254873532493,44.53708552949783],[1.43710813606897,44.53703598442361],[1.435612437790267,44.53704090931101],[1.433943850087003,44.537106389750264],[1.433618085006195,44.537141385512406],[1.433069802013004,44.537256059353325],[1.432752888116699,44.537380318539604],[1.432344175071845,44.53745555160572],[1.432112471423936,44.537548604413665],[1.431928311625954,44.53765223661396],[1.431709781954034,44.53767884558295],[1.431618101530701,44.537716260549026],[1.431241903222208,44.53779915482754],[1.430990653926793,44.53782529739063],[1.430645889319216,44.53790953685684],[1.430359221015741,44.53789645690273],[1.430206577598704,44.5379077924211],[1.429639128658204,44.53803208139916],[1.429490435207972,44.53803716926952],[1.429162889753492,44.538000094022586],[1.428918506638402,44.538005620213916],[1.428801480194052,44.53804897500068],[1.428609812266178,44.53815069411289],[1.428295645049243,44.5382209553476],[1.428217779068035,44.53825946464079],[1.428147369027979,44.53834670211429],[1.427833553303654,44.53863036394503],[1.427766912077138,44.53867263443798],[1.427436396032898,44.53865171914628],[1.427320419935662,44.53865727019766],[1.4271393362824,44.538695208602],[1.426454704204705,44.53873227286377],[1.426293553977315,44.53877769730769],[1.426122641174333,44.53885719788317],[1.426025118582025,44.53892333810604],[1.425753583979772,44.53904462302831],[1.425621476777224,44.5390868590537],[1.42510189539328,44.539119065570006],[1.424438954458535,44.53919064246146],[1.424041397415405,44.53936144786836]]]}},{"type":"Feature","properties":{"CdOH":"05C0000002000885207","TopoOH":"Ruisseau de Foulade","StatutOH":"Validé","SourceNomOH":"IGN;BDCarthage"},"geometry":{"type":"MultiLineString","coordinates":[[[1.440896295677691,44.62152110768157],[1.440893657612041,44.6216165166857],[1.440824817205314,44.6219631140858],[1.440751285589928,44.6221601729236],[1.44060674416291,44.62241745976961],[1.440464905622495,44.622622559288644],[1.439893929168056,44.62334565756148],[1.439809861569179,44.62355877513003],[1.43979050361828,44.623711576209594],[1.439744977397433,44.623853202734374],[1.439717867964396,44.624194986214285],[1.439635865682743,44.62456120722992],[1.439587140286233,44.62463615623603],[1.439382494308936,44.62474132004573],[1.439323087632135,44.624837728665],[1.439211715485114,44.62512609726232],[1.439124228978095,44.625462526227324],[1.439088014231854,44.62572314187374],[1.439110054914453,44.62606561944837],[1.439082116657622,44.62611835083654],[1.438996424830577,44.626162162839904],[1.439033048187809,44.62638778944222],[1.439403942060374,44.62742852939959],[1.439540130422212,44.62792929455639],[1.439683505222137,44.628808345279595],[1.439710079985502,44.63026292931073],[1.439484963462182,44.63142582139236],[1.439481062038371,44.63152121294015],[1.439551819508975,44.63165277534112],[1.439569461392393,44.63178989117209],[1.439493416454645,44.63198601425953],[1.439485763032439,44.632171396870504],[1.439415212430617,44.63244233401532],[1.439464909243856,44.63292477092065],[1.439523481210711,44.63317772084533],[1.439537102223115,44.633505673374415],[1.439570145352125,44.63363310180451],[1.440181242427621,44.63447193034515],[1.440448969428693,44.63464048741249],[1.44045449730281,44.63480534601787],[1.440518304532741,44.63486927679763],[1.440931764512659,44.635057896755214],[1.441393618015492,44.63541197792734],[1.441570408229412,44.63535774198569],[1.441658732741697,44.63531036300301],[1.441843624777386,44.63514548663343],[1.44189857640004,44.635119247760265],[1.444061868244637,44.63569357550463],[1.444399517203433,44.63584239659135],[1.44501587762969,44.6362652684415],[1.446041530148124,44.63716662050772],[1.445984906323943,44.63734501236997],[1.445996977180747,44.63750185862749],[1.446106311599708,44.63769879065838],[1.4462960555719,44.63790675726357],[1.44646307544489,44.63820714966132],[1.446705534342779,44.63856172751037],[1.447009227784068,44.63889105204527],[1.447206848372634,44.63899647746586],[1.447296171546673,44.63914180221551],[1.447372028040665,44.639226608291004],[1.447482022372432,44.639308291836436],[1.447589757756277,44.63951780613624],[1.447695772607873,44.639606637125574],[1.447699622171099,44.639695834796605],[1.447669234711336,44.63979175539164],[1.447681912565838,44.63983515451745],[1.447837240733589,44.639965197436936],[1.447877074234296,44.6401674552876],[1.448095494721227,44.640571216968794],[1.448176561517394,44.64078756000068],[1.448326872427033,44.64096255387278],[1.448460156323168,44.64106887512616],[1.448457753121749,44.64115618419247],[1.448402080157523,44.64120852909698],[1.448238310496932,44.64156820853109],[1.448180775385142,44.64173398281861],[1.448127034598378,44.642082599952005],[1.448118385981795,44.64239673268206],[1.448090844565731,44.64243506517788],[1.447914555648256,44.64251633220051],[1.447606347227402,44.64271640639521],[1.447428813454405,44.64288859983186],[1.447063201124874,44.64306625607023],[1.447027102095881,44.64314048583938],[1.447029566076488,44.643234166419816],[1.446959173998764,44.6433628415754],[1.446966412209077,44.64342057152395],[1.447021262344158,44.643489775389845],[1.447185796465225,44.64360644192958],[1.447286473932459,44.64375192626987],[1.44740849621535,44.644084101740106],[1.447669484386529,44.64468295787182],[1.44770610834082,44.64486446088347],[1.447750295049074,44.645412550201925],[1.447739581971695,44.645526756064605],[1.447568188060085,44.646116841725956],[1.447340870624781,44.6466764275809],[1.447141835602932,44.6468960426454],[1.446972034051802,44.646970196059954],[1.44686010329757,44.64709558676909],[1.446535016678325,44.64717476226353],[1.44636934342948,44.64723636655933],[1.44618377046189,44.6475164988707],[1.446049265307525,44.647637069450184],[1.44597510285701,44.64781071352695],[1.445864578010003,44.647930720414074],[1.44558367487917,44.64814558070397],[1.445237609376702,44.64848198474586],[1.444942831292287,44.64869664847702],[1.444493135173714,44.64908561993457],[1.444338168737324,44.64926172841429],[1.444296521618885,44.64935388843484],[1.444120180744193,44.64943604972065],[1.443877619308721,44.64958661332059],[1.44384673610515,44.649608689926644],[1.443783503257947,44.64970594874075],[1.443812948554686,44.650055735761626],[1.443716524887405,44.65039564779045],[1.443714150288587,44.65057300211632],[1.443670921824581,44.65081371322743],[1.443916052937568,44.65089009832907],[1.444066738245268,44.65096065206816],[1.444358388944938,44.651134038246994],[1.444725239659907,44.65141653455173],[1.444857076077598,44.651575966251144],[1.44493262484686,44.65185526613036],[1.444941123036466,44.651913014127835],[1.444923433306842,44.65200551131625],[1.444674914269745,44.65246304518923],[1.444607015341694,44.65268360008141],[1.444557875627945,44.6529557441878],[1.444526868160617,44.65334790263906],[1.444459110580466,44.65360897960812]]]}},{"type":"Feature","properties":{"CdOH":"05C0000002000885216","TopoOH":"Ruisseau du Boundou","StatutOH":"Validé","SourceNomOH":"IGN;BDCarthage"},"geometry":{"type":"MultiLineString","coordinates":[[[1.438727645531086,44.603630407442225],[1.438800352167069,44.60318932345825],[1.438919174403744,44.602766899550595],[1.438949183145572,44.60268448391576],[1.439089578202404,44.60243884886099],[1.439165030542952,44.60239939523139],[1.439465559595711,44.60210559730154],[1.439659805519446,44.601963370992976],[1.439717056275874,44.60189844799192],[1.439881522554527,44.60169367125189],[1.440015108540659,44.60137500433388],[1.440184387518378,44.601178399020334],[1.440276731883662,44.60102933079816],[1.440423736481365,44.6009089472269],[1.4407514014574,44.600727182283045],[1.441146937744763,44.60046083314722],[1.441273028328368,44.60027622308708],[1.441426774778563,44.60027659075631],[1.441560248375562,44.600235252613714],[1.442244395208248,44.59983160233515],[1.442565580715124,44.599473257081975],[1.442762354184743,44.59933016090233],[1.443124190530393,44.599142567820216],[1.443406495440277,44.59905109948497],[1.44388690775652,44.59895071480004],[1.444665315020325,44.59887523252664],[1.444921000515164,44.59888063182997],[1.446232867938148,44.59897472123434],[1.446517851255057,44.59896882323183],[1.447107341715878,44.59884294522446],[1.448076984860148,44.59873320876693],[1.449267540958777,44.59838074795289],[1.449414540140611,44.59835129584361],[1.450049124988528,44.59814319596122],[1.450259309144356,44.598107425577396],[1.450560540969029,44.598106247222056],[1.450735079544189,44.598129404198765],[1.452017520634879,44.598606593602746],[1.452104148740575,44.598618612193754],[1.452781931319199,44.59853536044645],[1.453337880707843,44.59829912801669],[1.453746951217591,44.59804192879732],[1.454489738345432,44.597425624629885],[1.454872818290713,44.597288714816045],[1.455019067106388,44.5971944143159],[1.455222762550145,44.59698116034267],[1.455403094000252,44.596838712937135]]]}},{"type":"Feature","properties":{"CdOH":"05C0000002000885163","TopoOH":"","StatutOH":"Validé","SourceNomOH":""},"geometry":{"type":"MultiLineString","coordinates":[[[1.448825375524222,44.52820894677765],[1.448237229313453,44.5285419308926],[1.447722936592083,44.528935377179685],[1.447556544049947,44.52908160299407],[1.447339330431068,44.52919920123122],[1.447191392702883,44.52931507251754],[1.446841167997152,44.52950913329977],[1.446623010530926,44.52966093215585],[1.4461176927728,44.530139135500725],[1.445921555371825,44.53035967360014],[1.44550307154024,44.530609494566754],[1.445207502678818,44.53082953147346],[1.445017978428472,44.53099253553837],[1.44482876376606,44.5312356794602],[1.444629426866407,44.53170918347395],[1.444568485824104,44.53209369697131],[1.444559449582512,44.53233037552069],[1.444602183029396,44.53251556026639],[1.444800328317774,44.53290822667228],[1.444828756395171,44.533064396905985],[1.444818523883434,44.533207416797396],[1.444774347342448,44.53330313747979],[1.444707328477051,44.53335981896368],[1.444323083018196,44.53346245246638],[1.444260607118251,44.53349128522165],[1.444076947630028,44.533623756965795],[1.443721235352079,44.53396989955326],[1.443533951247188,44.534233778279074],[1.443506030901334,44.53433332937686],[1.443548164644365,44.53472289790731],[1.443618977216743,44.5348940727071],[1.443613023799689,44.53511008569483],[1.443635951686239,44.535237365930186],[1.443697119947924,44.5353930978533],[1.443822291596435,44.535556034912254],[1.443941041629386,44.535769303934465],[1.4439776638321,44.53590217958961],[1.444012103803122,44.53611426004532],[1.444036284149387,44.536470260576884],[1.444227483519458,44.5373895672631]]]}},{"type":"Feature","properties":{"CdOH":"05C0000002000885220","TopoOH":"Ruisseau de la Belle","StatutOH":"Validé","SourceNomOH":"IGN"},"geometry":{"type":"MultiLineString","coordinates":[[[1.464137737571387,44.569850703396796],[1.464168064805611,44.569893444484855],[1.464305685404857,44.57025192130648],[1.464438120086137,44.570708470840536],[1.464473205203133,44.57127081603585],[1.464499584522867,44.57131980504704],[1.464473382790991,44.5714031791663],[1.464469635918703,44.571540890221705],[1.464489082763921,44.57161319359393],[1.464634013275045,44.57184211234314],[1.464728832768466,44.57210725131691],[1.464743914925247,44.57220110389553],[1.464728104991133,44.57227291717808],[1.464700790877691,44.57235087344532],[1.464623388597506,44.57246414998646],[1.464525020441016,44.57256092759281],[1.464381982018546,44.57263277293496],[1.463920938684399,44.57272540766757],[1.46371982873873,44.572801847045156],[1.461521722733678,44.574464030980536],[1.461113902284508,44.574913959826446],[1.460981082218267,44.57502646200121],[1.460834326146368,44.575234213818554],[1.460771296892842,44.57528195794139],[1.460545191845436,44.575396761346305],[1.460156721441731,44.5755525209303],[1.459874690520681,44.57568545209267],[1.459696759943335,44.57583514128749],[1.459353943135351,44.576210335727296],[1.45892682906839,44.57662757316851],[1.458742066840408,44.5768888172263],[1.458761746149358,44.577090784988144],[1.458542084568427,44.577292114386864],[1.458291356813708,44.57747770273287],[1.458119614556937,44.57763107766713],[1.458050923236353,44.577655330494615],[1.457540317123045,44.57771573307463],[1.456682209875402,44.57772265633903],[1.456177353041659,44.5777570208859],[1.456055446136519,44.57774631290357],[1.455175078160198,44.57796811302157],[1.454383346729337,44.578127216838425],[1.453757200109468,44.57831204382277],[1.453561067782877,44.57834351414125],[1.452998718751197,44.57836085188769],[1.452305819059211,44.57831512932817],[1.451672503920633,44.578209909580984],[1.450237554162167,44.57793586935426],[1.450002606514449,44.57791276369456],[1.449875193421747,44.57791907956703],[1.449611721316837,44.57801712927288],[1.449487541803685,44.578043299292034],[1.449034136508875,44.57808465640936],[1.448696980991623,44.57815915893734],[1.448242448434753,44.57842470128512],[1.44778788348409,44.578737063187944],[1.4476373016352,44.57880698071044],[1.44732726820948,44.57899441271316],[1.446532620043633,44.579578417897],[1.446254384715927,44.57975458876185],[1.446127185406079,44.57979872102064],[1.445957356458977,44.579926892909434],[1.445723349012651,44.58005236074822],[1.445517958709716,44.58019083669036],[1.445221063816406,44.58044958117447],[1.445064259860418,44.58065357040903],[1.444996038441241,44.58079757781109],[1.444897442753946,44.580946560128154],[1.444518935932797,44.581332013754825],[1.444296539377784,44.58172146557894],[1.444283120288395,44.58179691196583],[1.444218822597263,44.58193557173132],[1.444186071894156,44.581981031970095],[1.44403547051539,44.58209686606216],[1.443809161776227,44.58217111456649],[1.443438027509049,44.58219740062541],[1.442554329701412,44.58212461748466]]]}},{"type":"Feature","properties":{"CdOH":"05C0000002000885183","TopoOH":"","StatutOH":"Validé","SourceNomOH":""},"geometry":{"type":"MultiLineString","coordinates":[[[1.469443708700318,44.580608659286554],[1.469123512302942,44.580383620838354],[1.46901119434928,44.58034424685806],[1.468438397228368,44.5802354605111],[1.467945686998031,44.580053947859376],[1.467805517852024,44.58001958886547],[1.467270788654672,44.57994734100338],[1.465513450091929,44.579988674596095],[1.464282357451823,44.580182264283195],[1.464020722694689,44.58025966421278],[1.463787577513412,44.58030864640772],[1.463403503449781,44.58034832550956],[1.463167207458777,44.5803279305323],[1.463046151731952,44.58028572762148],[1.462898566952595,44.58019993546533],[1.462769741673388,44.58007298501227],[1.462353812631481,44.579571067010654],[1.462004513657257,44.57935190536619],[1.461350189355401,44.57886107084093],[1.460933304723063,44.578579736058096],[1.460744734455066,44.578472660366565],[1.460474677056102,44.5783509424714],[1.460231368087956,44.57826471298359],[1.459994633246365,44.578214591249804],[1.459672983789299,44.57818309414003],[1.458999222240809,44.578174597540965],[1.458754053512683,44.57820269170446],[1.458497058887826,44.57824862863178],[1.458108041690912,44.578377361414304],[1.45792165159269,44.57851342376625],[1.457589005937046,44.5786537467015],[1.45735376587152,44.57873330019833],[1.45685085294998,44.57878840469661],[1.456305610528051,44.57877898577903],[1.455954031459879,44.57873625459149],[1.455565261229876,44.57862547101238],[1.455161545155076,44.57837041026327],[1.455113688224695,44.578323819698745],[1.455094697219272,44.578281234489836],[1.455169060572855,44.57809588810502],[1.455175078160198,44.57796811302157]]]}},{"type":"Feature","properties":{"CdOH":"05C0000002000885214","TopoOH":"Ruisseau de la Jonquière","StatutOH":"Validé","SourceNomOH":"IGN;BDCarthage"},"geometry":{"type":"MultiLineString","coordinates":[[[1.479410145867058,44.611988112010955],[1.478974298525653,44.6120703566462],[1.478647985299397,44.61206406485793],[1.478379876111215,44.61209639120938],[1.47787555396398,44.612053430301685],[1.477569083005981,44.61210593616242],[1.477277704549834,44.61220637160581],[1.476088808340995,44.61272663960255],[1.475804186746108,44.61281005634794],[1.475000369276302,44.61316724297591],[1.474794649593591,44.61322293214615],[1.474568578877793,44.61323872135993],[1.474353319403649,44.61322764657183],[1.473884019754648,44.612915023257365],[1.473523048756767,44.6127452608401],[1.473348528700938,44.612719439452306],[1.472486831346531,44.612467120705716],[1.472109176668171,44.612122440454854],[1.471846095822108,44.611922510699195],[1.471773710632343,44.61180265371406],[1.47153221689145,44.61150397485755],[1.471079660846417,44.61122578714819],[1.470496093642695,44.6110376280878],[1.470051873931672,44.61091712594748],[1.469482623714117,44.61066612984586],[1.469026039028483,44.610490526334786],[1.467013538286078,44.610052937773226],[1.466279955179699,44.609866277073905],[1.465856467714955,44.609586670138164],[1.465492986593206,44.609371824943025],[1.465159027467009,44.60913757913086],[1.464862944886126,44.60890115711309],[1.464769658785458,44.6088089183247],[1.46471778164042,44.60872355765926],[1.464452139120693,44.60848035395622],[1.464351525093732,44.60842583089446],[1.463985865694681,44.608245166582776],[1.463719521898131,44.60816672931483],[1.463387904564299,44.608078379644105],[1.462597251374377,44.6079521296382],[1.462319799477807,44.6077726866973],[1.461795991086831,44.607475460460165],[1.461718772888091,44.60739514821618],[1.461672424598154,44.60724593277703],[1.461513080105085,44.60712665934616],[1.460906377921191,44.60640327372026],[1.460490611907122,44.60570415488297],[1.460326335228671,44.60493470357044],[1.460201752598243,44.604604312485506],[1.459953084825369,44.60411011560655],[1.459639989273252,44.6037599887072],[1.459337812579887,44.60337939867271],[1.459082673368527,44.602984156454774],[1.459059787268857,44.60289919736652],[1.459055599455134,44.60240660640304],[1.459071167515102,44.60225195037011],[1.459133817305147,44.60208084274902],[1.459140700802663,44.602013406856045],[1.459095107248382,44.601883109943394],[1.459095784030629,44.601766064147135],[1.459048316210441,44.601658251710084],[1.458972118082965,44.60154103437378],[1.458416409463096,44.600938102961216],[1.458271488984674,44.600799216680905],[1.458152440110331,44.60072822303234],[1.457882636300187,44.600455231317945],[1.457764888151465,44.600290611234186],[1.4573564222595,44.59988061927857],[1.457084176407088,44.59955896858211],[1.457001809322597,44.599437161632885],[1.456845135447136,44.5992674949162],[1.456652154165786,44.59913513872693],[1.456576066728086,44.599060241233445],[1.456513702755746,44.59885227255987],[1.45616184761043,44.5984466685586],[1.455983140404572,44.59820736011407],[1.455920536448307,44.5980543136567],[1.455800928956159,44.597635745896135],[1.455691780033099,44.59734158272729],[1.45546042867344,44.5969079465741],[1.455403094000252,44.596838712937135],[1.455371816764317,44.59673832868104],[1.455393683829523,44.59524933370093],[1.455371904183357,44.59494018406022],[1.455436251749926,44.59461513036711],[1.45550075810421,44.59446836266334],[1.455494182790129,44.594386332259155],[1.45541982264527,44.59415658539342],[1.455414285367268,44.59408267330916],[1.45547878826911,44.59388998404392],[1.455467420805007,44.593798882441696],[1.4554815641631,44.59365051038389],[1.455551726936579,44.59352723278056],[1.455498554258909,44.59321404288217],[1.45548280781388,44.59300672558705],[1.455989198553848,44.592138592531256],[1.456082939659752,44.5919364070522],[1.45610300957821,44.59180162419665],[1.456252679703751,44.591765897726674],[1.456301386345614,44.5917818854039],[1.456385978180035,44.59177586385279],[1.456831865116288,44.59155248468154],[1.456931145301207,44.59147013202314],[1.45693615506555,44.59142518090616],[1.456969171771809,44.59136981586051],[1.457011579925225,44.59110928585025],[1.457056527817681,44.5910783987874],[1.457081740401144,44.5910319289528],[1.457058074447877,44.59097577234],[1.456893886849156,44.59075917909917]]]}},{"type":"Feature","properties":{"CdOH":"05C0000002000885155","TopoOH":"","StatutOH":"Validé","SourceNomOH":""},"geometry":{"type":"MultiLineString","coordinates":[[[1.48,44.485155924378425],[1.479913160664151,44.48501512567276],[1.479755800580289,44.484599683766945],[1.479542275349637,44.48426180012958],[1.479389166565588,44.48406250672897],[1.479191799842698,44.48363840909213],[1.479059555905246,44.48350513044149],[1.478737996376605,44.48306941506283],[1.478574824648637,44.482636784313634],[1.47854316798344,44.482364434009995],[1.478548153486716,44.48227266443759],[1.478602187174201,44.48185383470642],[1.478669680608877,44.481542335417494],[1.478665531474325,44.481369406056615],[1.478580444295198,44.48111972857509],[1.478401800453982,44.48079492943509],[1.478114925491645,44.480426318807176],[1.478012060361024,44.48036997628629],[1.477686174675507,44.48028264362031],[1.477450877123029,44.48019385959056],[1.477216194463954,44.48]]]}},{"type":"Feature","properties":{"CdOH":"05C0000002000885208","TopoOH":"le Tirelire","StatutOH":"Validé","SourceNomOH":"IGN;BDCarthage"},"geometry":{"type":"MultiLineString","coordinates":[[[1.48,44.65673497479031],[1.479877658842064,44.656843247454795],[1.479601959925337,44.65700874101108],[1.479449609165248,44.65704446534369],[1.479329164349488,44.657300335394886],[1.479239644777404,44.65743867289216],[1.479029708347703,44.65769151144227],[1.47860809034837,44.65807470362293],[1.478508503153095,44.658212001704904],[1.478353949918507,44.65851602554016],[1.478327266331207,44.65861650781592],[1.478079693949882,44.65867433190652],[1.477920521526892,44.65872886963005],[1.477855134249391,44.65876758929637],[1.477793527041096,44.65885318385673],[1.477792311311976,44.658898189161285],[1.477824465346987,44.658968865992456],[1.477894575049882,44.65903556287825],[1.478089388495215,44.659156201019634],[1.478244521216703,44.65934472644561],[1.478318072230262,44.659470899489364],[1.478344113202688,44.65958111147592],[1.478398771815473,44.65970612415285],[1.478507079554058,44.65980666236567],[1.478645655368286,44.65990761674422],[1.478970396854338,44.66002913965666],[1.479602852303648,44.66043582877879],[1.479856877837467,44.66051315594754],[1.479936352787682,44.66060699343622],[1.48,44.660735402590184]]]}},{"type":"Feature","properties":{"CdOH":"05C0000002000885204","TopoOH":"le Rêt","StatutOH":"Validé","SourceNomOH":"IGN;BDCarthage"},"geometry":{"type":"MultiLineString","coordinates":[[[1.48,44.702025932503915],[1.479813944872621,44.701715254326174],[1.479771328589684,44.7016102163651],[1.479802595416141,44.701434156637966],[1.479794102607955,44.70137461001138],[1.479645945463934,44.700923248558865],[1.479600375395032,44.700647083653735],[1.479635935377261,44.70054582070533],[1.479651836904526,44.70042447777059],[1.479645486441976,44.70019207336622],[1.479678570552467,44.700088975513935],[1.479712079112497,44.69964281049904],[1.479775910321654,44.699616673495065],[1.48,44.69963981630508]],[[1.48,44.68063524502197],[1.479603065018572,44.68034735420607],[1.479564321249867,44.68028649190407],[1.479544430583469,44.68018176669877],[1.479568623298197,44.680080348531504],[1.479673294643141,44.6798962944528],[1.479846575858821,44.679741997136695],[1.48,44.67964278228533]],[[1.48,44.679417864643256],[1.479926941151027,44.67938292220689],[1.479655731998038,44.67914417969169],[1.479406700913956,44.67887872784649],[1.479253885849881,44.67874246123714],[1.478976734853417,44.67858377516712],[1.47855188469334,44.678426659537486],[1.478518503070802,44.67840098804274],[1.478427921433308,44.67825026833048],[1.478374962793857,44.678201816421755],[1.477956212294279,44.677959239862844],[1.477874724964573,44.677892386361776],[1.477813331835602,44.677735764508014],[1.477782049203074,44.677539036722614],[1.477663963520034,44.67733211031524],[1.477511403598869,44.677140017062264],[1.477220931205266,44.67686768691211],[1.477024394761636,44.67662186142018],[1.476951866759016,44.67650380507094],[1.476709922199219,44.676210530772735],[1.476659190250848,44.67598652156665],[1.476578758228718,44.67583413919013],[1.476483051146189,44.67559330267108],[1.476405966474001,44.67545717430442],[1.476270999341807,44.67531484614935],[1.475849663806374,44.675029004427536],[1.475732092040245,44.67489682012702],[1.475712483259005,44.674735370071524],[1.475715649358648,44.67461835564108],[1.475780735308489,44.67417173036881],[1.47576912890264,44.67404100577364],[1.47573398318344,44.67398739529237],[1.475465359889234,44.673794600769945],[1.475205525302104,44.673556904385514]]]}},{"type":"Feature","properties":{"CdOH":"05C0000002000885225","TopoOH":"Ruisseau de Bellefont","StatutOH":"Validé","SourceNomOH":"IGN"},"geometry":{"type":"MultiLineString","coordinates":[[[1.467156490971379,44.49000944809492],[1.467264195928008,44.48988759260778],[1.467311669465577,44.48976039815608],[1.467275974267788,44.48959243119662],[1.467131744538832,44.489391442551025]],[[1.467156490971379,44.49000944809492],[1.467060113527322,44.48989916249103],[1.467019682536795,44.48972032503246],[1.466902614518554,44.48958454103927],[1.467131744538832,44.489391442551025]],[[1.467131744538832,44.489391442551025],[1.467018595312191,44.489157571604416],[1.467054227601894,44.48891046203419],[1.466955374151395,44.48865968250553],[1.466875369066561,44.488548723954175],[1.466701846337494,44.48840765311632],[1.466503264614173,44.48812397340134],[1.466479596132704,44.48802280165578],[1.466469759723174,44.48773634378687],[1.466495736937207,44.48761335281537],[1.466651948827375,44.48746516110821],[1.46672328599006,44.48733919919728],[1.466797272069607,44.48706921320043],[1.466859148172769,44.48696742998203],[1.466982069408748,44.486423508192736],[1.467020653703107,44.48588201572286],[1.467014745565717,44.485728869018395],[1.46710477958096,44.48546991067042],[1.467133952353799,44.48532175348604],[1.467256624328495,44.48497231036735],[1.467315665533492,44.48488219256254],[1.467656573129769,44.48478698759691],[1.467821953745927,44.484671335609654],[1.467962079971551,44.484605753808474],[1.468079868316543,44.48452905700602],[1.468146524341031,44.48443634343371],[1.46813545119179,44.48433444679075],[1.468156762183025,44.48429062422251],[1.468153270009854,44.48423385183689],[1.468311696560434,44.48386419573599],[1.468387495788246,44.48385174276077],[1.468511595055126,44.48386697183413],[1.468714837067189,44.4838391811157],[1.468803696045917,44.48380890161285],[1.469020506046009,44.48365164418884],[1.469082889854298,44.48362369807221],[1.469427621503503,44.48357265946087],[1.469570330684329,44.483504410423215],[1.469744504124159,44.48338887774269],[1.469833785872262,44.48329647719572],[1.469870089189822,44.483116905238035],[1.469926049503908,44.48304745214507],[1.469967854012227,44.48303632721661],[1.470084335595776,44.483054149983374],[1.470141080378911,44.483048634517345],[1.470185789017658,44.483023143743104],[1.470251094637837,44.48288719215246],[1.470283117201384,44.48258691008799],[1.470376932803084,44.48241984068948],[1.470361719105848,44.48233139264628],[1.470273515493195,44.48224463331513],[1.470172204375284,44.482177500398066],[1.470152293823361,44.482123201530314],[1.47016282368158,44.482059420780644],[1.470207273076275,44.481997010936645],[1.47032751858596,44.48192214677836],[1.470356467473779,44.48187482829863],[1.470324198733722,44.481719515764986],[1.470260101666746,44.481624987406654],[1.470336978565963,44.481526111858024],[1.470358432931817,44.48147688867971],[1.470354719511244,44.48142821678937],[1.470331978069737,44.481385583611285],[1.470275000839304,44.48135328007059],[1.470171961789957,44.48135004998805],[1.470147427432244,44.48132720020357],[1.470240281894172,44.48124205204556],[1.470264542861422,44.481182063295215],[1.470256166260824,44.481119821060965],[1.470208817677017,44.48105703821847],[1.470140696922217,44.48101827738332],[1.469909808210911,44.48104568696067],[1.469861388042436,44.48102250570284],[1.469761498070179,44.480763611745004],[1.469582364231027,44.48059815763243],[1.469542427832691,44.48058679887188],[1.469432202742011,44.48061678231246],[1.469373311607393,44.480608761924195],[1.469320009667638,44.48058011040349],[1.469290739867712,44.48054639016987],[1.469299428302015,44.48050419303296],[1.46937214396732,44.480419666479804],[1.469382113839067,44.480376586748434],[1.469354393718416,44.480332083515506],[1.469235316493543,44.480271005779066],[1.469131784774826,44.48010029769114],[1.469050934342674,44.48002084248512],[1.4690485921961922,44.48]],[[1.477608661612037,44.51024355906714],[1.47726780162726,44.51014521515934],[1.476922234914476,44.50994145993334],[1.476701738826736,44.509859181896765],[1.476599840838706,44.50976503516767],[1.476492135315449,44.509699620536466],[1.475781502561022,44.509455705117055],[1.475540875171174,44.50946678687926],[1.475295872337906,44.50945349720033],[1.475003335146983,44.50947646585952],[1.474734883186746,44.509353003578326],[1.474659537151541,44.509347460024784],[1.474578916948808,44.50935084737447],[1.474250207689452,44.509455249181286],[1.474114195734825,44.50945967097166],[1.473979399310692,44.509419090033916],[1.473900146897666,44.50932525396347],[1.473852109320561,44.509147213194254],[1.473494514233139,44.50878391212676],[1.473458257506911,44.50877530700557],[1.473326402682247,44.50881219926371],[1.473121819366874,44.508653601238755],[1.472976525496608,44.50862908075219],[1.472879757050098,44.50857822010764],[1.472829363420259,44.508487483856435],[1.472674575011651,44.50839530249479],[1.472456515569928,44.50813027096415],[1.472382607206468,44.50807162288746],[1.472248277759101,44.50801393890294],[1.472208085908688,44.50796476144672],[1.472131832269863,44.50776021798968],[1.472067499950461,44.50771971005362],[1.472005050347057,44.50770263822146],[1.471881546952058,44.50770993159584],[1.471689654376092,44.50764064498765],[1.471617678604539,44.50760363245586],[1.471534099378651,44.50753044363719],[1.471516036649286,44.507500480622994],[1.471496254504883,44.50734804112269],[1.471459788318799,44.507300715781675],[1.471394637582297,44.50724398913934],[1.471140420222209,44.50715312913195],[1.471078671064848,44.507017215364115],[1.470922820136431,44.50682507380964],[1.470472250620017,44.50650459320425],[1.470277273011048,44.5064100504861],[1.470028462267058,44.506166197028385],[1.469966331852479,44.50613742341565],[1.469882162164319,44.506132654561085],[1.469819909981904,44.50610838111148],[1.469696770933482,44.50600943136568],[1.469626007502763,44.50597423510353],[1.469366207036977,44.50590400239774],[1.469263255481683,44.5058494512],[1.469180768909666,44.50578257844491],[1.469379538224661,44.50555123562481],[1.469418742482801,44.5054509361817],[1.469409773994714,44.50531755449639],[1.46937643582958,44.50524776218961],[1.469188090584964,44.50504796426512],[1.469072825088201,44.504797858088],[1.46896363284994,44.504648679396674],[1.468954888369168,44.50459993716136],[1.46896310351116,44.50452892061878],[1.469059986933648,44.504342984665826],[1.469024928954324,44.5039652362148],[1.469070445470313,44.5038641241794],[1.469139247838266,44.50378584491165],[1.469173971137311,44.503711594666385],[1.469174970925708,44.50367469270033],[1.469085411913421,44.50345105454203],[1.469093542967169,44.50310451869658],[1.468964837957372,44.50283981987763],[1.468968450708276,44.50279935264399],[1.468995885522693,44.50276191716733],[1.469090828890412,44.50269390500379],[1.469109264996631,44.5026635477156],[1.469028939786905,44.50247065083649],[1.46882628017106,44.50219592171164],[1.468704075385884,44.50197002945153],[1.468688663907392,44.50188878081335],[1.468656770630201,44.50185862537828],[1.46857331484758,44.50182775416727],[1.468551555826701,44.50179503822506],[1.46848444420809,44.501578914380616],[1.468345627099471,44.50145543508142],[1.46824418409718,44.50129916027898],[1.468221973033867,44.50123672527259],[1.468156637336814,44.501187197238984],[1.468022157751242,44.5011358086059],[1.467935197371863,44.50100224427791],[1.467900824033017,44.50083159403825],[1.467978523429273,44.50065709794519],[1.467912308482795,44.50054723173449],[1.467777133013946,44.50038238457037],[1.467752002948433,44.50019565576518],[1.467728559684229,44.50013230317518],[1.467577670774897,44.49985108782261],[1.467257606394137,44.499035394273704],[1.467176193608543,44.498790258749956],[1.46711092255632,44.49869211021239],[1.466930750704714,44.49851673254376],[1.466860254851336,44.49842571432578],[1.466852990470959,44.49836888912207],[1.46676642813573,44.498128183681644],[1.466755770255533,44.497918245917354],[1.466778308742229,44.49773668149329],[1.466773303312721,44.49764297193003],[1.466625453730486,44.49734288958625],[1.466344262154137,44.49685727486274],[1.466276957745018,44.496602430729304],[1.466267546705441,44.49643933033799],[1.466331805456536,44.49606476360587],[1.466376466433307,44.49590241504005],[1.466621692161525,44.495395306556766],[1.466828822803653,44.495086652964574],[1.466961016063905,44.494943528527024],[1.467130637803161,44.494255291833696],[1.467172620901009,44.49395964921872],[1.46719422672242,44.49334858947211],[1.467167710197832,44.49321316357345],[1.467114177484752,44.49309987179866],[1.466893285368337,44.49289601647527],[1.466688546761487,44.4925141095018],[1.466670235210494,44.49244722664032],[1.466776311180239,44.491921977463456],[1.466849546081131,44.49167989222676],[1.466859165885928,44.49160349345352],[1.466820443521332,44.4913616528013],[1.466920546469322,44.49110283379959],[1.467243324490245,44.490471650187736],[1.467257387192684,44.49041692232966],[1.467249830522616,44.490370897855726],[1.46721308591841,44.490334371962945],[1.46698329295876,44.4902735538978],[1.466955057166197,44.490247950760256],[1.466966361220827,44.49020218841444],[1.467156490971379,44.49000944809492]],[[1.48,44.5108040109768],[1.479518873193876,44.51079932666542],[1.479452547561272,44.510785807237696],[1.479268230654849,44.510714837617435],[1.478883678131531,44.510650111249724],[1.477608661612037,44.51024355906714]],[[1.48,44.51122199396907],[1.478640534719093,44.511034825742335],[1.478503509132676,44.51093659489381],[1.478379358652931,44.510734096538485],[1.478330379012432,44.51068389977846],[1.478222451538682,44.510626587284236],[1.478104361776095,44.51061955618333],[1.477720715113718,44.51042788366165],[1.477639930473392,44.510343933459446],[1.477608661612037,44.51024355906714]],[[1.477816331075024,44.53877625530171],[1.477982194751626,44.538554343292134],[1.478334457137475,44.5382359569416],[1.479181610156803,44.53753811846435],[1.479423163712923,44.53731004411727],[1.48,44.53616452609935]],[[1.48,44.530839334284025],[1.479864136514465,44.530702713015145],[1.478982872662351,44.530007173016706],[1.478654777005266,44.52966410294906],[1.478462742118472,44.52936342538739],[1.478267276922668,44.52900327420667],[1.478339662561792,44.528372195753235],[1.478400563683155,44.52798046377178],[1.478456156427312,44.52773902434524],[1.478560818398596,44.52749826135658],[1.47868116460281,44.52714246417525],[1.478937183855114,44.52660935865773],[1.479049053571774,44.52633447978908],[1.47916080936772,44.525876819589556],[1.479413700029362,44.52527253928822],[1.479502090804043,44.5251215908071],[1.479899269039618,44.52462734450398],[1.48,44.52454859819948]]]}},{"type":"Feature","properties":{"CdOH":"05C0000002000885177","TopoOH":"","StatutOH":"Validé","SourceNomOH":""},"geometry":{"type":"MultiLineString","coordinates":[[[1.474133005261207,44.602454637767785],[1.47369364789903,44.602296399264866],[1.473460384966631,44.60225355878919],[1.472932039345863,44.60226336727344],[1.472814221438898,44.602239228627624],[1.472709757763554,44.60218736133294],[1.472632433776818,44.60211065722248],[1.472585052384105,44.60190560657406],[1.472571119159315,44.601768549868964],[1.472473117362645,44.60161772525522],[1.472457485885721,44.60149685266468],[1.47240459544294,44.601355655766184],[1.47238066614511,44.601308503052955],[1.472265727065973,44.60117815383086],[1.472276625847791,44.601054946728354],[1.472344468596409,44.600876700691735],[1.47247442485011,44.600731728402216],[1.472548809441241,44.6005445684889],[1.472646057786222,44.60039734309394],[1.472656411930875,44.600340759656],[1.472630092582587,44.60024224996447],[1.472653654165078,44.600163338543666],[1.472925881354485,44.59979072468661],[1.472994259318932,44.59973224178184],[1.473170838121586,44.599494269255885],[1.473294173386439,44.59936091014558],[1.473221833021302,44.59886738053226],[1.473026243570387,44.59859725307451],[1.47300759542277,44.59761013456813],[1.472722547791416,44.59701371871289],[1.472152967386682,44.596035192018434],[1.471248473967193,44.5949070618456],[1.470858581119705,44.59422815299742],[1.470764369752967,44.59398463632424],[1.470775911088794,44.59393077088593],[1.470766152873941,44.593407492186]]]}}]}
